date	sha	host_load	workload	mine	ref	ratio	note
2026-08-29	80cc6ac+cont	7.2	fib10	228.6	153.8	1.49	Cont-as-data rewrite vs HEAD; medians of 3 vs 4, alternating A/B, jmh -wi2 -w1 -i3 -r1 -f1, busy host
2026-08-29	80cc6ac+cont	7.2	fib50	1500.0	1013.7	1.48	same session
2026-08-29	80cc6ac+cont	7.2	fib100	2327.8	1440.7	1.62	same session
2026-08-29	80cc6ac+cont	7.2	fib1000	36536.1	28958.5	1.26	same session; ±13-24us error bars, ratio noisy
2026-08-29	80cc6ac+cont+loopmemo	1.8	fib10	206.9	226.3	0.91	loop stepper memoized (lazy val), KEPT; medians of 3, alternating A/B, quiet host
2026-08-29	80cc6ac+cont+loopmemo	1.8	fib50	1198.2	1337.5	0.90	same session
2026-08-29	80cc6ac+cont+loopmemo	1.8	fib100	2022.1	2223.5	0.91	same session
2026-08-29	80cc6ac+cont+loopmemo	1.8	fib1000	31955	33512	0.95	same session
2026-08-29	80cc6ac+cont+mapnode	2.0	fib10	171.8	204.9	0.84	Map node in Cont, REVERTED; medians of 3, alternating A/B vs loopmemo
2026-08-29	80cc6ac+cont+mapnode	2.0	fib50	1297.4	1258.9	1.03	REVERTED
2026-08-29	80cc6ac+cont+mapnode	2.0	fib100	2411.8	1979.2	1.22	REVERTED: consistent 3/3 regression despite strictly less work per element - JIT inlining shape of the 10-case interpreter; do not retry without perfasm evidence
2026-08-29	80cc6ac+cont+mapnode	2.0	fib1000	27182	32339	0.84	REVERTED with the rest; mixed result, geomean -3% not worth doubling the interpreter
2026-08-29	94dd9dc+staged	5.9	staged-cont24	231.8	145.3	1.60	staged-tagless: 24-step inline chain, Cont (interpreted tree) vs Func (inline-PE closures); medians of 3, busy host; func won 3/3
2026-08-29	94dd9dc+staged	5.9	staged-func24	145.3	145.3	1.00	the staged Func carrier is the reference here
2026-08-29	0ac312c+stagedeff	4.0	eff-runIn-Func24	458.8	429.0	1.07	REFUTED as staging: runtime-composed closures vs Cont's flat tailrec walk, func slower 3/3; quieter-session medians
2026-08-29	0ac312c+stagedeff	6.0	eff-inline24	263.3	499.6	0.53	CONFIRMED: inline handler-passing over Control (compile-time PE) vs Free+foldIn[Cont]; won 3/3, noisy host, ordering never inverted
2026-08-29	0ac312c+inlinepass	5.7	fib10	235.1	-	-	single informal sanity run after the library-wide inline pass (generate/loop/toEff/reify/runners/Eff ops inlined); no regression vs recent busy-host sessions, fib50 1296 improved
2026-08-29	compare-10k-binds	8.0	kyoChain	57.0	87.0	0.66	CompareBenchmark: 10k-bind chain incl. construction; 2 rounds, busy host; ref = okayCont; kyo error bars huge but lowest consistently
2026-08-29	compare-10k-binds	8.0	okayCont	87.0	87.0	1.00	reference lane; beats cats.Eval 1.6x
2026-08-29	compare-10k-binds	8.0	catsFree	136.0	87.0	1.56	noisy (108-165 across rounds)
2026-08-29	compare-10k-binds	8.0	catsEval	142.0	87.0	1.63	
2026-08-29	compare-10k-binds	8.0	catsIO	150.0	87.0	1.72	
2026-08-29	compare-10k-binds	8.0	okayFree	158.0	87.0	1.82	full effects path (Free->Cont->walk + comonadic handler); ~parity with IO, beats ZIO and atnos-eff
2026-08-29	compare-10k-binds	8.0	zioChain	183.0	87.0	2.10	
2026-08-29	compare-10k-binds	8.0	atnosEff	300.0	87.0	3.45	noisy (259-342); the direct extensible-effects competitor
2026-08-29	fuse128	7.0	fib10	175.6	245.0	0.72	Experiment A KEPT: closure fusion with depth budget 128 in Cont flatMap/map; B/op 2560->2080; medians of 3 alternating rounds
2026-08-29	fuse128	7.0	fib50	967.1	1202.1	0.80	same session
2026-08-29	fuse128	7.0	fib100	2214.6	2330.2	0.95	same session, won 3/3
2026-08-29	fuse128	7.0	fib1000	28314	31612	0.90	same session; geomean fib10/50/100 -18%, no regressions -> KEEP; est. remaining gap to HEAD encoding ~1.1x
2026-08-29	compare-postfuse	4.0	okayCont	87.0	87.0	1.00	re-run after fuse128: unchanged as predicted (Pure-seeded Bind path untouched, and the new flatMap match added no cost); ranking stable: kyo 58 < okayCont 87 < cats cluster ~149 (Free/Eval/IO) ~ okayFree 155 < ZIO ~200 < atnos ~290
2026-08-29	gen-compare	4.0	okayProducer	18.9	10.7	1.77	GeneratorBenchmark: 1000 fibs by unfold; ref = stdIterator; okay effectful generator 1.8x from the bare-iterator floor, 8.6x ahead of ZStream, 13x ahead of fs2 (their worst case: per-element unfold, both are chunk-oriented)
2026-08-29	gen-compare	4.0	okayLazyList	34.8	10.7	3.25	LazyList sync-lazy cons costs; slower than the Producer path
2026-08-29	gen-compare	4.0	zioStream	163.0	10.7	15.2	singleton-element worst case
2026-08-29	gen-compare	4.0	fs2Stream	249.0	10.7	23.3	singleton-element worst case
2026-08-29	gen-compare	4.0	kyoStream	63.1	10.7	5.90	kyo 0.16.2 Stream(Loop+Emit.value(Chunk(a))).take.runFold.eval, idiomatic per-element form; okayProducer beats it 3.5x here, the mirror of the bind-chain bench where kyo led
2026-08-29	runwith-direct	4.5	okayFree	93.0	157.7	0.59	KEPT: Free overrides runWith with a single tailrec loop (one pass instead of Free->Cont->walk); okayCont control unchanged (86->83); effects lane now 8% over the bare paramonad and second only to kyo in the ecosystem table
2026-08-29	ecosystem-final	4.0	okayFree-binds	94.5	57.8	1.63	full-table re-run post runwith-direct; ref = kyo; binds: kyo 57.8 < okayCont 88.9 < okayFree 94.5 < catsFree ~129 < catsEval 136 < catsIO 153 < ZIO 181 < atnos 260; generators: stdLazy 13.5 ~ Iterator ~12 < okayProducer 18.4 < okayLazy 35 < kyo 61 < ZIO 172 < fs2 245
2026-08-29	laziness	4.0	okayBuild	13.8	94.5	0.15	LazinessBenchmark: building the 10k chain WITHOUT running; ref = own full build+run lane; construction is 15% of the work under the lazy contract
2026-08-29	laziness	4.0	catsIOBuild	26.9	152.9	0.18	lazy club: IO construction is also cheap
2026-08-29	laziness	4.0	kyoBuild	58.5	57.8	1.01	eager: building IS the whole computation (101% of the full lane) - the bind-chain "win" is front-loaded; TestLaziness also shows 513 loop iterations executed at construction, exceptions at build, effects once-at-build
2026-08-29	handler-bench	4.0	relayForward	188.6	274.4	0.69	HandlerBenchmark: 10k ops, 1% handled, rest forwarded; relay 1.45x faster than Effects.handle on forwarding - the documented guidance now has a number
2026-08-29	handler-bench	4.0	stepOneByOne	198.0	183.0	1.08	stepping 10k ops one next(1) at a time vs next(10k): only ~8% overhead, LINEAR - the reflection-without-remorse pathology does not manifest; type-aligned queue verdict: unneeded, with evidence
2026-08-29	handler-bench	4.0	statePara	32.3	19.0	1.70	PState (ATM-cont state) vs the State effect handler on 1000 get/set: effect handler 1.7x faster; PState stays the typed-protocol layer, now with a quantified price
2026-08-29	a629036	7.86	cmpReader-okay	110.3			full 2f 3+5, us/op; std-effects compare
2026-08-29	a629036	7.86	cmpReader-catsKleisli	350.0			full 2f 3+5, us/op; std-effects compare
2026-08-29	a629036	7.86	cmpReader-zio	239.5			full 2f 3+5, us/op; std-effects compare
2026-08-29	a629036	7.86	cmpReader-atnos	1737			full 2f 3+5, us/op; std-effects compare
2026-08-29	a629036	7.86	cmpReader-kyoEnv	362756			full 2f 3+5, us/op; std-effects compare
2026-08-29	a629036	7.86	cmpWriter-okay	285.5			full 2f 3+5, us/op; std-effects compare
2026-08-29	a629036	7.86	cmpWriter-catsWriterT	1127			full 2f 3+5, us/op; std-effects compare
2026-08-29	a629036	7.86	cmpWriter-atnos	3202			full 2f 3+5, us/op; std-effects compare
2026-08-29	a629036	7.86	cmpWriter-kyoEmit	386322			full 2f 3+5, us/op; std-effects compare
2026-08-29	a629036	7.86	cmpChoice-stdList	579.8			full 2f 3+5, us/op; std-effects compare
2026-08-29	a629036	7.86	cmpChoice-okay	1602.7			full 2f 3+5, us/op; std-effects compare
2026-08-29	a629036	7.86	cmpChoice-kyo	3833.6			full 2f 3+5, us/op; std-effects compare
2026-08-29	a629036	7.86	cmpChoice-atnos	5391.6			full 2f 3+5, us/op; std-effects compare
2026-08-29	a629036	7.86	cmpAsync-rawLoom	21.2			full 2f 3+5, us/op; std-effects compare
2026-08-29	a629036	7.86	cmpAsync-kyo	25.2			full 2f 3+5, us/op; std-effects compare
2026-08-29	a629036	7.86	cmpAsync-okaySpawn	29.4			full 2f 3+5, us/op; std-effects compare
2026-08-29	a629036	7.86	cmpAsync-zio	50.0			full 2f 3+5, us/op; std-effects compare
2026-08-29	a629036	7.86	cmpAsync-catsIOPar	139.9			full 2f 3+5, us/op; std-effects compare
2026-08-30	a4e7ac7	6.14	cmpStreamOps-stdIterator	14.0			full 2f 3+5, us/op; streams/merge/resource compare
2026-08-30	a4e7ac7	6.14	cmpStreamOps-okayProducer	143.4			full 2f 3+5, us/op; streams/merge/resource compare
2026-08-30	a4e7ac7	6.14	cmpStreamOps-okayLazyList	145.1			full 2f 3+5, us/op; streams/merge/resource compare
2026-08-30	a4e7ac7	6.14	cmpStreamOps-kyo	238.7			full 2f 3+5, us/op; streams/merge/resource compare
2026-08-30	a4e7ac7	6.14	cmpStreamOps-zio	691.8			full 2f 3+5, us/op; streams/merge/resource compare
2026-08-30	a4e7ac7	6.14	cmpStreamOps-fs2	1409.9			full 2f 3+5, us/op; streams/merge/resource compare
2026-08-30	a4e7ac7	6.14	cmpMerge-zio	44.9			full 2f 3+5, us/op; streams/merge/resource compare
2026-08-30	a4e7ac7	6.14	cmpMerge-okayChannel	158.0			full 2f 3+5, us/op; streams/merge/resource compare
2026-08-30	a4e7ac7	6.14	cmpMerge-fs2	9030.9			full 2f 3+5, us/op; streams/merge/resource compare
2026-08-30	a4e7ac7	6.14	cmpResource-okayResource	18.7			full 2f 3+5, us/op; streams/merge/resource compare
2026-08-30	a4e7ac7	6.14	cmpResource-okayBracket	26.3			full 2f 3+5, us/op; streams/merge/resource compare
2026-08-30	a4e7ac7	6.14	cmpResource-zio	105.5			full 2f 3+5, us/op; streams/merge/resource compare
2026-08-30	a4e7ac7	6.14	cmpResource-catsIO	197.0			full 2f 3+5, us/op; streams/merge/resource compare
2026-08-30	a4e7ac7	6.14	cmpResource-kyo	8566.3			full 2f 3+5, us/op; streams/merge/resource compare
2026-08-30	a4e7ac7	16.21	abMergeFeed	inconclusive			A/B feed-via-uncons vs toLazyList.foreach: A med 164.8 B med 187.3, but round2/3 err bars 50-90% of score (noisy host); only clean round: A 142±12 vs B 112±12 (-22%). Inconclusive under load; kept B (zero carrying cost, no cell allocs in feed)
2026-08-30	db6cb62	8.80	abChunkedChannel	refuted			chunked queue (64/feed batch): NEW worse in all 3 rounds (med 150 vs 122), buf copy + sync eat the win; zio merge advantage is WHOLE-PIPELINE chunking, not queue batching. REVERTED
2026-08-30	db6cb62	8.80	abProducerIterator	96.3->53.5			specialized trait-method iterator (direct tree walk, no Option/tuple per element) vs generic unfold: -44%, tight bars, KEPT. Pipeline lane 143 (LazyList mode) -> 53 (iterator mode); floor stdIterator 14; remaining gap = Free-node stepping per element
2026-08-30	0eb6131		cmpStreamOps-okayChunks	23.4			chunked generator (64): 1.7x from Iterator floor 13.9; was 143 LazyList / 53 iterator
2026-08-30	0eb6131		cmpMerge-okayChunks	14.7			3.2x FASTER than zio 47.3; was 158 elementwise. Chunking in the stream value, as the spec decided
2026-08-30	524556a	4.62	cmpStreamOps-okayChunksTransform	16.9			chunk-in/chunk-out transformer pipeline: -28% vs elements view 23.6; 1.2x from Iterator floor 14.1. KEPT
2026-08-30	113616e	8.11	cmpBinds-okayEager	5.1			f1; pure 10k bind chain: okayEager 5.1 vs kyoChain 50.4 vs okayFree 102 (same session); the kyo trick opt-in as Effects[Eager], 10x under kyo
2026-08-30	HEAD		stagedPipeline-fold	1.61			inline whole-stage: range->map->filter->take(1000)->sum fused into one while; stdIterator 19.3 (same run), interpretedTree 15.9 — 12x UNDER the Iterator floor, box closed
2026-08-30	ed0e958	2.4	textLex-elementwise	42.6			2.5KB JSON doc, Scan.all; the chunked path at 64 = 55.6, at 512 = 52.6, at 8 = 70.5 -> per-chunk overhead flattens by 512 yet 23% remains = PER-CHARACTER boxing (Chunk[A] is ArraySeq over Array[AnyRef]; elementwise reads charAt). Specialized char chunks are the stated fix; chunked lexing's value meanwhile is streaming/constant memory, not speed
2026-08-30	ed0e958	2.4	textParse-full	85.1			50-member JSON doc, Parse.full with builder snapshots
2026-08-30	ed0e958	2.4	textParse-reparseIncremental	38.0			one-member length-preserving edit: 2.2x under the full parse. Below the theoretical O(damage) win because relex dominates and the prefix/suffix token scans are O(tokens) - next lever if incremental parsing gets a real workload
2026-08-30	ed0e958	2.4	textCodec-okayJsonWrite	0.63			vs circeWrite 0.42 (1.5x) - the encode side is a plain Schema fold, competitive
2026-08-30	ed0e958	2.4	textCodec-okayJsonRead	10.3			vs circeRead 0.62 (16x) - the TOTALITY tax: chars -> total scanner -> total driver -> lossless CST -> projection -> Schema fold, where circe parses straight to its AST. Buys damage-as-data and truncated-decodes
2026-08-30	ed0e958	2.4	textCodec-okayCborRead	0.81			vs circe JSON read 0.62 - 1.3x a hand-tuned parser; okayCborWrite 0.418 TIES circeWrite 0.422. Without the lossless-CST contract we are right there
2026-08-30	ed0e958	2.4	textBpe-scan	300			~3.3KB corpus; naive rank scan is quadratic per word - fine for v1, the obvious lever if BPE gets hot
2026-08-30	ed0e958	2.4	asyncDrive-runWith10k	241			parking handler, 10k ops
2026-08-30	ed0e958	2.4	asyncDrive-runAsync10k	289			the universal callback drive (what JS uses) costs +20% over parking on the JVM - one atomic exchange per Await, nothing per Run
2026-08-31	d9c710a	39	delim-generator	86.0			1000 emits, a generator defined in USER code over Delim (prompt + shift) vs the native Writer 22.6 — 3.8x the price of universality; plainList floor 4.9, delimPushOnly (a delimiter per step, nothing captured) 25.4 ~= Writer. So a delimiter is about as cheap as an operation; what costs is CAPTURING and re-invoking the continuation, which is honest
2026-08-31	d9c710a	39	delim-tailcall-fix	SOE->86.0			BUG FOUND BY BENCHING: the machine was split into loop/onOp and mutual recursion is not tail-optimised, so every operation cost frames and 1000 nested captures threw StackOverflowError. Merged into ONE @tailrec loop with a step function answering Either[done, (next, kont)]; only a FOREIGN op now suspends under a closure (the State.handle shape). Also -20% on delimPushOnly (33.8 -> 25.4)
2026-08-31	9c20bb4	3.8	textLex-chunkedChars	50.7			REFUTES the earlier explanation. Chunks.ofChars (unboxed Array[Char] storage) took 55.2->52.2 (-5%) and reading the primitive array directly in Scan.chunks took it to 50.7 (-3% more): 8% total, where the stated gap to elementwise (42.8) was 23%. So per-character BOXING is NOT the cause, as docs/benchmarks.md claimed from the chunk-size probe; the residual is per-CHUNK bookkeeping (a Vector.newBuilder and a token-chunk allocation and a Free node per input chunk, ~40 of each for this document) against one builder and no chunk machinery on the element-wise path. Both improvements KEPT (real, small); the explanation corrected
2026-08-31	eb4d7c2	5.6	rag-index	644			8.5KB Scala parsed + symbol-indexed = 13.2 MB/s warm; the 6.3KB Python twin 449 = 14.0 MB/s (indent driver is not slower than the brace one). Cold over the real tree (IndexReport, 201 files / 898KB, file I/O + no JIT) 1.2 MB/s in 744ms — the gap is warmup and I/O, not algorithm
2026-08-31	eb4d7c2	5.6	rag-reindex	110	400	3.6	one character changed in an 8.5KB file: incremental reparse 110 vs full 400. Same caveat as the JSON lane — below pure O(damage) because the relex dominates and the prefix/suffix token scans are O(tokens)
2026-08-31	eb4d7c2	5.6	rag-chunking	684	309	2.2	structural (parsed) chunking costs 2.2x a sliding window — DELIBERATELY the slower number, so the comparison is made on quality instead: at matched chunk counts (12 vs 11) structural returns 24/24 definitions whole, windows 17/24 (71%). Asserted, not asserted-in-prose, by TestChunkQuality. The window split is not a straw man: exact, on token spans, reassembles byte-for-byte at overlap 0
2026-08-31	eb4d7c2	5.6	rag-retrieve-symbols	0.554	49.4	91	BUG FOUND BY BENCHING: Retrieve.symbols built a Segment (a source substring) for EVERY definition matching the query and then took k. On a corpus where a common name has hundreds of definitions that was essentially all its cost. Switched the pipeline to an Iterator so only the k returned segments are cut: 49.4 -> 0.554us, 91x. Keyword (BM25) 12.4, hybrid fused 17.9, hybrid+assemble 16.7
2026-08-31	9114118	9.2	rag-embedding-boxing	1.04	11.70	11.3	Embedding was Vector[Float] — a generic trie over Array[AnyRef], so a 1536-dim provider vector was 1536 boxed java.lang.Float. One cosine at 1536: Vector 11.70, ArraySeq[Float] 1.043, ArraySeq.ofFloat 1.035, Array[Float] 1.034. The three unboxed forms are indistinguishable (the JIT devirtualizes the generic apply), so the fix was ONE TYPE ALIAS plus three construction sites, no test moved. Corpus scan of 2000 segments 21495 -> 2065 (10.4x). Through the real MemoryStore with topK and Scored records, 240 segments at 1536 dim = 347us
2026-08-31	9114118	9.2	boxing-two-results	na	na	na	NOT a contradiction with textLex-chunkedChars (8% where 23% predicted). A scoring loop reads three components per iteration and does nothing else, so per-element cost IS the cost; a lexer does real work per character and boxing disappears into it. Neither result generalizes — which is why both experiments are kept
2026-08-31	9584686	na	rag-persist-float32	52635	114000	2.17	SIZE, not time. Persist carried the vector as List[Double]: boxed twice (out and back), widened to 64 bits it did not use, and nine CBOR bytes per component (0xFB + 8) where four will do. Root cause was a MISSING PRIMITIVE, not a workaround — Schema had no bytes case, though CBOR has a first-class byte string (major 2) and JSON has none, so any binary payload had to be smuggled through something else. Added Schema.SBytes across all three interpreters (Cbor major 2, Json base64 via a hand-rolled RFC 4648, ToolSpec contentEncoding). Measured on a real index of 8 segments x 1536 dims: 52,635 bytes vs ~114,000. Precision unchanged and exact both ways
2026-08-31	d802e07	6.0	chunk-build-untagged	306.6	64.4	4.8	REFUTED: removing the casts in Chunks costs 5x. ArraySeq.untagged.newBuilder[A] needs no ClassTag AND answers a typed ArraySeq[A] (backed by Object[], verified), so the asInstanceOf in Chunks.wrap CAN be deleted — it is not a language limitation. Measured per 64-element chunk: array-fill-then-cast 64.4±0.3ns, untagged builder 306.6±78ns; the half-full case (what fromIterator does at the end of a source) 37.8±0.2 vs 157.8±40. At ~16 chunks per 1000 elements that is ~4us on the 16.9us chunked stream lane, about 23%. ALSO: typedArray (a ClassTag'd Array[String], which the generic producers cannot have) is 69.1±3.9 — the SAME as the cast version, so the cast itself costs nothing at runtime. It buys the absence of a ClassTag in every producer's signature, for free
2026-08-31	2b53d20	7.0	chunk-consolidate-opaque	16.891	16.9	1.00	The 28 casts in the chunk-building family became 3, all in ChunkBuf.scala, at NO measured cost: okayChunksTransform 16.891±0.519us against the 16.9 recorded before, okayChunks 22.9 against 23.6. The consolidation is an OPAQUE TYPE over the same Array[AnyRef] the producers were allocating by hand, so it erases to exactly that — no object, no indirection. A real class was 2x (161 vs 78 per chunk) because escape analysis does not remove it; ArraySeq.untagged.newBuilder, which needs no casts at all, was 5x
2026-08-31	d055206	7.0	chunk-classtag-reach	na	na	na	NOT a speed question: a ClassTag'd Array[String] is 65.7ns against the cast version's 76.7 — the same. Tried threading ClassTag through instead of casting, and it widens in three waves: (1) the leaf builders generate/fromIterator/rechunk/mapChunk/filterChunk/Pipe.chunked, (2) the public combinators they back — Chunks.map, .filter, nats, fibs — so every user's generic function over Chunks[A] needs the evidence, (3) Pipeline.chunks, where it STOPS: the reified operator tree has existential intermediates (case Mapped[A, B](src: Pipeline[A], f: A => B)) and no ClassTag[A] can be recovered at a Mapped node. It would have to be STORED in the tree — a data-structure change, produced at every site that builds a pipeline. Three casts in ChunkBuf.scala is the cheaper side
2026-08-31	38ecd1c	na	chunk-matchtype-specialize	na	na	na	REFUTED, and UNSOUND. type Backing[A] = A match {case Long => Array[Long]; ... case _ => Array[AnyRef]} plus inline erasedValue[A] match does specialize with no ClassTag: MatchBuf[Long](4) allocates long[]. Through a GENERIC function (what map/generate/fromIterator are) A is abstract, the inline match cannot reduce, and it falls to Array[AnyRef] — same non-specialization as today. But the TYPE still reduces inside the defining scope where the extensions live, so Backing[Long] is Array[Long] while the value is Object[]: ClassCastException [Ljava.lang.Object; cannot be cast to [J. Strictly worse than the cast. The condition it needs (element type static at the allocation site) is the condition Staged already exploits, at 10x (1.6us vs 16.9), not a few percent
2026-08-31	096ffa4	7.0	chunk-specialize-summonfrom	14.6	117.8	8.1	IT WORKS, unlike the match type. Choose only the BACKING, never the type: ArraySeq.ofLong and an ofRef of boxed Longs are both honest ArraySeq[Long], so inline + summonFrom[ClassTag[A]] can pick one and neither branch lies. Verified: specializes at a static A (long[]/int[]/double[]/char[]/String[]), composes across inline hops, and falls back CORRECTLY at the first non-inline generic boundary. Worth, on 64 Longs unboxed vs boxed: map 14.6 vs 117.8ns (8.1x), construction 17.2 vs 91.5 (5.3x), summing read 8.7 vs 18.3 (2.1x). java.lang.Long caches only -128..127 so nearly every element is an allocation — the same experiment on Char was 8%, which is why this needed measuring per type. ChunkBuf.tabulate ships; making Chunks.map/filter inline to reach it is the open question
2026-08-31	775de3a	7.0	stream-specialized-chunks	13.256	16.891	1.27	END TO END: okayChunksTransform 13.256±0.763us against 16.891±0.519 measured before specialization — 21% off the lane the project quotes against fs2 and ZStream. Mechanism: inline entry point + ordinary recursion, with the per-chunk worker (ChunkBuf.mapper/filterer/filler) specialized ONCE at the call site and handed to the recursion as a value, so the ClassTag rides in its closure and every chunk is unboxed, not only the first. map, filter, generate and ofSpecialized all take it; fromIterator and rechunk hold a buffer across pulls from an external source and stay untyped. okayChunks (the non-transform lane) 24.8 vs 23.6 — within noise, it does not use the specialized path
2026-08-31	027a56b	7.0	chunk-arraybuffer	382.6	84.2	4.5	REFUTED, and the slowest of every alternative tried. ArrayBuffer per 64 elements: 382.6±36ns ending in ArraySeq.from, 326.3±8 ending in toArray, against the shipped ChunkBuf's 84.2±17. Three costs stack: a capacity check per append, an Array[AnyRef] backing that boxes primitives whatever A is, and a COPY to reach the immutable chunk (the internal array is private, so it cannot be handed over). The third is the worst: always boxed, it would also foreclose the ClassTag specialization, which is worth 21% on the stream lane. Full table now in ChunkBuf's doc: opaque 84ns, real class 2x, untagged builder 3.2x, ArrayBuffer 3.9-4.5x
2026-08-31	0a64a37	7.0	pipeline-tagged-existential	14.88	15.9	1.07	The ClassTag rides WITH the existential: case Mapped[A, B](src, f)(using val tag: ClassTag[B]) captures it where the node is built and B is still concrete, and Pipeline.chunks reconstructs the specializing mapper from it. This was the wall that stopped ClassTag threading three commits ago, and storing the tag in the node is what gets past it. Proven by test — a reified AND optimized pipeline now yields long[] chunks. On the benchmark it is small: interpretedTree 14.88+-1.07 against 15.9 recorded in an earlier session, and specializing Chunks.range's source as well did not move it further (15.05 -> 14.88, within error). The 8x measured per chunk does not reach this lane, which is dominated by Free stepping, the filter and the fold. Recorded so nobody expects it to
2026-08-31	5e6f1d1	na	chunkbuf-self-specialize	na	na	na	REFUTED, and UNSOUND — the fifth alternative tried. opaque type ChunkBuf[A] = Array[A] with an inline apply + summonFrom compiles, specializes a direct ChunkBuf[Long](n) to long[], and falls back to Object[] for a generic caller which reads back correctly. Then hand the generically-built buffer to code that knows A = Long: ClassCastException [Ljava.lang.Object; cannot be cast to [J, because inside the defining file ChunkBuf[Long] REDUCES to Array[Long] and that is false for what the fallback built. Same failure as the match type, same cause: the BUFFER's type made to depend on A. The shipped specialization avoids it by answering Chunk[A] = ArraySeq[A], a type that tolerates either backing honestly
2026-08-31	bdb517a	7.0	chunk-taggedbuf	44.7	92.3	2.07	The idea that WORKED where two type-level ones did not: an EXISTENTIAL backing (Array[?]) with the ClassTag beside it. The backing type claims nothing, so nothing can be false about it — which is exactly what crashed both opaque ChunkBuf[A]=Array[A] and the match type when a generically built buffer met code that knew A=Long. Writing dispatches via ScalaRunTime.array_update. Per 64 elements at Long: 44.7 vs 92.3 boxed (2.07x); at String 67.5 vs 63.8, so the dispatch is free where there is nothing to unbox. tabulate is still better where it applies (14.9) — this is for where it cannot: fromIterator and rechunk hold the buffer across pulls from an external source, and both now specialize. End to end okayChunksTransform 12.477+-0.462 against 16.891 before any of this work, okayChunks 22.0 against 23.6
2026-08-31	5865021	7.0	chunkbuf-unified	14.8	92.3	6.2	SIMPLIFICATION that was also a speedup. Two buffer types (opaque ChunkBuf over Array[AnyRef], plus a TaggedBuf class over Array[?]) collapsed into ONE: opaque type ChunkBuf[A] = Array[?]. Opaque so there is no runtime object (a value class would nearly do; opaque has no boxing corner cases), existential so the type claims nothing and the two type-level attempts' unsoundness cannot recur. apply is inline + summonFrom, so a plain ChunkBuf[Long](n) is now specialized BY DEFAULT: 14.8ns against 92.3 before, and indistinguishable from the tabulate that used to be needed for it (14.7) — so tabulate was deleted, it had no production caller left. Reference path unchanged: 66.9 vs 64.5 for a ClassTag'd array
2026-08-31			foldSum	36071			ns/10k; Fold[Long,Long] via Chunks.fold
2026-08-31			foldGeneric	36817			ns/10k; same, over materialized chunks — producing is not the cost
2026-08-31			foldInlined	2547			ns/10k; inline step, same chunks — 14x
2026-08-31			loopSumViaChunk	2598			ns/10k; hand loop through Chunk.apply
2026-08-31			loopSum	3345			ns/10k; hand loop on the raw long[]
2026-08-31			foldLeftSum	7017			ns/10k; inline foldLeft, step at the call site — 5.4x over fold
2026-08-31			foldLeftNumeric	8245			ns/10k; same via Numeric.plus — the typeclass survives inlining
2026-08-31			foldLeftCount	11327			ns/10k; against fold+Fold.count 59.0us
2026-08-31			boxAccumulatorOnly	45230			ns/10k; accumulator generic, element read direct — the whole cost
2026-08-31			boxElementOnly	3765			ns/10k; element boxed, accumulator a long — nearly free
2026-08-31			foldSum-specialized	9081			ns/10k; Chunks.fold routing to Fold.sumLong — was 38184
2026-08-31			foldCount-specialized	6863			ns/10k; via Fold.count: OfLong — was 59016
2026-08-31			foldDataGeneric	34134			ns/10k; a plain Fold[Long,Long], nothing to inline
2026-08-31			foldDataSpecialized	7817			ns/10k; Fold.long, inline ctor — 4.4x; 27490 before the ctor was inline
2026-08-31			boxAccumulatorOnly	29369			ns/10k; clean rerun: the accumulator is the cost
2026-08-31			boxElementOnly	2824			ns/10k; clean rerun: the element read is not
2026-08-31			aggCount	19500			ns/10k; was 37803 — Aggregator.fold hands over a Fold.OfLong
2026-08-31			aggSum	18498			ns/10k; was 40838
2026-08-31			aggMean	37254			ns/10k; was 87036 — flat Mean instead of a Tuple2
2026-08-31			aggVariance	74746			ns/10k; was 90904 — flat Variance instead of a Tuple3
2026-08-31			loopMean	18573			ns/10k; floor: two primitive locals
2026-08-31			loopVariance	49591			ns/10k; floor: Welford in three locals
2026-08-31			aggCount-nodelegate	5123			ns/10k; was 19500 — the aggregator IS its own fold
2026-08-31			aggSum-nodelegate	7053			ns/10k; was 18498
2026-08-31			writerSpecialized	70565			ns/10k; against 108597 generic — 35%, bars disjoint
2026-08-31			streamSpecialized	139895			ns/10k; against 157186 generic — bars OVERLAP, dispatch reverted
2026-08-31			okayWriter-gadt	197969			ns/10k; GADT Say wrapper — against 203216 for the identity encoding: no cost
2026-08-31			tellTag-isolated	74995			ns/10k; build+fold alone showed +25% (59807 identity) — the wrong fraction to decide on
2026-08-31			writerSpecialized-gadt	95912			ns/10k; against 108386 generic — the fold dispatch still helps, 12% not 35%
2026-08-31			tdigestShipped	120746			ns/10k; was 70030290 — buffered adds, batch compress: 580x
2026-08-31			cmsShipped	191128			ns/10k; was 2282516 — Array[Array[Long]] in place: 12x (floor 68740)
2026-08-31			hllShipped	163834			ns/10k; was 489298 — Array[Byte] in place: 3x (floor 36221)
2026-08-31			buildOnly	21008			ns/doc; Parse.build alone — 13% of parseFull (157646); lexElementwise 74718
2026-08-31			jsonToCst	37317			ns/doc; 95% of okayJsonRead (39128) — the whole gap is scan+drive+build
2026-08-31			jsonProject	5624			ns/doc; CST to Json value: 14%
2026-08-31			jsonDecode	970			ns/doc; Schema fold: 2.5%, and faster than circeRead (1331) on its own
2026-08-31			bpeScan	306701			ns/3.3KB; was 423999 — one pass, one map lookup per pair, array symbols
2026-08-31			indexKeyword	75680			ns/8.5KB; was 157930 — accumulate directly instead of combine(p, one(s))
2026-08-31			keywordTerms	41051			ns/8.5KB; the tokenization floor: 54% of the index now, 26% before
2026-08-31	83bd266		cmpMerge-okaySource	210.1	111.2	1.89	Source.merge (Writer walk) vs the raw okayChannelMerge, f1 3+5, 2x500 us/op
2026-08-31	83bd266		cmpMerge-okayChunks-bound64	10.8	10.7	1.01	bounding the merge channel at 64 costs nothing measurable (+/-0.14 vs +/-0.29) — the default is now bounded
2026-08-31	83bd266		cmpMerge-okaySource-bound64	232.7	210.1	1.11	same question on the source merge: bars overlap (+/-20.4 vs +/-9.7), no effect demonstrated; bounded default kept
2026-09-01			indexParseOnly	376119			ns/8.5KB; Code.source alone: 60% of indexFull (628658)
2026-09-01			indexFoldOnly	221461			ns/8.5KB; Symbols.of over a parsed tree: 35%
2026-09-01			indexFoldOnly-mutable	244109			ns/8.5KB; REFUTED: mutable buckets bought nothing (245400 before)
2026-09-01			clusterTransport-remote	37914000			ns/100chunks; shipped: BufferedReader+PrintWriter text plumbing
2026-09-01			clusterTransport-blockingBytes	24399000			ns/100chunks; bytes + ONE flush — later shown to be the flush policy, not the bytes
2026-09-01			clusterTransport-nio	24698000			ns/100chunks; AsynchronousSocketChannel: a WASH against blockingBytes — parking is free
2026-09-01			clusterTransport-codecOnly	25884000			ns/100chunks; JSON encode+decode alone: the codec dominates; CBOR is the next lever
2026-09-01			clusterTransport-remoteBytes	38395000			ns/100chunks; byte rewrite with flush-per-send: EQUAL to shipped — rewrite reverted
2026-09-01			indexFoldNoRefs	189588			ns/8.5KB; QUIET run, +-5.4: the identifier branch is only 19% of the walk
2026-09-01			indexFoldOnly-quiet	234960			ns/8.5KB; +-14.9 — so 81% is traversal machinery (path :+, defHead, span, recursion)
2026-09-01			blockingBytesFlushed	50787000			ns/100chunks; +-9.5, SLOWER than shipped 38.2: flush-per-line hope closed directionally
2026-09-01			nio-flaky	58953000			ns/100chunks; +-48.6, 3 fork failures on the sum assert — possible data loss on close, see BACKLOG
2026-09-01			ctx-direct	480			ns/10k ambient reads via wire under provide; +-245 loaded box; ~2 orders below the relay — nothing to interpret
2026-09-01			ctx-monad-chain	5305			ns/1k binds through ctxMonad (f(fb) each); ~2x relay per bind; stack-bounded 2-5k, recursion-built only (E22 var self-capture)
2026-09-01			regression-screen-loaded	0			19 okay legs, -f1, box under sibling sbt load: error bars 50-200%, INCONCLUSIVE; cats matched doc (337 vs 350) while all effectful legs 2-5x elevated incl zio — load profile, not regression; Writer (504/614 vs doc 286) flagged for quiet-box recheck; today's changes additive (new files, inline alias, one given)
2026-09-02			writer-quiet-recheck	201516			ns/10k tells; +-4.7us QUIET box — loaded-box 504/614 was pure load, NO regression; 30% better than the doc's 286, table row refreshed same-run (cats 1030, atnos 3215, kyo 342761)
2026-09-02			reader-quiet-recheck	108299			ns/10k asks; +-6.3us quiet box, matches the doc's 110 exactly — loaded 231+-388 was noise
2026-09-02			ctx-direct-quiet	305			ns/10k ambient reads; +-35ns quiet box (was 480 loaded); ~350x under the relay; joins the section-2 table
2026-09-02			ctx-monad-quiet	4336			ns/1k binds; +-250ns quiet box (was 5305 loaded); ~2.5x faster than the relay per bind, stack-bounded 2-5k; table dagger row
2026-09-02			direct-okay-pair	313427			ns/10k binds direct while+var vs 95805 flatMap (quiet, load 2.8): 3.3x = the Monadic Cont layer; recursion form 410203 (4.3x); FILED: emit plain flatMaps for sequential fragments
2026-09-02			direct-competitors	156584			ns kyo defer (2.8x over its 56k) and 119485 zio-direct (0.64x — FASTER than hand foldLeft, better-shaped emission); both forbid var in blocks, okay alone allows the imperative form
2026-09-02	d8ff4bb+stm	3.5	channel-offer-receive-1k	29.6	32.1	0.92	Channel on TRef.modify (Stamped state, no wrapper) vs master AtomicReference[State]; medians of 3 alternating A/B rounds, jmh -wi2 -w1 -i3 -r1 -f1, busy host
2026-09-02	d8ff4bb+stm	3.3	channel-program-1k	65.8	65.4	1.01	same, send/receive as Async programs under runAsync; medians of 2 alternating rounds at -wi3 -i6
2026-09-02	e86e8a8+slot-stamped	3.5	channel-offer-receive-1k	30.0	29.9	1.00	Slot extends Stamped (two content kinds) vs stm landing; medians of 3 alternating rounds, jmh -wi2 -w1 -i3 -r1 -f1
2026-09-02	b31166c+1	3.8	direct-flatmap-while	189323	313427	0.60	ns/10k binds direct while+var, flatMap emission vs the Cont target; hand flatMap 95356+-8565 same run revalidates the 95.8 baseline; 2.0x over hand = exactly the loop sequencing bind per iteration; quiet box, spike watcher clean
2026-09-02	b31166c+1	3.8	direct-flatmap-rec	56124	410203	0.14	ns/10k binds direct recursion, flatMap emission vs the Cont target; 0.59x of the HAND-WRITTEN chain (right-nested emission vs foldLeft left-nesting, the zio-direct mechanism) and level with kyo hand-written 56k
2026-09-02	5787551	7.01	direct-tail-fusion-while	101135	189323	0.53	ns/10k binds direct while+var, tail-fused vs unfused; matched hand flatMap 95137+-9576 same run (1.06x) -- the loop sequencing bind merged into the body last bind, closing the road direct-flatmap-emission filed
2026-09-02	5787551	7.01	direct-tail-fusion-rec	54885	56124	0.98	ns/10k binds direct recursion, re-isolated after a same-fork spike (191+-372 the fused run, unaffected by tail fusion -- recursion does not go through While/foreach); confirms the 0.58x floor holds
2026-09-02	308054+cas290137	3.4	source-merge-cas-vs-stm	308054	290137	1.06	us/op 500+500 readiness merge, isolated A/B same run: HEAD (stm channel) vs 500efb7 (channel-cas, pre-STM) -- within noise, refutes STM as the cause of the 158->308 doc drift; the drift predates every 2026-09-02 landing
2026-09-02	5787551	3.4	channel-concurrent-send-receive-1k	78385	69321	1.13	us/op two virtual threads racing sendBlocking into one Channel + this thread receiveBlocking, vs sendReceiveProgram1k (single-threaded, no contention) -- only ~13% overhead from real concurrent CAS contention on the TRef cell; new benchmark, the stm lane never measured contention
2026-09-02	e1f48aa	3.0	eager-dispatch-fix	4833	17608	0.27	us/op 10k pure binds, okayEager: inline fold (inline value/tree params) vs the casts-encapsulated fold(closures); closes the 3.45x regression and lands UNDER the pre-regression 5100ns baseline (per-call-site specialization); quiet box
2026-09-02	staged-codecs-step0	3.7	codec-encode-interp-vs-hand	868	144	6.03	ns/op Order (7 fields, nested Address, List, two Options): Json.encode over the Schema GADT fold vs a hand-written StringBuilder encoder (the shape a staged fold emits); circe semiauto 529 same run; jmh -wi3 -w1 -i5 -r1 -f1, load ~3
2026-09-02	staged-codecs-step0	3.7	codec-decode-ast-interp-vs-hand	625	82	7.62	ns/op same Order from a pre-parsed Json AST: Json.decode fold (Map build + Vector[Any] + make) vs hand-written straight-line decode; circe 279 same run
2026-09-02	staged-codecs-step0	3.7	codec-parse-okay-vs-circe	14577	555	26.3	ns/op Json.parse of the 150-byte Order text (the lossless CST parser: trivia, totality, error-carrying) vs circe's parser; NOT a staging target -- the value-level parse dwarfs decode (15.2us text->Order, 0.6 of it decode); FILED: a fast value parser road, separate from staging
2026-09-02	staged-codecs-step1	3.1	codec-encode-staged-vs-interp	168	820	0.20	ns/op Order: Staged.json[Order].encode (compile-time Mirror fold, straight-line StringBuilder appends, one ok_T boolean per node) vs the interpreted Schema fold; 1.25x of the hand-written floor (134), 3.2x faster than circe (538); same run as step 0's rows, load ~3
2026-09-02	staged-codecs-step1	3.1	codec-decode-ast-staged-vs-interp	114	634	0.18	ns/op Order from a pre-parsed AST: staged decode (lookup per field, nested flatMaps, fromProduct) vs the fold; 1.6x of the hand floor (72), 2.4x faster than circe (276); TestStaged 7/7 agreement incl. the totality doors, Iso delegation, recursion
2026-09-02	json-value-parser	3.4	json-parse-value-vs-cst	217	13278	0.016	ns/op the 150-byte Order fixture: JsonValue.parse (strict recursive descent, no tokens, no tree) vs Json.parse (lex+CST+project); 61x; circe's parser 435 same run, so the fast road is 2.0x faster than circe's too
2026-09-02	json-value-parser	3.4	json-text-to-order-staged-vs-circe	349	804	0.43	ns/op end to end, text->Order: Json.parseValue + Staged.json[Order].decode vs circe's decode[Order] (parse+decode fused); 2.3x faster; TestJsonValue 5/5 incl. a full prefix-truncation sweep over 60 documents, both directions equal
2026-09-02	35caeaf	6.56	cmpReader-okayReader	123.8			kyo-fair-lanes audit; full 2f 3+5, us/op, plain java -cp (not sbt), load ~6.6-7.8; foldLeft (left-nested) shape
2026-09-02	35caeaf	6.56	cmpReader-okayReaderRec	79.3			kyo-fair-lanes audit; full 2f 3+5, us/op, plain java -cp (not sbt), load ~6.6-7.8; right-nested (recursion) shape — what for/direct builds
2026-09-02	35caeaf	6.56	cmpReader-kyoEnv	362099			kyo-fair-lanes audit; full 2f 3+5, us/op, plain java -cp (not sbt), load ~6.6-7.8; foldLeft shape: O(N^2) in kyo (KyoContinue re-applies inner continuation; handleLoop never reassociates); NOT kyo's price
2026-09-02	35caeaf	6.56	cmpReader-kyoEnvRec	290.8			kyo-fair-lanes audit; full 2f 3+5, us/op, plain java -cp (not sbt), load ~6.6-7.8; right-nested: kyo Env linear, 3.7x over okayReaderRec
2026-09-02	35caeaf	6.56	cmpReader-zioService	244.8			kyo-fair-lanes audit; full 2f 3+5, us/op, plain java -cp (not sbt), load ~6.6-7.8
2026-09-02	35caeaf	6.56	cmpReader-catsKleisli	328.3			kyo-fair-lanes audit; full 2f 3+5, us/op, plain java -cp (not sbt), load ~6.6-7.8
2026-09-02	35caeaf	6.56	cmpReader-atnosReader	3123			kyo-fair-lanes audit; full 2f 3+5, us/op, plain java -cp (not sbt), load ~6.6-7.8; noisy ±2703
2026-09-02	35caeaf	6.56	cmpReader-okayCtxMonad	4.6			kyo-fair-lanes audit; full 2f 3+5, us/op, plain java -cp (not sbt), load ~6.6-7.8; per 1000 binds
2026-09-02	35caeaf	6.56	cmpReader-okayCtxDirect	0.34			kyo-fair-lanes audit; full 2f 3+5, us/op, plain java -cp (not sbt), load ~6.6-7.8
2026-09-02	35caeaf	6.56	cmpWriter-okayWriter	208.7			kyo-fair-lanes audit; full 2f 3+5, us/op, plain java -cp (not sbt), load ~6.6-7.8; foldLeft shape
2026-09-02	35caeaf	6.56	cmpWriter-okayWriterRec	162.6			kyo-fair-lanes audit; full 2f 3+5, us/op, plain java -cp (not sbt), load ~6.6-7.8; right-nested
2026-09-02	35caeaf	6.56	cmpWriter-kyoEmit	364313			kyo-fair-lanes audit; full 2f 3+5, us/op, plain java -cp (not sbt), load ~6.6-7.8; foldLeft shape: O(N^2) in kyo, see cmpReader-kyoEnv
2026-09-02	35caeaf	6.56	cmpWriter-kyoEmitRec	215.3			kyo-fair-lanes audit; full 2f 3+5, us/op, plain java -cp (not sbt), load ~6.6-7.8; right-nested: kyo Emit linear, parity with okayWriter 209 / 1.3x over okayWriterRec
2026-09-02	35caeaf	6.56	cmpWriter-catsWriterT	1250			kyo-fair-lanes audit; full 2f 3+5, us/op, plain java -cp (not sbt), load ~6.6-7.8
2026-09-02	35caeaf	6.56	cmpWriter-atnosWriter	4054			kyo-fair-lanes audit; full 2f 3+5, us/op, plain java -cp (not sbt), load ~6.6-7.8; noisy ±1602
2026-09-02	35caeaf	6.56	cmpResource-okayResource	21.5			kyo-fair-lanes audit; full 2f 3+5, us/op, plain java -cp (not sbt), load ~6.6-7.8; foldLeft shape
2026-09-02	35caeaf	6.56	cmpResource-okayResourceRec	15.0			kyo-fair-lanes audit; full 2f 3+5, us/op, plain java -cp (not sbt), load ~6.6-7.8; right-nested
2026-09-02	35caeaf	6.56	cmpResource-okayBracket	36.4			kyo-fair-lanes audit; full 2f 3+5, us/op, plain java -cp (not sbt), load ~6.6-7.8; noisy ±14.6
2026-09-02	35caeaf	6.56	cmpResource-zioAcquireRelease	135.1			kyo-fair-lanes audit; full 2f 3+5, us/op, plain java -cp (not sbt), load ~6.6-7.8
2026-09-02	35caeaf	6.56	cmpResource-catsIOBracket	237.5			kyo-fair-lanes audit; full 2f 3+5, us/op, plain java -cp (not sbt), load ~6.6-7.8
2026-09-02	35caeaf	6.56	cmpResource-kyoResource	9011			kyo-fair-lanes audit; full 2f 3+5, us/op, plain java -cp (not sbt), load ~6.6-7.8; foldLeft shape: same O(N^2) trap, not the Async runtime
2026-09-02	35caeaf	6.56	cmpResource-kyoResourceRec	838.5			kyo-fair-lanes audit; full 2f 3+5, us/op, plain java -cp (not sbt), load ~6.6-7.8; right-nested: 10.7x over kyoResource's trap; 56x over okayResourceRec
2026-09-02	35caeaf	6.56	cmpStreamOps-stdIterator	15.3			kyo-fair-lanes audit; full 2f 3+5, us/op, plain java -cp (not sbt), load ~6.6-7.8
2026-09-02	35caeaf	6.56	cmpStreamOps-okayChunksTransform	12.4			kyo-fair-lanes audit; full 2f 3+5, us/op, plain java -cp (not sbt), load ~6.6-7.8
2026-09-02	35caeaf	6.56	cmpStreamOps-okayChunks	23.5			kyo-fair-lanes audit; full 2f 3+5, us/op, plain java -cp (not sbt), load ~6.6-7.8
2026-09-02	35caeaf	6.56	cmpStreamOps-kyo	330.1			kyo-fair-lanes audit; full 2f 3+5, us/op, plain java -cp (not sbt), load ~6.6-7.8; hand-emitted SINGLETON chunks — kyo's worst case
2026-09-02	35caeaf	6.56	cmpStreamOps-kyoStreamRange	64.1			kyo-fair-lanes audit; full 2f 3+5, us/op, plain java -cp (not sbt), load ~6.6-7.8; kyo's own chunked source Stream.range (4096): 5.1x under the singleton lane; 4.2x from Iterator floor
2026-09-02	35caeaf	6.56	cmpStreamOps-zio	1059			kyo-fair-lanes audit; full 2f 3+5, us/op, plain java -cp (not sbt), load ~6.6-7.8; noisy ±754
2026-09-02	35caeaf	6.56	cmpStreamOps-fs2	3228			kyo-fair-lanes audit; full 2f 3+5, us/op, plain java -cp (not sbt), load ~6.6-7.8; noisy ±2037
2026-09-02	staged-cbor	4.7	cbor-encode-staged-vs-interp	395	630	0.63	ns/op Order (the CodecFixture: 7 fields, nested Address, List, two Options): Staged.cbor[Order].encode vs Cbor.write over the interpreted fold; 1.6x; both call the SAME Cbor.Out primitives now (Cbor.scala refactored to expose them, one implementation, not two)
2026-09-02	staged-cbor	4.7	cbor-decode-staged-vs-interp	601	1188	0.51	ns/op same fixture: Staged.cbor[Order].decode vs Cbor.read; 2.0x; decode reads a run-time-ordered map by field NAME (Staged.cborProduct, the fold's own Map-then-fill algorithm, per-field readers specialized at compile time) since a CBOR map carries no order guarantee — a hazard JSON's object does not have and this lane's own test (TestStagedCbor "field order and duplicate keys") exists because a first cut assumed Mirror order and would have silently miscoded a reordered map
2026-09-02	3aaf43d	1.2	source-single-drain-floor	48904	11129	4.39	us/op 1000 elements, Source.of(xs).toLazyList (no Channel.merge/fiber/Async) vs native LazyList.foldLeft -- ~38ns/element is the honest cost of the program abstraction itself; quiet box
2026-09-02	3aaf43d	1.2	writer-widen-swap	305000	308000	0.99	us/op okaySourceMerge with Writer.widen replacing Writer.map(identity) -- measured NEUTRAL, the removed per-element Writer(f(w)) allocation was never the dominant cost
2026-09-02	3aaf43d	1.2	source-mergeof-fusion-declined	342500	306500	1.12	us/op okaySourceMergeOf (fused Writer.of+widen into one Pure-rowed unfold per side) vs okaySourceMerge -- WORSE not better (336-349 vs 305-308, noisier too), Pure row costs more than Async inside Channel.merge counter to expectation; DECLINED, not shipped
2026-09-03	0754d39	2.0	writer-of-resume-fix	40274	48904	0.82	us/op Source.of(xs).toLazyList, 1000 elements: of/ofLoop split (one pure().flatMap wrap not N) vs the redundant-per-element wrap -- -18%, clean; quiet box, -prof jfr confirmed the targeted resume rotation line (Bind(Pure,k)) dropped 28->5 samples
2026-09-03	0754d39	2.0	writer-of-resume-fix-merge	298955	305087	0.98	us/op okaySourceMerge with the same fix -- only ~2-3%, because re-profiling shows a DIFFERENT resume rotation (Bind(Bind,k)) rose 18->33 samples to compensate, and TRef.modify (Channel.merge contention) is now the dominant frame (75/~210 at depth 3), untouched by this fix; filed as the next investigation
2026-09-03	35b9afb	2.0	channel-queue-vector-declined	144000	126500	1.14	us/op okayChannelMerge: Vector-based Channel.State vs Queue -- WORSE (13-15%) under real multi-fiber CAS-retry contention despite winning 16x on an isolated single-threaded lockstep microbench; a failed CAS retry rebuilds State from scratch and Vectors per-attempt trie-copy cost, times retries, beats Queues occasional reversal; DECLINED, reverted
2026-09-03	35b9afb	2.0	channel-queue-fifo-parity	126400	126500	1.00	us/op okayChannelMerge: hand-rolled Fifo (List-based, 0/1-element reversal special-cased) vs Queue -- EXACT PARITY, no win; re-profiling found nearly all reversals landing in the 2+-element general case, not the assumed 0/1 fast path -- Channel.merge genuinely forms multi-element batches under real fiber timing, Queues amortization is doing real work, not defeated; DECLINED, reverted, benchmark file removed (its lockstep premise does not hold)
2026-09-03	ae7f27e	2.0	merge-scaling-shape-source	40600	41200	0.98	ps/elem sourceSingleDrain per ELEMENT at n=2000 (4000 el) vs n=250 (500 el) -- FLAT across 8x, so the Bind tree the Writer path builds is LINEAR, not quadratic: reflection-without-remorse / a type-aligned continuation queue removes quadratic left-nesting and would buy NOTHING here; kernel rewrite has no measured justification
2026-09-03	ae7f27e	2.0	merge-scaling-shape-merge	291600	303500	0.96	ps/elem sourceMerge per ELEMENT at n=2000 vs n=250 -- FLAT too (channelMerge 131.8 vs 142.3, rawLazyList 10.6 vs 11.3: every lane linear). The real number the sweep exposes: the Writer layer costs ~30 ps/elem ALONE (40.6 vs 10.6 raw) but ~160 ps/elem INSIDE the merge (291.6 vs 131.8) -- a ~5x amplification that is about the contended region, not the tree shape
2026-09-03	141ac8b	2.3	free-row-variance-widen-alone	98343	77465	1.27	us/op Source.of drain at 2000 el WITH one Writer.widen pass vs without -- widen costs 10.4ns/element in isolation (+27%); at 500 el 24.126 vs 20.430 (+18%, 7.4ns/el); quiet box, 3 forks
2026-09-03	141ac8b	2.3	free-row-variance-widen-in-merge	1202646	1141770	1.05	us/op merge of 2x2000 WITHOUT the two Writer.widen passes vs WITH them -- removing widen is 5.3% SLOWER (repeat: 1240.1 vs 1162.4, 6.7%), bars non-overlapping both runs. widen is a NORMALIZATION done once outside the contended region; without it feed pays the rotation per pull inside it. Free covariance (which would delete widen) DECLINED on this
2026-09-03	ef76072	2.0	source-merge-chunked	223517	1169907	0.19	us/op Source.mergeChunked(size=16) vs merge on 2x2000 -- 5.2x. At size 64: 247.2 vs 1163.4 (4.7x); 2x500: 70.2 vs 292.8 (4.2x). JFR on the elementwise path put 71% of samples in the per-element channel transaction (CAS 33%, immutable Queue 19%, resume rotation 19%), so the lever is the COUNT of transactions, not their cost -- the two earlier lanes having refuted the cost side
2026-09-03	5d1e20d	1.7	chunk-flush-default-unchanged	307229	310158	0.99	us/op MergeBenchmark.okaySourceMerge (chunked=false, the default path) on this lane vs master bf988d2 measured the same hour -- unchanged; master re-run 310.2 +/-18.4 after a noisy 361.4 +/-21.5, this lane 307.2 +/-2.0, all inside the established 299-310 band
2026-09-03	5d1e20d	1.7	chunk-flush-flusher-idle	230021	230145	1.00	us/op merge(chunked=true, capacity=1024) on 2x2000 WITH flushAfter=Some(30000) (never fires) vs without -- the flusher fiber costs nothing standing; and the Channel.mergeChunked rewrite is at parity with the Stage-based chunking it replaced (230.1 +/-0.9 vs 226.5 +/-1.2)
2026-09-03	f7e7e91	1.6	flush-op-one-path-refuted	244255	219583	1.11	us/op merge(chunked) 2x2000 cap 1024 with the ordinary path routed through the FLUSHING walk (one accumulation for both row shapes) vs master in the same window -- 11% WORSE: one extra widen rebuild per source plus one extra row split per element. The tidier design measured dearer on the common path; two walks kept instead, sharing the accumulation helpers
2026-09-03	f7e7e91	1.6	flush-op-two-walks	220474	219583	1.00	us/op the same after splitting the walks back -- 220.5 +/-0.7 against master 219.6 +/-1.5, bars overlapping: Flush costs the ordinary chunked path nothing, and is paid for only by sources that use it
2026-09-03	8be1f45	1.8	chunk-stack-safety-fixed	4000	0	0.00	StackOverflowError -> passes: chunked(4096) over 4000 elements, and every shape that overflowed (3000@4096, 4000@8192, 5000@4096, 20000@65536). through's producer/stage handshake recursed once per element while a stage ACCUMULATED, only an emission unwinding it; a budget trampoline (PullBudget=256) returns a deferred program past the budget. Pre-existing, reproduced on b8c65c7 without the new combinator
2026-09-03	8be1f45	1.8	chunk-stack-safety-free	222334	224536	0.99	ps/elem-run okayChunkedComposed 2x2000 at chunk 16 after the trampoline vs before -- 222.3 +/-4.0 against 224.5 +/-3.7, overlapping: the budget never fires at the sizes anyone uses, so the fix costs nothing
2026-09-03	c6360c6	1.6	chunk-repr-chunkbuf-declined	223454	218719	1.02	us/op okayChunkedComposed 2x2000 chunk 16, Stage.chunked filling a ChunkBuf instead of a Vector, vs master in the same window -- 2.2% WORSE at the DEFAULT size (bars non-overlapping), 11% better at 256 (245.0 vs 276.2) and 8% at 1024 (402.2 vs 437.7). Helps only sizes we do not use, regresses the one we do; DECLINED, reverted
2026-09-03	c6360c6	1.6	chunk-native-vs-zio	23232	58573	0.40	us/op okay Chunks.merge against ZIO ZStream.merge on 2x2000, the like-for-like chunk-native pair -- okay 2.5x FASTER. The earlier 223-vs-127 gap compared our per-element Source chunked after the fact against a stream chunked by construction; ZStream has no per-element stream to pay for, and neither does Chunks
2026-09-03	be9a14c	1.2	channel-drain	828341	1180463	0.70	us/op okayElementwise 2x2000, batched RECEIVE (one transaction takes up to 64 already-buffered elements) vs master in the same window -- 30% faster, bars +/-11 both. No semantic change and no flag: unlike chunking the send side, taking what is ALREADY buffered delays nothing. The profiled 71%-in-the-transaction is halved by making the consumer's half of it rarer
2026-09-03	09f3a0e	1.0	buffer-drain	437156	1068492	0.41	us/op Channel.buffer(1024) over 4000 elements read through .drained vs one transaction per element -- 2.4x. buffer had never been benchmarked at all; it is the other per-element channel consumer and inherits channel-drain's batched receive through an explicit carrier, since the Stream[Channel] instance cannot hold a batch (its carrier IS the channel, and hiding one inside would be wrong for a second consumer)
2026-09-03	3f16833	1.3	chunked-inline	197452	206308	0.96	us/op okayChunkedComposed 2x2000 chunk 16, Stage.chunked made inline so ChunkBuf sees a concrete element type and allocates unboxed, vs the boxed def, same window -- bars non-overlapping, small but real
2026-09-03	3f16833	1.3	source-range-elementwise	646758	829476	0.78	us/op okayElementwise, Source.range (generated, no LazyList cell) vs Source.of(LazyList.range), same window -- -22%
2026-09-03	3f16833	1.3	source-range-chunked	214371	197452	1.09	us/op okayChunkedComposed with the same swap -- +9% WORSE: the range's Bind-chain pays per node where LazyList's per-cell cost was already amortised across 16 elements sharing one transaction. Kept as the per-element specialisation, not a universal replacement for Source.of
2026-09-03	3f16833	1.3	fair-per-element	824861	10032483	0.08	us/op okayElementwise vs ZIO forced to chunkSize=1 (the methodology fix: the old row compared okay's per-element merge against ZIO's own chunk-native default and called both elementwise) -- okay 12x AHEAD once both are asked the same question
2026-09-03	3f16833	1.3	fair-chunk-native	22258	126180	0.18	us/op okayChunksNative vs ZIO at its own native default (both were previously compared at chunk 16, not ZIO's real default) -- okay 5.7x ahead, up from the earlier unfair 2.5x
2026-09-03	4b9166b5	1.5-5.0	chunks-size1-degrades	780743	23497	33.24	us/op Chunks.merge at size=1 vs its own native default (64) on 2x2000 -- 33x worse, confirming the operator's question: an array-of-chunks representation pays a chunk allocation per PRODUCTION regardless of size, so size=1 forces the same pathology found in ZStream(chunkSize=1)
2026-09-03	4b9166b5	1.5-5.0	chunks-size1-vs-source	780743	819593	0.95	us/op Chunks.merge at size=1 vs Source.merge (our per-element program representation), same window -- within a few percent of each other: at genuine per-element load, both okay representations converge to the same floor
2026-09-03	4b9166b5	1.5-5.0	per-element-vs-zio-forced	819593	9984898	0.08	us/op okay per-element (Source.merge) vs ZIO forced to chunkSize=1 (ZStream has no other representation to fall back to) -- okay 12.2x ahead. Answers 'why not just do it ZIO's way': we already have the array-native representation (Chunks, 5.7x ahead of ZIO's own default) AND keep Source separately, because per-element load collapses BOTH okay representations to the same floor while ZIO's one representation has nowhere else to go
2026-09-03	1917beb3	2-22	idiomatic-collection-whole	145614	49108	2.97	us/op N=4000, fromIterable(list)/runSum vs Source.of(list).toLazyList.foldLeft -- ZIO ahead 3x, chunk-native default vs our per-element walk of a List (the same class of gap as chunk-native comparisons elsewhere)
2026-09-03	1917beb3	2-22	idiomatic-step-generator	90562	276865	0.33	us/op N=4000, Source.range vs ZStream.unfold (verified from sources: Chunk.single(a) per step, ZIO's real per-element path) -- okay 3x AHEAD, the one axis where per-element cost genuinely favours our Free-tree representation over any array-native one
2026-09-03	1917beb3	2-22	idiomatic-runcollect-vs-toLazyList	188702	145614	1.30	us/op Source.runCollect (stays in the Async program, no CanBlock per pull) vs toLazyList.foldLeft (blocks per pull) on the SAME source -- runCollect is 30% SLOWER, bars non-overlapping. Staying in-program costs more here: Either-unwrapping through Writer.uncons plus Vector :+ per element outweighs CanBlock's per-pull park in this single-threaded benchmark. runForeach (153.5 +/-9.6) is closer to toLazyList (145.6 +/-6.2, bars nearly touching) since it builds no Vector
2026-09-03	1917beb3	2-22	idiomatic-channel-vs-zio-queue	412529	114210	3.61	us/op Channel.buffer(1024)(list).drained.toLazyList.foreach vs a bounded Queue + ZStream.fromQueue().runForeach -- ZIO 3.6x ahead. Profiled: ~52 samples in Queue reversal (channel-queue-reversal, already investigated and declined), ~28 in resume rotation, ~21 in Drain/ChunkBuf batching, ~14 in the consumer-side LazyList cells toLazyList itself builds -- the same channel-transaction cost four prior lanes already declined to optimise further, seen from a new angle rather than a new opportunity
2026-09-03	f61679b9	1.4	channel-ring-mechanism	23368	78872	0.30	us/op 4000 push+pop pairs through the lock-free ring vs the same two operations expressed as Channel.State does them today (rebuild an immutable Queue inside a case class, CAS the whole value) -- 3.4x, bars far apart. Matches the 3.6x gap to zio.Queue measured in idiomatic-api-compare, confirming the rebuild-per-operation model was the right root cause and not the queue structure inside it (which three prior lanes swapped without effect)
2026-09-03	4925be91	1.1	ring-channel-cas-vs-default	143947	187695	0.77	us/op CasChannel (Michael-Scott, unbounded) vs StmChannel at ITS unbounded setting -- the honest pair, since a ring cannot be unbounded. 1.3x faster, and within 18% of zio.Queue (122.2 +/-9.7) on the same harness
2026-09-03	4925be91	1.1	ring-channel-ring-vs-default	249929	418150	0.60	us/op RingChannel (bounded 1024) vs StmChannel bounded -- 1.7x. But the RING MECHANISM alone measured 3.4x (channel-ring), so the waiter protocol around it is eating more than half the win: a List-based waiter queue with last/init is O(n), a fresh Waiter is allocated per retry iteration, and the close barrier spins. Filed rather than claimed as done
2026-09-04	channel-guarantees	ChannelGuaranteeBenchmark	okayStrong	333.630	us/op	N=4000 cap=1024	StmChannel: drain-on-close as an invariant of the mechanism
2026-09-04	channel-guarantees	ChannelGuaranteeBenchmark	okayWeak	206.026	us/op	N=4000 cap=1024	AbruptChannel: close discards, no termination detection
2026-09-04	channel-guarantees	ChannelGuaranteeBenchmark	okayLayered	177.442	us/op	N=4000 cap=1024	AbruptChannel + FIFO sentinel: the SAME contract as okayStrong, 1.9x cheaper
2026-09-04	channel-guarantees	ChannelGuaranteeBenchmark	zioStrong	187.129	us/op	N=4000 cap=1024	zio.Queue[Option] + collectWhileSome: our contract, their queue
2026-09-04	channel-guarantees	ChannelGuaranteeBenchmark	zioWeak	168.942	us/op	N=4000 cap=1024	zio.Queue + take(N): count known up front, no detection at all
2026-09-04	channel-weak-gap	ChannelGranularityBenchmark	okayChunked	121.164	us/op	N=4000 cap=1024 f=3	AbruptChannel + Ring.popMany: one head CAS per batch; confirmed on two quiet runs (111.6, 121.2)
2026-09-04	channel-weak-gap	ChannelGranularityBenchmark	okayElementwise	192.834	us/op	N=4000 cap=1024 f=3	one receiveBlocking per element, after the CanBlock slot replaced CompletableFuture
2026-09-04	channel-weak-gap	ChannelGranularityBenchmark	zioChunked	156.151	us/op	N=4000 cap=1024 f=3	ZStream.fromQueue: up to 4096 elements per queue op
2026-09-04	channel-weak-gap	ChannelGranularityBenchmark	zioElementwise	423.354	us/op	N=4000 cap=1024 f=3	q.take per element -- their queue at OUR granularity
2026-09-04	channel-bulk-and-alloc	ChannelGranularityBenchmark	okaySendBulkRecvChunk	66.929	us/op	N=4000 cap=1024 batch=64 f=3 i=10	sendManyNow + chunked receive: batch BOTH ends -- 1.71x past zioChunked
2026-09-04	channel-bulk-and-alloc	ChannelGranularityBenchmark	okaySendElemRecvChunk	109.041	us/op	N=4000 cap=1024 batch=64 f=3 i=10	elementwise send + chunked receive; the control, matches okayChunked
2026-09-04	channel-bulk-and-alloc	ChannelGranularityBenchmark	okayChunked	105.851	us/op	N=4000 cap=1024 batch=64 f=3 i=10	chunked both ways via receiveManyAsync/popMany
2026-09-04	channel-bulk-and-alloc	ChannelGranularityBenchmark	okaySendElem	196.715	us/op	N=4000 cap=1024 batch=64 f=3 i=10	elementwise send + elementwise receive
2026-09-04	channel-bulk-and-alloc	ChannelGranularityBenchmark	okaySendBulk	280.380	us/op	N=4000 cap=1024 batch=64 f=3 i=10	sendManyNow against an ELEMENTWISE consumer: 1.43x LOSS, the ring is always full
2026-09-04	channel-bulk-and-alloc	ChannelGranularityBenchmark	zioChunked	114.827	us/op	N=4000 cap=1024 batch=64 f=3 i=10	ZStream.fromQueue, up to 4096 per queue op
2026-09-04	channel-bulk-and-alloc	ChannelGranularityBenchmark	okayElementwise	222.065	us/op	N=4000 cap=1024 batch=64 f=3 i=10	one receiveBlocking per element
2026-09-04	channel-bulk-and-alloc	ChannelGranularityBenchmark	zioElementwise	308.988	us/op	N=4000 cap=1024 batch=64 f=3 i=10	q.take per element
2026-09-04	channel-bulk-and-alloc	ChannelGuaranteeBenchmark	okayLayeredChunk	115.857	us/op	N=4000 cap=1024 f=3 i=8	the STRONG contract as a sentinel layer: 2.4% over okayWeakChunk, and past zioStrongChunk
2026-09-04	channel-bulk-and-alloc	ChannelGuaranteeBenchmark	okayWeakChunk	113.149	us/op	N=4000 cap=1024 f=3 i=8	weak contract, chunked
2026-09-04	channel-bulk-and-alloc	ChannelGuaranteeBenchmark	okayStrongChunk	166.057	us/op	N=4000 cap=1024 f=3 i=8	StmChannel: the same contract as an INVARIANT costs 47%
2026-09-04	channel-bulk-and-alloc	ChannelGuaranteeBenchmark	zioStrongChunk	124.024	us/op	N=4000 cap=1024 f=3 i=8	Queue[Option] + collectWhileSome
2026-09-04	channel-bulk-and-alloc	ChannelGuaranteeBenchmark	zioWeakChunk	115.297	us/op	N=4000 cap=1024 f=3 i=8	Queue + take(N)
2026-09-04	channel-bulk-and-alloc	ChannelGuaranteeBenchmark	okayLayeredElem	194.473	us/op	N=4000 cap=1024 f=3 i=8	the layer costs nothing elementwise (okayWeakElem 204.6)
2026-09-04	channel-bulk-and-alloc	ChannelGuaranteeBenchmark	okayWeakElem	204.630	us/op	N=4000 cap=1024 f=3 i=8	weak contract, elementwise
2026-09-04	channel-bulk-and-alloc	ChannelGuaranteeBenchmark	okayStrongElem	279.429	us/op	N=4000 cap=1024 f=3 i=8	the invariant costs 37% elementwise
2026-09-04	channel-bulk-and-alloc	ChannelGuaranteeBenchmark	zioStrongElem	294.886	us/op	N=4000 cap=1024 f=3 i=8	their queue, our contract, their granularity fixed to ours
2026-09-04	channel-bulk-and-alloc	ChannelGuaranteeBenchmark	zioWeakElem	298.302	us/op	N=4000 cap=1024 f=3 i=8	q.take per element -- the row the old table hid behind ZStream
2026-09-04	channel-sentinel-default	ChannelGuaranteeBenchmark	okaySentinelElem	208.913	us/op	N=4000 cap=1024 f=3 i=8	SentinelChannel: the strong contract via a mark in the ring -- 1.44x past StmChannel, 1.53x past zioStrongElem
2026-09-04	channel-sentinel-default	ChannelGuaranteeBenchmark	okaySentinelChunk	175.303	us/op	N=4000 cap=1024 f=3 i=8	level with StmChannel (172.3); the zioStrongChunk gap (128.0) is NOT closed
2026-09-04	channel-sentinel-default	ChannelGuaranteeBenchmark	okayStrongElem	300.134	us/op	N=4000 cap=1024 f=3 i=8	StmChannel, same run
2026-09-04	channel-sentinel-default	ChannelGuaranteeBenchmark	okayStrongChunk	172.332	us/op	N=4000 cap=1024 f=3 i=8	StmChannel, same run
2026-09-04	channel-sentinel-default	ChannelGuaranteeBenchmark	zioStrongElem	320.092	us/op	N=4000 cap=1024 f=3 i=8	Queue[Option], elementwise, same run
2026-09-04	channel-sentinel-default	ChannelGuaranteeBenchmark	zioStrongChunk	127.975	us/op	N=4000 cap=1024 f=3 i=8	Queue[Option] + collectWhileSome, same run
2026-09-04	channel-send-fastpath	ChannelGuaranteeBenchmark	okaySentinelChunk	58.730	us/op	N=4000 cap=1024 f=3 i=8	offer-first sendBlocking: batch 35.4 -> 444.4 elements, 2.06x past zioStrongChunk
2026-09-04	channel-send-fastpath	ChannelGuaranteeBenchmark	okaySentinelElem	268.700	us/op	N=4000 cap=1024 f=3 i=8	the other side of the trade: a producer that fills the ring parks per element
2026-09-04	channel-send-fastpath	ChannelGuaranteeBenchmark	okayStrongChunk	128.624	us/op	N=4000 cap=1024 f=3 i=8	StmChannel gains from the same fast path (was 172.3)
2026-09-04	channel-send-fastpath	ChannelGuaranteeBenchmark	okayStrongElem	235.458	us/op	N=4000 cap=1024 f=3 i=8	StmChannel, same run
2026-09-04	channel-send-fastpath	ChannelGuaranteeBenchmark	zioStrongChunk	120.744	us/op	N=4000 cap=1024 f=3 i=8	Queue[Option] + collectWhileSome, same run
2026-09-04	channel-send-fastpath	ChannelGuaranteeBenchmark	zioStrongElem	279.583	us/op	N=4000 cap=1024 f=3 i=8	Queue[Option], elementwise, same run
2026-09-04	channel-ring-unbounded	ChannelGuaranteeBenchmark	okayUnboundedChunk	49.080	us/op	N=4000 cap=1024 f=3 i=8 quiet box	Channel.apply() default: SentinelChannel over Segments -- 7.8x past zioUnboundedChunk
2026-09-04	channel-ring-unbounded	ChannelGuaranteeBenchmark	okayUnboundedElem	110.506	us/op	N=4000 cap=1024 f=3 i=8 quiet box	the same, elementwise -- 4.0x past zioUnboundedElem
2026-09-04	channel-ring-unbounded	ChannelGuaranteeBenchmark	zioUnboundedChunk	383.817	us/op	N=4000 cap=1024 f=3 i=8 quiet box	Queue.unbounded[Option] + collectWhileSome
2026-09-04	channel-ring-unbounded	ChannelGuaranteeBenchmark	zioUnboundedElem	439.120	us/op	N=4000 cap=1024 f=3 i=8 quiet box	Queue.unbounded[Option], q.take per element
2026-09-04	channel-ring-unbounded	ChannelGuaranteeBenchmark	okaySentinelChunk	56.207	us/op	N=4000 cap=1024 f=3 i=8 quiet box	bounded strong, ring + mark
2026-09-04	channel-ring-unbounded	ChannelGuaranteeBenchmark	okaySentinelElem	248.593	us/op	N=4000 cap=1024 f=3 i=8 quiet box	bounded strong, elementwise
2026-09-04	channel-ring-unbounded	ChannelGuaranteeBenchmark	zioStrongChunk	125.934	us/op	N=4000 cap=1024 f=3 i=8 quiet box	Queue.bounded[Option] + collectWhileSome
2026-09-04	channel-ring-unbounded	ChannelGuaranteeBenchmark	zioStrongElem	286.926	us/op	N=4000 cap=1024 f=3 i=8 quiet box	Queue.bounded[Option], elementwise
2026-09-04	channel-ring-unbounded	ChannelGuaranteeBenchmark	okayWeakChunk	54.801	us/op	N=4000 cap=1024 f=3 i=8 quiet box	AbruptChannel, chunked
2026-09-04	channel-ring-unbounded	ChannelGuaranteeBenchmark	okayWeakElem	237.633	us/op	N=4000 cap=1024 f=3 i=8 quiet box	AbruptChannel, elementwise
2026-09-04	channel-ring-unbounded	ChannelGuaranteeBenchmark	zioWeakChunk	116.097	us/op	N=4000 cap=1024 f=3 i=8 quiet box	Queue.bounded + ZStream
2026-09-04	channel-ring-unbounded	ChannelGuaranteeBenchmark	zioWeakElem	304.031	us/op	N=4000 cap=1024 f=3 i=8 quiet box	Queue.bounded, q.take per element
2026-09-04	channel-ring-unbounded	ChannelGuaranteeBenchmark	okayStrongChunk	127.994	us/op	N=4000 cap=1024 f=3 i=8 quiet box	StmChannel: the ONLY lane still behind, by 1.6% -- no longer any capacity's default
2026-09-04	channel-ring-unbounded	ChannelGuaranteeBenchmark	okayStrongElem	235.687	us/op	N=4000 cap=1024 f=3 i=8 quiet box	StmChannel, elementwise -- ahead
2026-09-04	channel-ring-unbounded	ChannelGuaranteeBenchmark	okayLayeredChunk	48.989	us/op	N=4000 cap=1024 f=3 i=8 quiet box	the sentinel-as-a-layer reference lane
2026-09-04	channel-ring-unbounded	ChannelGuaranteeBenchmark	okayLayeredElem	229.722	us/op	N=4000 cap=1024 f=3 i=8 quiet box	the same, elementwise
2026-09-04	stm-fifo-post-cas	ChannelGuaranteeBenchmark	okayStrongChunk	114.529	us/op	N=4000 cap=1024 f=3 i=8	StmChannel with Fifo + post-CAS fill: 128.0 -> 114.5, now past zioStrongChunk 123.8
2026-09-04	stm-fifo-post-cas	ChannelGuaranteeBenchmark	okayStrongElem	223.446	us/op	N=4000 cap=1024 f=3 i=8	the same lane elementwise, 235.7 -> 223.4
2026-09-04	stm-fifo-post-cas	ChannelGuaranteeBenchmark	zioStrongChunk	123.764	us/op	N=4000 cap=1024 f=3 i=8	Queue.bounded[Option] + collectWhileSome, same run
2026-09-04	stm-fifo-post-cas	ChannelGuaranteeBenchmark	zioStrongElem	302.016	us/op	N=4000 cap=1024 f=3 i=8	Queue.bounded[Option] elementwise, same run
2026-09-04	fifo-array-front	ChannelGuaranteeBenchmark	okayStmArrayElem	252.972	us/op	N=4000 cap=1024 side by side	ArrayFifo: front as an immutable chunk + index, 60 samples
2026-09-04	fifo-array-front	ChannelGuaranteeBenchmark	okayStmListElem	271.350	us/op	N=4000 cap=1024 side by side	ListFifo: the banker's pair of lists, same run -- array ahead by 7.3%
2026-09-04	fifo-array-front	ChannelGuaranteeBenchmark	okayStmArrayChunk	129.354	us/op	N=4000 cap=1024 side by side	chunked: a tie with the list (131.7), as predicted -- the reverse was already gone from this path
2026-09-04	fifo-array-front	ChannelGuaranteeBenchmark	okayStmListChunk	131.710	us/op	N=4000 cap=1024 side by side	chunked, same run
2026-09-04	relaxed-queues-builder	ManyProducersBenchmark	relaxedUnbounded/16	169.901	us/op	Total=8000 cap=1024 f=2 i=5	MultiFifo over Segments, 16 producers: 17.5x past zio.Queue, and FASTER than at 1 producer
2026-09-04	relaxed-queues-builder	ManyProducersBenchmark	relaxedUnbounded/4	177.933	us/op	Total=8000 cap=1024 f=2 i=5	the same at 4
2026-09-04	relaxed-queues-builder	ManyProducersBenchmark	relaxedUnbounded/1	354.289	us/op	Total=8000 cap=1024 f=2 i=5	the same at 1 -- relaxation costs a little when there is nothing to relax
2026-09-04	relaxed-queues-builder	ManyProducersBenchmark	relaxed/16	111546.441	us/op	Total=8000 cap=1024 f=2 i=5	MultiFifo over Ring, 16 producers: 35x WORSE than one ring -- global waiters against a per-part resource
2026-09-04	relaxed-queues-builder	ManyProducersBenchmark	oneRing/16	3149.829	us/op	Total=8000 cap=1024 f=2 i=5	a single bounded ring, 16 producers
2026-09-04	relaxed-queues-builder	ManyProducersBenchmark	oneUnbounded/16	741.780	us/op	Total=8000 cap=1024 f=2 i=5	a single growable buffer, 16 producers
2026-09-04	relaxed-queues-builder	ManyProducersBenchmark	zioQueue/16	2967.204	us/op	Total=8000 cap=1024 f=2 i=5	zio.Queue.bounded + ZStream, 16 producers
2026-09-04	idiomatic-recheck	IdiomaticApiBenchmark	okayChannelForeach	232.566	us/op	N=4000 f=3 i=6	after the channel arc: 412.5 -> 232.6, 1.77x; the rest is Drain and the LazyList bridge, not the queue
2026-09-04	idiomatic-recheck	IdiomaticApiBenchmark	zioChannelForeach	113.205	us/op	N=4000 f=3 i=6	unchanged control -- 114.2 before
2026-09-04	idiomatic-recheck	IdiomaticApiBenchmark	okayCollectionWhole	152.694	us/op	N=4000 f=3 i=6	control, 145.6 before
2026-09-04	idiomatic-recheck	IdiomaticApiBenchmark	zioCollectionWhole	49.216	us/op	N=4000 f=3 i=6	control, 49.1 before
2026-09-04	idiomatic-recheck	IdiomaticApiBenchmark	okayStepWhole	90.398	us/op	N=4000 f=3 i=6	control, 90.6 before
2026-09-04	idiomatic-recheck	IdiomaticApiBenchmark	zioStepWhole	275.325	us/op	N=4000 f=3 i=6	control, 276.9 before
2026-09-04	like-for-like-lanes	IdiomaticApiBenchmark	okayCollection_chunk_fold	11.016	us/op	N=4000 f=2 i=6	Chunks.fromIterator + foldLeft: the LIKE-FOR-LIKE partner -- 4.5x PAST zio, where the mismatched row read 3.1x behind
2026-09-04	like-for-like-lanes	IdiomaticApiBenchmark	zioCollection_chunk_runSum	49.569	us/op	N=4000 f=2 i=6	ZStream.fromIterable.runSum, same run
2026-09-04	like-for-like-lanes	IdiomaticApiBenchmark	okayCollection_elem_lazyList	154.093	us/op	N=4000 f=2 i=6	our elementwise surface plus a memoising bridge -- a real thing, but not zio's row
2026-09-04	like-for-like-lanes	IdiomaticApiBenchmark	okayChannelForeach_elem_lazyList	219.082	us/op	N=4000 f=2 i=6	the channel row stands at 1.77x behind, honestly measured
2026-09-04	like-for-like-lanes	IdiomaticApiBenchmark	okayChannelForeach_elem_runForeach	226.791	us/op	N=4000 f=2 i=6	runForeach is NOT cheaper here -- memoisation was not the cost
2026-09-04	like-for-like-lanes	IdiomaticApiBenchmark	okayChannelForeach_chunk_fold	318.740	us/op	N=4000 f=2 i=6	chunking ON TOP of an already-batched source: a layer added, not removed
2026-09-04	like-for-like-lanes	IdiomaticApiBenchmark	zioChannelForeach_chunk_runForeach	123.738	us/op	N=4000 f=2 i=6	control, 113-114 in earlier runs
2026-09-04	like-for-like-lanes	IdiomaticApiBenchmark	okayStep_elem_lazyList	90.296	us/op	N=4000 f=2 i=6	control, 90.4 before
2026-09-04	like-for-like-lanes	IdiomaticApiBenchmark	zioStep_elem_runSum	279.997	us/op	N=4000 f=2 i=6	control, 275-280 before
2026-09-05	067efb98	2.0	idiomatic-channel-runforeach-REPLICATED	215300	220700	0.98	us/op okayChannelForeach_elem_runForeach vs _elem_lazyList, 3 forks x 8 iterations on a quiet box -- 215.3 +/- 7.6 against 220.7 +/- 7.0, bars overlapping. An INDEPENDENT REPLICATION of like-for-like-lanes' 226.8 vs 219.1, not a new finding: the read path is not what costs us ~2x against zio.Queue. Control zioChannelForeach 112.9 +/- 1.0 against 113.2 recorded hours earlier
2026-09-05	067efb98	6.2	BENCHMARK-COLLISION-WARNING	597500	276900	2.16	us/op NOT A RESULT. zioStepWhole read 597.5 +/- 430.1 against 276.9 +/- 8.4 for the same benchmark the day before, because two agents ran JMH on this box at once. A contended box does not fail, it widens the interval, so any ratio taken from that window is fiction. Recorded so nobody quotes it, and as the argument for saying 'box: taking it' in the room before a run
2026-09-05	chunk-size-sweep	ChunkFlushBenchmark	okayChunksNative/16	29.370	us/op	2x2000 f=2 i=6	Chunks-native, the LIKE-FOR-LIKE partner for zioChunked: 4.3x ahead at k=16
2026-09-05	chunk-size-sweep	ChunkFlushBenchmark	okayChunksNative/256	31.822	us/op	2x2000 f=2 i=6	flat in the chunk size
2026-09-05	chunk-size-sweep	ChunkFlushBenchmark	okayChunksNative/1024	24.847	us/op	2x2000 f=2 i=6	2.8x ahead of zioChunked at k=1024
2026-09-05	chunk-size-sweep	ChunkFlushBenchmark	okayChunked/1024	217.214	us/op	2x2000 f=2 i=6	Source.merge(chunked=true): diagnostic, ZStream has no per-element source to chunk
2026-09-05	chunk-size-sweep	ChunkFlushBenchmark	okayChunkedComposed/1024	409.433	us/op	2x2000 f=2 i=6	composed form; an earlier run's apparent degradation with k was NOISE (bars +-71 to +-142)
2026-09-05	chunk-size-sweep	ChunkFlushBenchmark	zioChunked/16	126.438	us/op	2x2000 f=2 i=6	control
2026-09-05	chunk-size-sweep	ChunkFlushBenchmark	zioChunked/1024	68.494	us/op	2x2000 f=2 i=6	control
2026-09-05	channel-per-part-waiters	ManyProducersBenchmark	relaxed/16	485.276	us/op	Total=8000 cap=1024 f=2 i=5	per-part waiters: 111546 -> 485, a 230x fix; 5.3x past one ring and 5.5x past zio.Queue
2026-09-05	channel-per-part-waiters	ManyProducersBenchmark	relaxed/4	597.248	us/op	Total=8000 cap=1024 f=2 i=5	and it now scales the right way: 780 -> 597 -> 485
2026-09-05	channel-per-part-waiters	ManyProducersBenchmark	relaxed/1	779.813	us/op	Total=8000 cap=1024 f=2 i=5	relaxation costs a little when there is nothing to relax
2026-09-05	channel-per-part-waiters	ManyProducersBenchmark	relaxedUnbounded/16	183.096	us/op	Total=8000 cap=1024 f=2 i=5	still the fastest lane
2026-09-05	channel-per-part-waiters	ManyProducersBenchmark	oneRing/16	2586.305	us/op	Total=8000 cap=1024 f=2 i=5	control
2026-09-05	channel-per-part-waiters	ManyProducersBenchmark	zioQueue/16	2653.135	us/op	Total=8000 cap=1024 f=2 i=5	control
2026-09-05	producers-chunked-consumer	ManyProducersBenchmark	oneUnbounded_chunk/1	157.707	us/op	Total=8000 f=2 i=5 chunked both sides	fair consumer on both sides: 2.7x past zio at one producer
2026-09-05	producers-chunked-consumer	ManyProducersBenchmark	relaxedUnbounded_chunk/4	195.951	us/op	Total=8000 f=2 i=5 chunked both sides	6.6x past zio at four
2026-09-05	producers-chunked-consumer	ManyProducersBenchmark	relaxedUnbounded_chunk/16	129.711	us/op	Total=8000 f=2 i=5 chunked both sides	19.6x past zio at sixteen
2026-09-05	producers-chunked-consumer	ManyProducersBenchmark	relaxed_chunk/16	362.219	us/op	Total=8000 f=2 i=5 chunked both sides	bounded relaxed, chunked consumer
2026-09-05	producers-chunked-consumer	ManyProducersBenchmark	oneRing_chunk/16	2073.553	us/op	Total=8000 f=2 i=5 chunked both sides	a single bounded ring
2026-09-05	producers-chunked-consumer	ManyProducersBenchmark	zioQueue_chunk/1	427.736	us/op	Total=8000 f=2 i=5 chunked both sides	control; the earlier 285.4 was measured against our ELEMENTWISE consumer
2026-09-05	producers-chunked-consumer	ManyProducersBenchmark	zioQueue_chunk/16	2540.774	us/op	Total=8000 f=2 i=5 chunked both sides	control
2026-09-05	collection-foreach-pair	IdiomaticApiBenchmark	okayCollectionForeach_chunk_fold	12.774	us/op	N=4000 f=2 i=6	the fifth mismatched row flips: 7.6x past zio, where the elementwise pairing read 1.7x behind
2026-09-05	collection-foreach-pair	IdiomaticApiBenchmark	zioCollectionForeach_chunk_runForeach	96.889	us/op	N=4000 f=2 i=6	control
2026-09-05	collection-foreach-pair	IdiomaticApiBenchmark	okayCollection_chunk_fold	12.437	us/op	N=4000 f=2 i=6	4.5x past zioCollection_chunk_runSum, confirming the earlier 11.0
2026-09-05	collection-foreach-pair	IdiomaticApiBenchmark	okayChannelForeach_elem_runForeach	267.181	us/op	N=4000 f=2 i=6	the ONE genuine gap left: 1.95x behind, and the cost is above the channel
2026-09-05	collection-foreach-pair	IdiomaticApiBenchmark	zioChannelForeach_chunk_runForeach	138.493	us/op	N=4000 f=2 i=6	control
2026-09-05	buffer-chunked-feed	IdiomaticApiBenchmark	okayChannelForeach_chunkNative_runForeach	90.380	us/op	N=4000 cap=64 size=256 f=2 i=6	bufferChunked + drained: 264.5 -> 90.4, and 1.5x PAST zio -- the last gap in the idiomatic table closes
2026-09-05	buffer-chunked-feed	IdiomaticApiBenchmark	zioChannelForeach_chunk_runForeach	135.626	us/op	N=4000 cap=64 size=256 f=2 i=6	control, same run
2026-09-05	buffer-chunked-feed	IdiomaticApiBenchmark	okayChannelForeach_elem_runForeach	324.103	us/op	N=4000 cap=64 size=256 f=2 i=6	diagnostic: per-element on both sides, no batch to amortise (measured 1.67 elements)
2026-09-05	974b279b	3.5	intent-tier-latency	1400	96000	0.01	ns/op x1000 — cue tier one message, JMH 1.4 +/- 0.1us against the 96us this spec quoted from a System.nanoTime loop in a test. 50-70x, and the gap is the JIT the cold loop was measuring
2026-09-05	974b279b	3.5	intent-router-offline	1400	15300	0.09	ns/op x1000 — Router.offline().route: 1.4 +/- 0.0us when a cue answers, 15.3 +/- 1.4us when none fires and the model is consulted. Both rows kept; the door has two costs
2026-09-05	974b279b	3.5	intent-chargrams-score	13700	92000	0.15	ns/op x1000 — character n-grams on the shipped model, JMH 13.7 +/- 0.2us against 92us quoted
2026-09-05	974b279b	3.5	intent-model-load	58900	0	0.00	ns/op x1000 — decoding the shipped model, 58.9 +/- 1.1us. NEVER MEASURED BEFORE: this is the whole cost Models.meeting puts on a startup path, once
2026-09-05	974b279b	3.5	intent-fit-chargrams	40090000	404000000	0.10	ns/op — fitting character n-grams on 60 rows at dim 1024, JMH 40.1 +/- 0.8ms against the 404ms quoted from a test loop
2026-09-05	adaptive-parts	ManyProducersBenchmark	adaptive_chunk/1	138.836	us/op	Total=8000 chunked consumer f=4 i=6	adaptive.bounded at one producer: 19% over a plain ring (116.8) after the single-part fast path, from 30%
2026-09-05	adaptive-parts	ManyProducersBenchmark	adaptive_chunk/4	120.200	us/op	Total=8000 chunked consumer f=4 i=6	and 6.1x under the ring at four
2026-09-05	adaptive-parts	ManyProducersBenchmark	adaptive_chunk/16	86.347	us/op	Total=8000 chunked consumer f=4 i=6	35x under the ring at sixteen
2026-09-05	adaptive-parts	ManyProducersBenchmark	adaptiveUnbounded_chunk/4	92.958	us/op	Total=8000 chunked consumer f=4 i=6	the fastest lane at four
2026-09-05	adaptive-parts	ManyProducersBenchmark	adaptiveUnbounded_chunk/16	79.621	us/op	Total=8000 chunked consumer f=4 i=6	38x under the ring at sixteen, and past the hand-tuned relaxed lane
2026-09-05	adaptive-parts	ManyProducersBenchmark	oneRing_chunk/1	116.750	us/op	Total=8000 chunked consumer f=4 i=6	control: the plain ring, best at one producer
2026-09-05	adaptive-parts	ManyProducersBenchmark	oneRing_chunk/16	3048.429	us/op	Total=8000 chunked consumer f=4 i=6	control
2026-09-06	feed-linear-view	IdiomaticApiBenchmark	okayChannelForeach_chunkNative_runForeach	19.664	us/op	N=4000 f=3 i=6	the linear-view feed: 90.4 -> 19.7, 4.6x, and 6.8x past zio (133.0)
2026-09-06	feed-linear-view	IdiomaticApiBenchmark	okayChannelForeach_elem_runForeach	209.322	us/op	N=4000 f=3 i=6	the same feed fix reaches the elementwise lanes: 267.2 -> 209.3
2026-09-06	feed-linear-view	IdiomaticApiBenchmark	zioChannelForeach_chunk_runForeach	133.001	us/op	N=4000 f=3 i=6	control, unmoved
2026-09-06	feed-linear-view	IdiomaticApiBenchmark	okayCollection_chunk_fold	11.047	us/op	N=4000 f=3 i=6	control: no feed on this path, unmoved
2026-09-06	feed-linear-view	IdiomaticApiBenchmark	zioCollection_chunk_runSum	51.795	us/op	N=4000 f=3 i=6	control, unmoved
2026-09-06	idiomatic-verify	IdiomaticApiBenchmark	okayChannelForeach_chunkNative_runForeach	18.919	us/op	N=4000 f=2 i=6 quiet load=2.18	the row verified independently: ledger 19.664 -> 18.9, within 4%, on a box checked quiet with `pgrep -f sbt-launch` (load 2.18). 5.9x past zio in the same run
2026-09-06	idiomatic-verify	IdiomaticApiBenchmark	zioChannelForeach_chunk_runForeach	112.352	us/op	N=4000 f=2 i=6 quiet load=2.18	control, unmoved across four days of this row changing (114.2 / 113.2 / 133.0 / 112.4)
2026-09-06	idiomatic-verify	IdiomaticApiBenchmark	okayCollection_chunk_fold	10.849	us/op	N=4000 f=2 i=6 quiet load=2.18	control: 11.0 recorded, agrees
2026-09-06	idiomatic-verify	IdiomaticApiBenchmark	okayStep_elem_lazyList	89.906	us/op	N=4000 f=2 i=6 quiet load=2.18	control: 90.4 recorded, agrees
2026-09-06	idiomatic-verify	IdiomaticApiBenchmark	zioStep_elem_runSum	274.148	us/op	N=4000 f=2 i=6 quiet load=2.18	control: 276.9 recorded, agrees
2026-09-06	idiomatic-verify	IdiomaticApiBenchmark	okayCollection_elem_runCollect	201.302	us/op	N=4000 f=2 i=6 quiet load=2.18	AGAINST us and kept: 36% slower than toLazyList's 148.5 in the same run, where the recorded pair read 30%. runCollect is an ergonomics addition, not a performance one
2026-09-06	idiomatic-verify	IdiomaticApiBenchmark	okayStep_elem_unfold_lazyList	101.823	us/op	N=4000 f=2 i=6 quiet load=2.18	Source.unfold against range's 89.9 -- 13% for the general form, the tuple per step the API note predicts
2026-09-06	benchmark-fairness-audit	FairnessProbeBenchmark	floor_catsIO	7.594	us/op	f=2 i=5 quiet load=2.83 (a loaded run agreed within bars on every lane)	unsafeRunSync: fiber to the compute pool + ArrayBlockingQueue (IO.scala:1031). Every cats lane pays this; no okay lane does
2026-09-06	benchmark-fairness-audit	FairnessProbeBenchmark	floor_zio	0.041	us/op	f=2 i=5 quiet load=2.83 (a loaded run agreed within bars on every lane)	unsafe.run starts on the caller thread, Right(exit) when it finishes synchronously
2026-09-06	benchmark-fairness-audit	FairnessProbeBenchmark	floor_kyoRunAndBlock	7.220	us/op	f=2 i=5 quiet load=2.83 (a loaded run agreed within bars on every lane)	kyo's async entry pays what cats pays; .eval is 0.00
2026-09-06	benchmark-fairness-audit	FairnessProbeBenchmark	chain_catsIO_delay	149.073	us/op	f=2 i=5 quiet load=2.83 (a loaded run agreed within bars on every lane)	the §1 spelling, IO(x+1) = Delay node
2026-09-06	benchmark-fairness-audit	FairnessProbeBenchmark	chain_catsIO_pure	124.114	us/op	f=2 i=5 quiet load=2.83 (a loaded run agreed within bars on every lane)	IO.pure(x+1), the twin of Cont.Pure: 15% of the cats row was the node kind. okayCont 87.29 same run
2026-09-06	benchmark-fairness-audit	FairnessProbeBenchmark	chain_zio_succeed	176.837	us/op	f=2 i=5 quiet load=2.83 (a loaded run agreed within bars on every lane)	the §1 spelling
2026-09-06	benchmark-fairness-audit	FairnessProbeBenchmark	chain_zio_exit	184.302	us/op	f=2 i=5 quiet load=2.83 (a loaded run agreed within bars on every lane)	Exit.succeed per bind: within bars of succeed (+/-23.3), no node-kind effect on the zio side
2026-09-06	benchmark-fairness-audit	FairnessProbeBenchmark	pipeline_zioIterate	627.951	us/op	f=2 i=5 quiet load=2.83 (a loaded run agreed within bars on every lane)	§5's ZIO row source, per-element
2026-09-06	benchmark-fairness-audit	FairnessProbeBenchmark	pipeline_zioRange	36.699	us/op	f=2 i=5 quiet load=2.83 (a loaded run agreed within bars on every lane)	ZStream.range, ZIO's chunked source: 17x under the table's row, 2.6x the Iterator floor (14.32 same run)
2026-09-06	benchmark-fairness-audit	FairnessProbeBenchmark	pipeline_fs2RangeIO	1721.058	us/op	f=2 i=5 quiet load=2.83 (a loaded run agreed within bars on every lane)	§5's fs2 row source: range is emit++go, a singleton per element (Stream.scala:3981)
2026-09-06	benchmark-fairness-audit	FairnessProbeBenchmark	pipeline_fs2RangePure	1331.454	us/op	f=2 i=5 quiet load=2.83 (a loaded run agreed within bars on every lane)	the same without IO: range itself is the cost
2026-09-06	benchmark-fairness-audit	FairnessProbeBenchmark	pipeline_fs2EmitsPure	19.762	us/op	f=2 i=5 quiet load=2.83 (a loaded run agreed within bars on every lane)	Stream.emits, pure, no runtime: 60x under the table's fs2 row, 1.4x the floor
2026-09-06	benchmark-fairness-audit	FairnessProbeBenchmark	merge_fs2_emitsBefore	280.987	us/op	f=2 i=5 quiet load=2.83 (a loaded run agreed within bars on every lane)	N=2000: chunk BEFORE the merge (emits.chunkN(256).unchunks); singleton spelling 35700 in the loaded run. zio range merge 59.0 same run
2026-09-06	benchmark-fairness-audit	FairnessProbeBenchmark	queue_zio_refUpdate	112.309	us/op	f=2 i=5 quiet load=2.83 (a loaded run agreed within bars on every lane)	VERIFIED FAIR: the project's Ref.update-per-element consumer is not penalising zio -- plain var 106.3, idiomatic runSum 155.1 (slower)
2026-09-06	benchmark-fairness-audit	FairnessProbeBenchmark	queue_okay_chunkNative	19.373	us/op	f=2 i=5 quiet load=2.83 (a loaded run agreed within bars on every lane)	same run tie to §6c: 18.9 there
2026-09-06	fs2-chunked-merge-lanes	MergeBenchmark	fs2MergeChunkNative	84.0	us/op	f=2 i=6 quiet load=2.35 no other sbt	N=500: Stream.emits a side, fs2's own one-chunk source. Singleton spelling 8965 same run (table 8878). okay 10.9 / zio 44.6 ties agree
2026-09-06	fs2-chunked-merge-lanes	MergeBenchmark	fs2MergeSingletons	8965.4	us/op	f=2 i=6 quiet load=2.35 no other sbt	N=500: the old fs2Merge, renamed -- Stream.range is emit++go, a singleton per element (3.10.2 Stream.scala:3981)
2026-09-06	fs2-chunked-merge-lanes	ChunkFlushBenchmark	fs2ChunkNative	109.0	us/op	f=2 i=6 quiet load=2.35 no other sbt	N=2000 k=256 (k unused): emits a side, merge, fold per chunk. Was 44443 from the range source. Slightly AHEAD of zioChunked 126; 4.9x behind okay Chunks 22.3
2026-09-06	fs2-chunked-merge-lanes	ChunkFlushBenchmark	fs2ChunkNative_rangeSource	45197.3	us/op	f=2 i=6 quiet load=2.35 no other sbt	N=2000: the old fs2ChunkNative, renamed diagnostic -- a fold over one-element chunks
2026-09-06	fs2-chunked-merge-lanes	ChunkFlushBenchmark	fs2ChunkedBeforeMerge/16	2373.5	us/op	f=2 i=6 quiet load=2.35 no other sbt	N=2000: k a chunk on each side BEFORE the merge; zioChunked 129.4 same run
2026-09-06	fs2-chunked-merge-lanes	ChunkFlushBenchmark	fs2ChunkedBeforeMerge/256	292.8	us/op	f=2 i=6 quiet load=2.35 no other sbt	zioChunked 70.9 same run
2026-09-06	fs2-chunked-merge-lanes	ChunkFlushBenchmark	fs2ChunkedBeforeMerge/1024	142.1	us/op	f=2 i=6 quiet load=2.35 no other sbt	zioChunked 77.0 same run -- fs2 ~1us per chunk through merge, linear in chunk count
2026-09-06	fs2-chunked-merge-lanes	ChunkFlushBenchmark	fs2ChunkedAfterMerge/16	38116.3	us/op	f=2 i=6 quiet load=2.35 no other sbt	the old fs2Chunked, renamed diagnostic: chunkN AFTER the merge, the merge still sees singletons
2026-09-06	fs2-chunked-merge-lanes	ChunkFlushBenchmark	fs2GroupWithinChunked	14597.1	us/op	f=2 i=6 quiet load=2.35 no other sbt	N=2000 K=16: chunked sources then groupWithin(16, 1s). Was 54270 from singletons. zioGroupedWithin 5053.7 / okayChunkedFlush 241.0 same run
2026-09-06	fs2-chunked-merge-lanes	ChunkFlushBenchmark	fs2GroupWithinSingletons	53564.8	us/op	f=2 i=6 quiet load=2.35 no other sbt	the old fs2GroupWithin, renamed diagnostic
2026-09-06	fs2-chunked-merge-lanes	ChunkFlushBenchmark	zioChunked/16	129.4	us/op	f=2 i=6 quiet load=2.35 no other sbt	control: 126.4 recorded, agrees
2026-09-06	fs2-chunked-merge-lanes	ChunkFlushBenchmark	okayChunksNative/256	21.9	us/op	f=2 i=6 quiet load=2.35 no other sbt	control: 31.8 recorded on 5 Sep, 22.3 in the table -- agrees with the table
2026-09-06	fs2-chunked-merge-lanes	ChunkFlushBenchmark	zioPerElement/256	9966.0	us/op	f=2 i=6 quiet load=2.35 no other sbt	control: 10032 recorded, agrees
2026-09-06	close-the-gaps	ab-x3-medians	okayCollection_elem_runCollect	119.6	us/op	-f 1 -wi 3 -i 5, master vs worktree alternating, quiet load 2.2-2.9 no other sbt	KEPT: runCollect as one walk (split on TypeableK[Async]) instead of uncons+flatMap per element interpreted twice. Alternating A/B x3, medians: 200.4 -> 119.6, 0.60x. Now 25% FASTER than toLazyList.foldLeft (158.5 same runs), where it was 30% slower
2026-09-06	close-the-gaps	ab-x3-medians	okayCollection_elem_lazyList	158.5	us/op	-f 1 -wi 3 -i 5, master vs worktree alternating, quiet load 2.2-2.9 no other sbt	control, unchanged code: 158.5 -> 164.3 across arms (1.04x) -- the run's noise floor
2026-09-06	close-the-gaps	ab-x3-medians	okayChunks	22.5	us/op	-f 1 -wi 3 -i 5, master vs worktree alternating, quiet load 2.2-2.9 no other sbt	REFUTED: Chunks.elements as one cursor instead of flatMap(_.iterator). Medians 23.3 -> 22.5, 0.96x, inside the 4-5% control swing. Boxing through Iterator[A] is the cost, not the protocol. Reverted
2026-09-06	close-the-gaps	ab-x3-medians	okaySpawn	22.3	us/op	-f 1 -wi 3 -i 5, master vs worktree alternating, quiet load 2.2-2.9 no other sbt	REFUTED: JVM Fiber.joinEither on CompletableFuture.get() instead of onComplete+Slot+park. Medians 19.6 -> 22.3, 1.14x, WORSE in all three rounds -- get() spins before parking. Reverted
2026-09-06	close-the-gaps	ab-x3-medians	rawLoom	19.1	us/op	-f 1 -wi 3 -i 5, master vs worktree alternating, quiet load 2.2-2.9 no other sbt	control. NOTE: okaySpawn before the change reads 19.6 against this 19.1 -- the '8us over the Loom floor' in §4 (29 vs 21) does not reproduce in this session at -f 1; the fiber abstraction costs ~5ns per fork/join here
2026-09-06	close-the-gaps	ab-x3-medians	kyoAsync	17.0	us/op	-f 1 -wi 3 -i 5, master vs worktree alternating, quiet load 2.2-2.9 no other sbt	control; 16.9 after
2026-09-06	runforeach-one-walk	ab-x3-medians	okayCollectionForeach_elem_runForeach	99.9	us/op	-f 1 -wi 3 -i 5, master vs worktree alternating; load 2.1-5.5, a sibling sbt appeared during r1-after and r3-after -- controls held within 5%	KEPT: runForeach as one walk -- a tell embeds f(a) with one Bind, no uncons program per element. Alternating A/B x3, medians 159.7 -> 99.9, 0.63x; every round 98-103 after vs 138-161 before. Now 28% FASTER than toLazyList.foreach (139.5 same runs)
2026-09-06	runforeach-one-walk	ab-x3-medians	okayCollectionForeach_elem_lazyList	139.5	us/op	-f 1 -wi 3 -i 5, master vs worktree alternating; load 2.1-5.5, a sibling sbt appeared during r1-after and r3-after -- controls held within 5%	control, unchanged code: 146.7 -> 139.5, 0.95x
2026-09-06	runforeach-one-walk	ab-x3-medians	okayChannelForeach_elem_runForeach	213.3	us/op	-f 1 -wi 3 -i 5, master vs worktree alternating; load 2.1-5.5, a sibling sbt appeared during r1-after and r3-after -- controls held within 5%	UNMOVED by the same change: 209.1 -> 213.3, 1.02x. The channel source forwards an Async operation per element, so a Bind per element remains whatever the walk does -- the cost of that row is the channel's per-element op, not runForeach
2026-09-06	runforeach-one-walk	ab-x3-medians	okayChannelForeach_chunkNative_runForeach	20.2	us/op	-f 1 -wi 3 -i 5, master vs worktree alternating; load 2.1-5.5, a sibling sbt appeared during r1-after and r3-after -- controls held within 5%	control: 20.4 -> 20.2, as predicted (its work is inside the chunk)
2026-09-06	runforeach-one-walk	ab-x3-medians	okayCollection_chunk_fold	11.5	us/op	-f 1 -wi 3 -i 5, master vs worktree alternating; load 2.1-5.5, a sibling sbt appeared during r1-after and r3-after -- controls held within 5%	control: 11.1 -> 11.5, 1.03x
2026-09-06	actor-reactive-bench	-prof gc, 1 fork, 3+5 iterations; load 3.2-4.5, no sibling sbt; JFR on actorTell in a second run	actorTell	295.9	us/op	1.49x channelBuffer (198.5); 1837075 B/op, 1.31x	4000 tells as one program + one ask; JFR per message: Slot 142, boxed Long 141, Right 95, Some 89, Platform lambda 87, Async anon 87 -- the RECEIVE side's handshake, five objects per receiveBlocking, plus the Behavior[Long,_] state boxed per step
2026-09-06	actor-reactive-bench	-prof gc, 1 fork, 3+5 iterations; load 3.2-4.5, no sibling sbt; JFR on actorTell in a second run	channelBuffer	198.5	us/op	control; 1407042 B/op	the mailbox's own shape (Channel.buffer(256).drained), no actor
2026-09-06	actor-reactive-bench	-prof gc, 1 fork, 3+5 iterations; load 3.2-4.5, no sibling sbt; JFR on actorTell in a second run	actorAsk	2594.4	us/op	13.0 us per ask; 1108493 B/op = 5.5 KB per ask	200 sequential asks; each a Reply = Channel[R](2) + Async.race(receive, sleep(within)) -- a virtual-thread timer per ask
2026-09-06	actor-reactive-bench	-prof gc, 1 fork, 3+5 iterations; load 3.2-4.5, no sibling sbt; JFR on actorTell in a second run	actorSpawnStop	104.3	us/op	1.04 us per lifecycle; 431800 B/op = 4.3 KB	100 spawn+stop pairs; nothing to do here
2026-09-06	actor-reactive-bench	-prof gc, 1 fork, 3+5 iterations; load 3.2-4.5, no sibling sbt; JFR on actorTell in a second run	reactiveRound	312.9	us/op	5.67x plainSource (55.2); 2951724 B/op, 3.43x = 738 B/element	Source.range -> Flow.Publisher -> Flow.Subscriber -> Source, capacity 256, demand in half-window batches; the largest ratio measured today, unprofiled
2026-09-06	actor-reactive-bench	-prof gc, 1 fork, 3+5 iterations; load 3.2-4.5, no sibling sbt; JFR on actorTell in a second run	plainSource	55.2	us/op	control; 861088 B/op	the same Source.range(0, 4000), no bridge
2026-09-06	actor-receive-offer-first	-prof gc, 1 fork, 3+5 iterations; NEW -> OLD -> NEW order control; load 3.4-6.5; channelBuffer control 199-203 throughout	actorTell (empty mailbox) OLD loop	343.7	us/op	1842119 B/op	receiveBlocking per message, as on master
2026-09-06	actor-receive-offer-first	-prof gc, 1 fork, 3+5 iterations; NEW -> OLD -> NEW order control; load 3.4-6.5; channelBuffer control 199-203 throughout	actorTell (empty mailbox) NEW poll-first loop	410.3 / 412.6	us/op	1583795 B/op, -14%	+19% TIME: a failed poll is one more read of the line the producer writes, ~17ns per message; the common regime of a responsive actor -- DECLINED on this row
2026-09-06	actor-receive-offer-first	-prof gc, 1 fork, 3+5 iterations; NEW -> OLD -> NEW order control; load 3.4-6.5; channelBuffer control 199-203 throughout	actorTellBacklog (mailbox pre-filled) OLD loop	114.5	us/op	811257 B/op	every receive finds a message; the handshake paid for nothing 4000 times
2026-09-06	actor-receive-offer-first	-prof gc, 1 fork, 3+5 iterations; NEW -> OLD -> NEW order control; load 3.4-6.5; channelBuffer control 199-203 throughout	actorTellBacklog (mailbox pre-filled) NEW poll-first loop	95.0 / 112.3	us/op	523280 B/op, -35%	the win regime: -17% time in r1, noisy in r2 (+-15), bytes solid; not enough to carry the loss above
2026-09-06	reactive-bridge-profile	count per side, java -cp	reactiveRound reader awaits (master)	4001	awaits	1.0 element per await; onNext 4000; request 32 calls totalling 4224	the reader does one Await per element where drained takes 62; JFR: Slot 33, Right 59, Some 62, Reactive lambda 32 on the reader; LazyList+State$Cons+thunk 135 on the pump (toLazyList memoises); Writer$Say 46; Long 44
2026-09-06	reactive-bridge-profile	-prof gc, 1 fork, 3+5 iterations; load 3.5-9; each step alone against master, control plainSource 55-58 / 861088 B/op stable throughout	reactiveRound, reader batched via receiveMany ONLY	358.3 +-10.3	us/op	3030674 +-142890 B/op vs master 2951724 +-29	WORSE, and the bytes error bar is 5000x master's: counted, the batched reader takes 52.6-59.7 per await (76/67 awaits), so the batching works -- and buys nothing, because the reader was never the bottleneck. The pump is; batches turn handshakes into parks on both sides
2026-09-06	reactive-bridge-profile	-prof gc, 1 fork, 3+5 iterations; load 3.5-9; each step alone against master, control plainSource 55-58 / 861088 B/op stable throughout	reactiveRound, pump on the linear view ONLY (Iterator.unfold instead of toLazyList)	364.7 +-46.2	us/op	2727369 +-229 B/op, -7.6%	the LazyList cell, State$Cons and thunk per element gone; time inconclusive at that error bar; laws 49/49 (TestReactive 10 + TCK 39)
2026-09-06	reactive-bridge-profile	-prof gc, 1 fork, 3+5 iterations; load 4.3-5.1; control plainSource 58.0 / 861088 stable	reactiveRound, BOTH: pump linear view + reader batched	152.5 +-5.3	us/op	1746516 +-1014 B/op; -51% time, -41% bytes vs master 312.9 / 2951724; 2.63x plainSource, was 5.67x	WITHDRAWAL REVERSED for the third time today: each change alone was neutral or worse, together they halve the bridge. The linear view lets the pump run AHEAD, so the reader's batches fill (60 per await) instead of turning into parks. Same as bufferChunked after feed-linear-view. Laws 49/49
2026-09-06	actor-receive-fused	-prof gc, 1 fork, 3+5 iterations; NEW then OLD (master files swapped in); load 4.9-6.5; channelBuffer control 222-223 / 1406600 stable	actorTell (empty mailbox) OLD	442.3 +-253.8	us/op	1774080 B/op	the time is void at that error bar (a burst of load mid-run); the bytes are the comparison
2026-09-06	actor-receive-fused	-prof gc, 1 fork, 3+5 iterations; NEW then OLD (master files swapped in); load 4.9-6.5; channelBuffer control 222-223 / 1406600 stable	actorTell (empty mailbox) NEW fused	344.6 +-22.7	us/op	1682538 B/op, -5.2%	parity with master's earlier 343.7; NO +19% regression this time -- the try is the first scan, not a second read of the producer's line
2026-09-06	actor-receive-fused	-prof gc, 1 fork, 3+5 iterations; NEW then OLD (master files swapped in); load 4.9-6.5; channelBuffer control 222-223 / 1406600 stable	actorTellBacklog (full mailbox) OLD	115.6 +-0.7	us/op	747101 B/op	
2026-09-06	actor-receive-fused	-prof gc, 1 fork, 3+5 iterations; NEW then OLD (master files swapped in); load 4.9-6.5; channelBuffer control 222-223 / 1406600 stable	actorTellBacklog (full mailbox) NEW fused	115.8 +-34.4	us/op	650776 B/op, -12.9%	parity in time (noisy NEW); one Handoff + Some per receive where a Slot, a lambda, an Await, Right and Some went before; laws 73/73 core (TestHandoff 7 + TestChannelLaws) + 3/3 poison; Native compiles
2026-09-07	small-wins	-prof gc; actorAsk 1 fork 3+5, PerElement 2 forks 4+6; load 4.4-8.1 (a burst mid-run: time error bars wide, bytes stable)	actorAsk, Timer on a scheduled executor	2150.1 +-770.4	us/op	879176 B/op, -20.7% vs 1108493 = 4.4 KB per ask, was 5.5	the virtual thread per armed timer is gone (a fast reply cancels the timer before it fires, so nothing but the task is allocated); what remains per ask is the Reply channel itself, a send and the race
2026-09-07	small-wins	-prof gc; actorAsk 1 fork 3+5, PerElement 2 forks 4+6; load 4.4-8.1 (a burst mid-run: time error bars wide, bytes stable)	elem_drainedChunks (Channel.buffer(1024).drainedChunks, the receiveMany batches as Chunk[A])	91.1 +-55.1	us/op	79469 B/op = 20 bytes per element	17.8x less allocation than the elementwise read of the same channel (1413443); the right door for arrays from an element channel -- drained.chunked() re-chunks what Drain batched (318.7, section 6c)
2026-09-07	small-wins	-prof gc; actorAsk 1 fork 3+5, PerElement 2 forks 4+6; load 4.4-8.1 (a burst mid-run: time error bars wide, bytes stable)	elem_effectCallback (control, same run)	255.6 +-146.6	us/op	1413443 B/op	bytes on master's 1410624; the time is the burst
2026-09-07	json-fast-read	-prof gc, 1 fork, 3+5 iterations; load 3.4 -> 9.5, a burst mid-run: time bars are void, bytes exact; a 2-fork re-run follows	textToOrderStrict (Json.readStrict: chars -> Schema, no tree)	955.8 +-1170	ns/op	4968 B/op	the second door; 25.7x less allocation than the lossless road, 1.45x circe's bytes; laws 88/88 incl. readStrict(write(a)) == read(write(a)) over a corpus
2026-09-07	json-fast-read	-prof gc, 1 fork, 3+5 iterations; load 3.4 -> 9.5, a burst mid-run: time bars are void, bytes exact; a 2-fork re-run follows	textToOrderCirce	1195.8 +-962	ns/op	3416 B/op	external reference
2026-09-07	json-fast-read	-prof gc, 1 fork, 3+5 iterations; load 3.4 -> 9.5, a burst mid-run: time bars are void, bytes exact; a 2-fork re-run follows	textToOrderLossless (Json.read: scanner, CST, projection, fold)	22366 +-21524	ns/op	127721 B/op	the price list's 10.3us on a quiet box; the burst doubled it
2026-09-07	json-fast-read	-prof gc, 1 fork, 3+5 iterations; load 3.4 -> 9.5, a burst mid-run: time bars are void, bytes exact; a 2-fork re-run follows	parseValueOnly (JsonValue.parse, the strict VALUE parser, tree only)	226.8 +-6.8	ns/op	2208 B/op	the strict Schema decode is ~4x this: the walk (field map, erased parts, make) is most of the door's cost -- a staged variant is the next lane if one is wanted
2026-09-07	json-fast-read	-prof gc, 2 forks, 3+5 iterations; load 11 -> 5 across the run, bars tight	textToOrderStrict (Json.readStrict)	743.9 +-14.2	ns/op	5048 B/op	0.92x circe in time, 1.48x its bytes; 19.2x faster and 25.3x less allocation than the lossless road -- THE number to quote
2026-09-07	json-fast-read	-prof gc, 2 forks, 3+5 iterations; load 11 -> 5 across the run, bars tight	textToOrderCirce	813.1 +-69.6	ns/op	3416 B/op	external reference, same run
2026-09-07	json-fast-read	-prof gc, 2 forks, 3+5 iterations; load 11 -> 5 across the run, bars tight	textToOrderLossless (Json.read)	14264.4 +-124.8	ns/op	127724 B/op	the lossless road, same run (the price list's 10.3us was an earlier quiet box)
2026-09-07	bench-cross	BenchCross (munit, Live-tagged, runAsync), N=4000, warmup 30, median of 20 / min; load 12-26 (siblings busy) -- JS and Native are the point, the JVM column is NOT JMH	rangeFold jvm	105.4 / 97.3	us	JMH plainSource 55.2 on a quiet box	warm JVM, loaded box
2026-09-07	bench-cross	BenchCross (munit, Live-tagged, runAsync), N=4000, warmup 30, median of 20 / min; load 12-26 (siblings busy) -- JS and Native are the point, the JVM column is NOT JMH	rangeFold js	545.9 / 479.2	us	5.2x the JVM here	first run 645 / 552: stable
2026-09-07	bench-cross	BenchCross (munit, Live-tagged, runAsync), N=4000, warmup 30, median of 20 / min; load 12-26 (siblings busy) -- JS and Native are the point, the JVM column is NOT JMH	rangeFold native	1193.4 / 1076.6	us	11x the JVM here	first run 1891 / 1089
2026-09-07	bench-cross	BenchCross (munit, Live-tagged, runAsync), N=4000, warmup 30, median of 20 / min; load 12-26 (siblings busy) -- JS and Native are the point, the JVM column is NOT JMH	channelElem jvm	1615.8 / 1315.1	us	JMH elem_effectCallback 188 quiet; this is runAsync under load -- do not quote as the JVM's number	first run 2949 / 616, cold JIT
2026-09-07	bench-cross	BenchCross (munit, Live-tagged, runAsync), N=4000, warmup 30, median of 20 / min; load 12-26 (siblings busy) -- JS and Native are the point, the JVM column is NOT JMH	channelElem js	1061.7 / 963.3	us	one thread, the event loop; the channel leaves callbacks	first run 1067 / 970: stable
2026-09-07	bench-cross	BenchCross (munit, Live-tagged, runAsync), N=4000, warmup 30, median of 20 / min; load 12-26 (siblings busy) -- JS and Native are the point, the JVM column is NOT JMH	channelElem native	2338.9 / 2230.5	us	real threads, no Loom: every handshake is an OS-level wait	first run 3415 / 2219
2026-09-07	bench-cross	BenchCross (munit, Live-tagged, runAsync), N=4000, warmup 30, median of 20 / min; load 12-26 (siblings busy) -- JS and Native are the point, the JVM column is NOT JMH	channelChunks jvm	1092.0 / 945.9	us	1.5x faster than channelElem here (JMH: 2.1x)	first run 2190 / 1179
2026-09-07	bench-cross	BenchCross (munit, Live-tagged, runAsync), N=4000, warmup 30, median of 20 / min; load 12-26 (siblings busy) -- JS and Native are the point, the JVM column is NOT JMH	channelChunks js	348.8 / 315.7	us	3.0x faster than channelElem on JS	first run 353 / 315: stable
2026-09-07	bench-cross	BenchCross (munit, Live-tagged, runAsync), N=4000, warmup 30, median of 20 / min; load 12-26 (siblings busy) -- JS and Native are the point, the JVM column is NOT JMH	channelChunks native	1117.2 / 717.9	us	2.1x (median) to 3.1x (min) faster than channelElem on Native; first run 4.6x at 740	the chunks door pays MOST where a handshake is an OS wait
2026-09-07	bench-cross	BenchCross (munit, Live-tagged, runAsync), N=4000, warmup 30, median of 20 / min; load 12-26 (siblings busy) -- JS and Native are the point, the JVM column is NOT JMH	bindChain jvm	482.7 / 470.3	us	first run 189 / 113 -- this run's JVM was under load 14-26	the pure interpreter, no channel
2026-09-07	bench-cross	BenchCross (munit, Live-tagged, runAsync), N=4000, warmup 30, median of 20 / min; load 12-26 (siblings busy) -- JS and Native are the point, the JVM column is NOT JMH	bindChain js	230.3 / 164.3	us	on par with the JVM's warm figure	first run 213 / 165: stable
2026-09-07	bench-cross	BenchCross (munit, Live-tagged, runAsync), N=4000, warmup 30, median of 20 / min; load 12-26 (siblings busy) -- JS and Native are the point, the JVM column is NOT JMH	bindChain native	517.0 / 497.1	us	2-3x the JVM/JS: allocation on Scala Native's GC; stable across runs (506 / 500)	the interpreter's cost is the platform's allocator
2026-09-07	json-strict-staged	-prof gc, 2 forks, 3+5 iterations; load 24.7 -> 7.5 across the run, bars tight at the end	textToOrderStrictStaged (Staged.strict[Order]: generated over JsonStrict.Reader, no tree)	323.1 +-15.6	ns/op	2320 B/op	2.45x faster than circe, 32% less allocation; 2.36x the interpreted readStrict; 112 B over the bare value parse -- reads at the cost of scanning. Laws 94/94 (6 new: staged == interpreted strict == lossless)
2026-09-07	json-strict-staged	-prof gc, 2 forks, 3+5 iterations; load 24.7 -> 7.5 across the run, bars tight at the end	textToOrderStaged (parseValue + Staged.json decode of the tree)	348.4 +-5.6	ns/op	2680 B/op	THE ROAD THAT ALREADY EXISTED: 2.3x circe, in the benchmark since staged-codecs, never on the price list -- json-fast-read's interpreted readStrict (764) was slower than it. Correction owed and recorded
2026-09-07	json-strict-staged	-prof gc, 2 forks, 3+5 iterations; load 24.7 -> 7.5 across the run, bars tight at the end	textToOrderStrict (Json.readStrict, interpreted)	764.1 +-36.6	ns/op	4968 B/op	same run
2026-09-07	json-strict-staged	-prof gc, 2 forks, 3+5 iterations; load 24.7 -> 7.5 across the run, bars tight at the end	textToOrderCirce	792.8 +-18.9	ns/op	3416 B/op	external reference, same run
2026-09-07	json-strict-staged	-prof gc, 2 forks, 3+5 iterations; load 24.7 -> 7.5 across the run, bars tight at the end	parseValueOnly	225.8 +-1.4	ns/op	2208 B/op	the floor: the value parser alone
2026-09-06	native-interpreter-allocation	BenchCross on Native, BENCH_LANES=bindChain, GC_STATS_FILE (immix), default heap; N=4000, 30 warmups, median of 20 / min; load 3.8-4.7	bindChain native, default heap	503.3 / 497.7	us	10 collections in the process, 11.4 ms collector time (mark 5.2, sweep 6.2)	the whole process, one lane: the collector is a few % at most
2026-09-06	native-interpreter-allocation	the same, GC_INITIAL_HEAP_SIZE=2G	bindChain native, 2G heap	570.2 / 558.8	us	0 collections	13% slower with no collector at all: first-touch pages; the cost is the allocation path, not the collector
2026-09-06	native-interpreter-allocation	-prof gc, 2 forks, PerElementStepBenchmark; the JVM reference for BenchCross's bindChain	bind_runWith	27.5 +-0.2	us/op	540984 B/op	135 B per bind, about six objects; BenchCross's JVM column (189-483) is 5-12x this: not warm
2026-09-06	native-interpreter-allocation	the same	bind_runAsync	39.9 +-0.9	us/op	608184 B/op	152 B per bind: the Drive's per-step share is 17 B
2026-09-06	free-bind-node-count	BenchCross on Native, BENCH_LANES=bindChain,pureChain, default heap; N=4000, 30 warmups, median of 20 / min; load 5.5 -> 4.1	pureChain native (Pure+Bind+closure, no effect)	232.9 / 228.1	us	bindChain same run 532.6 / 493.9	the injection (Inject, Run, thunk, the handler round-trip) is 56% of the Native bind
2026-09-06	free-bind-node-count	-prof gc, 2 forks, PerElementStepBenchmark	bind_pureChain	19.4 +-0.2	us/op	380984 B/op	95 B per step; bind_runWith 27.6 / 540984 in the same run: the injection is 40 B and 30% of the JVM bind
2026-09-06	async-direct-loop	BenchCross, BENCH_LANES=bindChain,pureChain, before (master) / after (Drive.apply as a direct loop), same session; N=4000, 30 warmups, median of 20 / min; load 5-12	bindChain native	534.1 / 507.1 -> 395.9 / 379.0	us	-26% median, -25% min	pureChain 235.6 -> 232.5: the control did not move
2026-09-06	async-direct-loop	the same, JS (JS runs every lane: no environment)	bindChain js	212.1 / 160.3 -> 133.0 / 128.2	us	-37% median, -20% min	pureChain 61.7 -> 70.9: the control drifted +15% on JS; read the minimum
2026-09-06	async-direct-loop	-prof gc, 2 forks, PerElementStepBenchmark, before / after	bind_runAsync	40.2 +-1.1 -> 29.2 +-0.9	us/op	608184 -> 541040 B/op	-27%; the 67,144 B gone are one 16 B closure per bind (16.8 B/step): fold's h(a) per operation; now 2.3 us over bind_runWith
2026-09-06	async-direct-loop	the same run, the two lanes the change does not touch	bind_runWith / bind_pureChain	26.9 +-0.1 / 18.5 +-0.1	us/op	540984 / 380984 B/op	unchanged from the before run (27.6 / 19.4): controls
2026-09-06	actor-ask-timer	-prof gc, 2 forks, 4+6 iterations, ActorReactiveBenchmark; before (master) / after (Reply.await as one Async.await: receiveAsync vs Timer.after, no race, no fibers); load 5-14, time bars wide, bytes stable	actorAsk (200 sequential asks)	2332.2 +-437 -> 1557.0 +-201	us/op	880429 -> 308646 B/op	-33% time, -65% bytes: 4.4 KB -> 1.5 KB per ask; the 2.9 KB gone are race's two fibers per ask
2026-09-06	channel-elementwise-wakeups	ChannelGuaranteeBenchmark + ChannelGranularityBenchmark re-taken (the entry's own harness, first time since the chunked feed), -prof gc, 2 forks; load 2-15	okaySentinelElem	205.9 +-17.5	us/op	307668 B/op	77 B/elem; was 248.6 on 2026-09-04: the 208.9 -> 268.7 regression the entry cites no longer stands, and SentinelChannel is AHEAD of StmChannel
2026-09-06	channel-elementwise-wakeups	the same	okayStrongElem (StmChannel)	250.1 +-47.4	us/op	1521385 B/op	behind the sentinel channel now
2026-09-06	channel-elementwise-wakeups	the same	okaySentinelChunk	55.0 +-6.3	us/op	318318 B/op	80 B/elem -- the SAME bytes as elementwise: the 3.7x gap is path length, not allocation
2026-09-06	channel-elementwise-wakeups	the same	okayElementwise / okayChunked (granularity harness)	146.1 +-1.0 / 54.9 +-3.2	us/op	299401 / 315803 B/op	2.7x on that harness
2026-09-06	channel-elementwise-wakeups	probe via java -cp: okaySentinelElem shape, N=4000 cap=1024, 100 runs after 200 warmup, x3 processes	senderWakes / senderParks / receiverParks per element	0.000-0.001 / 0.003-0.005 / 0.000	per elem	--	NO wakeup per element: 12-20 sender parks per 4000 elements, the consumer never parks; the entry's diagnosis does not hold in this regime
2026-09-06	receive-blocking-path-length	JFR ExecutionSample on okaySentinelElem, 1 fork: top frames of ~420 samples	AtomicLong.compareAndSet (Ring.pop head CAS) / Ring.pop self / slots.get / ParkHandoff.<init> / receiveInto self	149 / 60 / 59 / 35 / 34	samples	--	the head CAS is 35%, pop's own code 14%, the slot read 14%, the Handoff allocation 8%
2026-09-06	receive-blocking-path-length	-prof gc, 2 forks, ChannelGuaranteeBenchmark, same run: multi-consumer ring vs bounded(cap, singleConsumer = true); load 4-6	okaySentinelElem -> okaySentinelElemSC	202.9 +-17.7 -> 152.1 +-7.2	us/op	302473 -> 300593 B/op	-25%: the head moves by a store, not a CAS; bytes unchanged
2026-09-06	receive-blocking-path-length	the same	okaySentinelChunk -> okaySentinelChunkSC	56.0 +-5.3 -> 65.6 +-17.1	us/op	311717 -> 332944 B/op	within error: popMany paid one CAS per batch already
2026-09-06	receive-blocking-path-length	the same, actor backlog regime	actorTellBacklog (MPMC ring) -> actorTellBacklogSC	93.1 +-28.7 -> 93.1 +-11.5	us/op	645410 -> 645415 B/op	identical: the backlog regime's time is not in the pop
2026-09-06	receive-blocking-path-length	-prof gc, actor EMPTY-mailbox regime, two runs (2 forks in the A/B run; 3 forks alone), load 4-11 with a second sbt on the box	actorTell (single-consumer mailbox, the new default) vs actorTellMpmc	594.9 +-444.9 vs 382.0 +-75.5, then 423.8 +-28.9 vs 595.9 +-181.8	us/op	1683080 vs 1685605 B/op	the two flipped between runs, each time with one wide bar: indistinguishable in this regime, whose time is the park/unpark between two virtual threads, not the pop; bytes identical; the SC default stays
2026-09-07	stm-js-direct-bench	BenchStmCross (munit, Live, runAsync), N=4000 transactions single fibre, 30 warmups, median of 20 / min; load 3-13	control (async chain) jvm / js / native	100.4 / 92.7 ; 206.5 / 150.5 ; 385.0 / 368.7	us	--	the bind chain alone, per platform, same process as the lanes below
2026-09-07	stm-js-direct-bench	the same	tl2Modify vs directModify, jvm / js / native	110.3 vs 174.8 ; 405.4 vs 357.8 ; 1119.0 vs 1114.2	us	--	one Modify per transaction: the structural fast path in both handlers; Native identical, JS direct 12% ahead, JVM under-warmed (see the JMH twin: equal to the byte)
2026-09-07	stm-js-direct-bench	the same	tl2ReadWrite vs directReadWrite, jvm / js / native	709.8 vs 408.7 ; 1762.8 vs 1360.3 ; 7920.3 vs 6409.4	us	--	a Read then a Write: a real log; direct 23% ahead on JS, 19% on Native by median; the transaction itself is ~300 ns on Node and ~1.5 us on Native
2026-09-07	stm-js-direct-bench	-prof gc, 2 forks, StmBenchmark (runWith), the JVM reference	control / tl2Modify / directModify	27.2 +-0.2 / 64.5 +-0.6 / 64.2 +-0.3	us/op	540984 / 762032 / 762032 B/op	tl2 and direct IDENTICAL to the byte on a Modify: 9.3 ns and 55 B per transaction over the bind
2026-09-07	stm-js-direct-bench	the same	tl2ReadWrite / directReadWrite	298.4 +-23.6 / 398.1 +-1.8	us/op	3830962 +-171238 / 3638963 B/op	~900 B and 68-93 ns per two-op transaction: the log, not the handler, is the cost; under JMH tl2 is AHEAD of direct here, under the runAsync harness behind -- the pair is within its own noise on the JVM
2026-09-07	stm-sync-commit-fastpath	-prof gc, 2 forks, StmBenchmark; before = stm-js-direct-bench's run 2 h earlier on the same box; after = first attempt inside a Run, pure on commit, Await only for retry	tl2ReadWrite / directReadWrite, before -> after	298.4 +-23.6 -> 317.6 +-2.6 / 398.1 +-1.8 -> 450.9 +-5.5	us/op	3830962 -> 4326962 / 3638963 -> 4246963 B/op	WORSE: +6% / +13% time, +124 / +152 B per transaction; the Run+thunk+Bind+closure+Either cost more than the Await's exchange cell and closures did; REVERTED
2026-09-07	stm-sync-commit-fastpath	the same shape, BenchStmCross JS / Native, before -> after (median)	tl2ReadWrite / directReadWrite	js 1762.8 -> 1771.3 / 1360.3 -> 1402.2 ; native 7920.3 -> 7675.0 / 6409.4 -> 6000.5	us	--	JS flat to +3%, Native -3% / -6% inside its bars: no platform paid for the JVM's loss; the shape is declined on the JVM's number
2026-09-07	stm-sync-commit-fastpath	the same run, controls	control / tl2Modify / directModify (JMH)	27.5 / 64.4 / 64.2	us/op	540984 / 762032 / 762032 B/op	unchanged: the fast path was not touched
2026-09-07	stm-log-cost	JFR ObjectAllocationSample on directReadWrite (before any change): sample-weight ranking	Object[] (ArrayBuffer backing) / Free.Bind / bench closures / Iterator anon (written's map) / List reverseIterator / Free.Inject / handler lambdas / ArrayBuffer	5857 / 4352 / 3118 / 2938 / 2352 / 1041 / 497 / 412	weight	--	the read set's buffer + backing array is the largest log item; the two commit iterators (reverse + map, called twice) the second; the program's own nodes in between
2026-09-07	stm-log-cost	(a) read set as two parallel arrays (no ArrayBuffer, no tuple, no boxed version); -prof gc, 2 forks; before = §18d run	tl2ReadWrite / directReadWrite	298.4 +-23.6 -> 321.4 +-2.2 / 398.1 +-1.8 -> 400.4 +-8.1	us/op	3830962 -> 3610034 / 3638963 -> 3386035 B/op	-55 / -63 B per transaction (-6% / -7% bytes), time flat (tl2's before bar was +-24); controls unchanged (control 26.9, *Modify 64.6-66.5 / 762032)
2026-09-07	stm-log-cost	(b) the commit walk: TMap forward walk (no reversed copy, no iterator), Log.eachWrite/installAll in place of written (two iterators per commit) and installTo (a lookup per install), Held carrying its value, own answering a typed null; -prof gc, 2 forks; before = the (a) run	tl2ReadWrite / directReadWrite	321.4 +-2.2 -> 229.3 +-0.9 / 400.4 +-8.1 -> 167.5 +-3.6	us/op	3610034 -> 3322034 / 3386035 -> 2298033 B/op	-29% / -58% time, -72 / -272 B per transaction; the JFR's tenth was an under-count: the direct commit was two iterator walks plus a map lookup per install; controls unchanged (26.95 / 64.4-64.6 / 762032)
2026-09-07	stm-log-cost	(a)+(b) against the §18d baseline	tl2ReadWrite / directReadWrite	298.4 -> 229.3 / 398.1 -> 167.5	us/op	3830962 -> 3322034 / 3638963 -> 2298033 B/op	-23% / -58% time, -13% / -37% bytes: a Read-then-Write is now 51 ns / 695 B (tl2) and 35 ns / 439 B (direct) over the bind
2026-09-07	stm-log-cost	confirmation run on the final code (foreachUnordered), -prof gc, 2 forks, after a clean; load 2-5	tl2ReadWrite / directReadWrite	245.1 +-7.4 / 171.3 +-1.6	us/op	3322034 / 2298033 B/op	bytes identical to the (b) run; time within bars of it (229.3 / 167.5)
2026-09-07	stm-log-cost	BenchStmCross after (a)+(b), JS / Native, median / min; before = the §18d run	tl2ReadWrite js / native	1762.8 -> 1849.5 / 7920.3 -> 6718.4	us	--	JS +5% (inside its run-to-run drift, which was +3% on unchanged code); Native -15%
2026-09-07	stm-log-cost	the same	directReadWrite js / native	1360.3 -> 1461.7 / 6409.4 -> 4776.5	us	--	JS +7% -- flat-to-worse inside drift, no win there; Native -25%; the JVM took -58%: the iterators cost most where the JIT could not remove them, and V8 evidently could
2026-09-07	chunked-source-sweep	StreamOpsBenchmark, ALL lanes in ONE session, -prof gc, 2 forks, 3+5 iterations; N=1000; load 2-5, one other sbt idle	stdIterator (floor)	13.96 +-0.30	us/op	108872 B/op	the floor every ratio below is to
2026-09-07	chunked-source-sweep	StreamOpsBenchmark, ALL lanes in ONE session, -prof gc, 2 forks, 3+5 iterations; N=1000; load 2-5, one other sbt idle	okayStaged (whole-stage inline pipeline)	1.548 +-0.083	us/op	112 B/op	0.11x the floor: one while-loop, no operator dispatch; the §5 Staged column, now in the same session
2026-09-07	chunked-source-sweep	StreamOpsBenchmark, ALL lanes in ONE session, -prof gc, 2 forks, 3+5 iterations; N=1000; load 2-5, one other sbt idle	okayChunksTransform (Chunks.map/filter/take/fold)	9.52 +-0.10	us/op	116192 B/op	0.68x: the tree steps once per chunk (was 16.9 in the old table's session)
2026-09-07	chunked-source-sweep	StreamOpsBenchmark, ALL lanes in ONE session, -prof gc, 2 forks, 3+5 iterations; N=1000; load 2-5, one other sbt idle	okayChunks (.elements door)	22.48 +-1.37	us/op	129832 B/op	1.6x (was 23.6)
2026-09-07	chunked-source-sweep	StreamOpsBenchmark, ALL lanes in ONE session, -prof gc, 2 forks, 3+5 iterations; N=1000; load 2-5, one other sbt idle	fs2StreamEmits (fs2.Stream.emits, pure, one chunk)	21.53 +-2.80	us/op	152896 B/op	1.5x: fs2's fair source, no runtime
2026-09-07	chunked-source-sweep	StreamOpsBenchmark, ALL lanes in ONE session, -prof gc, 2 forks, 3+5 iterations; N=1000; load 2-5, one other sbt idle	zioStreamRange (ZStream.range, 4096 a chunk)	31.44 +-0.33	us/op	159126 B/op	2.3x: ZIO's fair source
2026-09-07	chunked-source-sweep	StreamOpsBenchmark, ALL lanes in ONE session, -prof gc, 2 forks, 3+5 iterations; N=1000; load 2-5, one other sbt idle	okayIterator	49.23 +-0.45	us/op	656764 B/op	3.5x
2026-09-07	chunked-source-sweep	StreamOpsBenchmark, ALL lanes in ONE session, -prof gc, 2 forks, 3+5 iterations; N=1000; load 2-5, one other sbt idle	kyoStreamRange (kyo Stream.range)	60.79 +-0.85	us/op	336168 B/op	4.4x: kyo's fair source
2026-09-07	chunked-source-sweep	StreamOpsBenchmark, ALL lanes in ONE session, -prof gc, 2 forks, 3+5 iterations; N=1000; load 2-5, one other sbt idle	okayProducer / okayLazyList	142.8 +-0.6 / 144.7 +-1.0	us/op	1580241 / 1531929 B/op	10x: the memoising bridge and the uncons combinators
2026-09-07	chunked-source-sweep	StreamOpsBenchmark, ALL lanes in ONE session, -prof gc, 2 forks, 3+5 iterations; N=1000; load 2-5, one other sbt idle	kyoStream (hand-emitted singleton chunks)	243.0 +-18.0	us/op	1602106 B/op	17x: kyo's worst case
2026-09-07	chunked-source-sweep	StreamOpsBenchmark, ALL lanes in ONE session, -prof gc, 2 forks, 3+5 iterations; N=1000; load 2-5, one other sbt idle	zioStream (ZStream.iterate, per element)	618.0 +-10.9	us/op	5224534 B/op	44x: ZIO's worst case
2026-09-07	chunked-source-sweep	StreamOpsBenchmark, ALL lanes in ONE session, -prof gc, 2 forks, 3+5 iterations; N=1000; load 2-5, one other sbt idle	fs2Stream (fs2.Stream.iterate, per element)	1364.0 +-8.9	us/op	9898173 B/op	98x: fs2's worst case
2026-09-07	intent-typo-robustness	IntentBenchmark (okayIntent Jmh), 2 forks, 3+5, dim 1024, the chargram rows re-taken while the (2,3) window was the default (reverted the same day: at dim 1024 it loses alone); load 3-6	charGrams (score one message) / fitCharGrams (60 rows)	13.28 +-0.04 / 38867 +-2659	us/op	--	was 13.7 +-0.2 / 40090 +-754 at (3,5): the window's cost is flat; the window is a wash on cost; what it changes is accuracy, and that depends on the width (TestTypoRobustness, specs intent-typo-robustness)
2026-09-06	adversarial-lanes	AdversarialBenchmark	cancel1k_cats	691.8	us/op	-f 1 -wi 3 -i 5, sbt-free launcher, quiet box	baseline, ring default, +/-10.1; predicted lose all three, lost two (cancel, many-to-many) and sit on the Loom floor for fork/join (kyo 3.3x ahead on its own scheduler)
2026-09-06	adversarial-lanes	AdversarialBenchmark	cancel1k_okay	1088.7	us/op	-f 1 -wi 3 -i 5, sbt-free launcher, quiet box	baseline, ring default, +/-32.4; predicted lose all three, lost two (cancel, many-to-many) and sit on the Loom floor for fork/join (kyo 3.3x ahead on its own scheduler)
2026-09-06	adversarial-lanes	AdversarialBenchmark	cancel1k_zio	785.6	us/op	-f 1 -wi 3 -i 5, sbt-free launcher, quiet box	baseline, ring default, +/-42.8; predicted lose all three, lost two (cancel, many-to-many) and sit on the Loom floor for fork/join (kyo 3.3x ahead on its own scheduler)
2026-09-06	adversarial-lanes	AdversarialBenchmark	forkJoin10k_cats	2586.1	us/op	-f 1 -wi 3 -i 5, sbt-free launcher, quiet box	baseline, ring default, +/-20.2; predicted lose all three, lost two (cancel, many-to-many) and sit on the Loom floor for fork/join (kyo 3.3x ahead on its own scheduler)
2026-09-06	adversarial-lanes	AdversarialBenchmark	forkJoin10k_kyo	829.6	us/op	-f 1 -wi 3 -i 5, sbt-free launcher, quiet box	baseline, ring default, +/-26.7; predicted lose all three, lost two (cancel, many-to-many) and sit on the Loom floor for fork/join (kyo 3.3x ahead on its own scheduler)
2026-09-06	adversarial-lanes	AdversarialBenchmark	forkJoin10k_okay	2711.8	us/op	-f 1 -wi 3 -i 5, sbt-free launcher, quiet box	baseline, ring default, +/-91.4; predicted lose all three, lost two (cancel, many-to-many) and sit on the Loom floor for fork/join (kyo 3.3x ahead on its own scheduler)
2026-09-06	adversarial-lanes	AdversarialBenchmark	forkJoin10k_rawLoom	2632.1	us/op	-f 1 -wi 3 -i 5, sbt-free launcher, quiet box	baseline, ring default, +/-32.0; predicted lose all three, lost two (cancel, many-to-many) and sit on the Loom floor for fork/join (kyo 3.3x ahead on its own scheduler)
2026-09-06	adversarial-lanes	AdversarialBenchmark	forkJoin10k_zio	2785.9	us/op	-f 1 -wi 3 -i 5, sbt-free launcher, quiet box	baseline, ring default, +/-82.9; predicted lose all three, lost two (cancel, many-to-many) and sit on the Loom floor for fork/join (kyo 3.3x ahead on its own scheduler)
2026-09-06	adversarial-lanes	AdversarialBenchmark	manyToMany_cats/4x4	4213.1	us/op	-f 1 -wi 3 -i 5, sbt-free launcher, quiet box	baseline, ring default, +/-142.1; predicted lose all three, lost two (cancel, many-to-many) and sit on the Loom floor for fork/join (kyo 3.3x ahead on its own scheduler)
2026-09-06	adversarial-lanes	AdversarialBenchmark	manyToMany_cats/16x16	9410.5	us/op	-f 1 -wi 3 -i 5, sbt-free launcher, quiet box	baseline, ring default, +/-292.5; predicted lose all three, lost two (cancel, many-to-many) and sit on the Loom floor for fork/join (kyo 3.3x ahead on its own scheduler)
2026-09-06	adversarial-lanes	AdversarialBenchmark	manyToMany_okay/4x4	4963.6	us/op	-f 1 -wi 3 -i 5, sbt-free launcher, quiet box	baseline, ring default, +/-95.7; predicted lose all three, lost two (cancel, many-to-many) and sit on the Loom floor for fork/join (kyo 3.3x ahead on its own scheduler)
2026-09-06	adversarial-lanes	AdversarialBenchmark	manyToMany_okay/16x16	9187.0	us/op	-f 1 -wi 3 -i 5, sbt-free launcher, quiet box	baseline, ring default, +/-143.3; predicted lose all three, lost two (cancel, many-to-many) and sit on the Loom floor for fork/join (kyo 3.3x ahead on its own scheduler)
2026-09-06	adversarial-lanes	AdversarialBenchmark	manyToMany_zio/4x4	3122.1	us/op	-f 1 -wi 3 -i 5, sbt-free launcher, quiet box	baseline, ring default, +/-22.8; predicted lose all three, lost two (cancel, many-to-many) and sit on the Loom floor for fork/join (kyo 3.3x ahead on its own scheduler)
2026-09-06	adversarial-lanes	AdversarialBenchmark	manyToMany_zio/16x16	7012.1	us/op	-f 1 -wi 3 -i 5, sbt-free launcher, quiet box	baseline, ring default, +/-191.7; predicted lose all three, lost two (cancel, many-to-many) and sit on the Loom floor for fork/join (kyo 3.3x ahead on its own scheduler)
2026-09-07	adversarial-lanes	AdversarialBenchmark|IdiomaticApiBenchmark	manyToMany_okay/4x4 (adaptive default, all fixes)	2501.5	us/op	-f 1 -wi 3 -i 5, ring vs adaptive default alternating; round 2 adaptive arm hung 2h39m	+/-69; ONE ROUND, adaptive arm under page-outs (zioChunked control moved 8x in the same arm); the P x C win is real (ring 4838 same round, zio 3105) but the arm is not a measurement; round 2 deadlocked in this lane after two warmup iterations (adaptive-p-x-c-deadlock)
2026-09-07	adversarial-lanes	AdversarialBenchmark|IdiomaticApiBenchmark	okayChannelForeach_chunkNative_runForeach (adaptive default)	427.2	us/op	-f 1 -wi 3 -i 5, ring vs adaptive default alternating; round 2 adaptive arm hung 2h39m	+/-768; ONE ROUND under page-outs; ring 18.2 same round. Not a number: per-part capacity on single-producer paths is UNMEASURED
2026-09-07	drive-scheduler-jvm	AdversarialBenchmark	forkJoin10k_kyo (IO(step), deferred)	792.45	us/op	-f 1 -wi 3 -i 5 -p shape=4x4, medians of 2-6 quiet runs (load<3 at start, sbt others 0), 3554d8fa	kyo's lane corrected: the step deferred into the fiber; the table's eager form (kyoEager 830) computed every step on the caller first
2026-09-07	drive-scheduler-jvm	AdversarialBenchmark	forkJoin10k_rawPool (external submit, no okay)	1871.45	us/op	-f 1 -wi 3 -i 5 -p shape=4x4, medians of 2-6 quiet runs (load<3 at start, sbt others 0), 3554d8fa	the JDK pool's own floor: 187 ns/task, 2.4x kyo's scheduler
2026-09-07	drive-scheduler-jvm	AdversarialBenchmark	forkJoin10k_rawPoolInternal (forked inside a worker)	1910.25	us/op	-f 1 -wi 3 -i 5 -p shape=4x4, medians of 2-6 quiet runs (load<3 at start, sbt others 0), 3554d8fa	same as external within noise: submission is not the cost
2026-09-07	drive-scheduler-jvm	AdversarialBenchmark	forkJoin10k_okayDrive (Schedulers.drive, DriveTask)	2309.6499999999996	us/op	-f 1 -wi 3 -i 5 -p shape=4x4, medians of 2-6 quiet runs (load<3 at start, sbt others 0), 3554d8fa	new scheduler, the JS shape on the JVM; 25% over the raw pool
2026-09-07	drive-scheduler-jvm	AdversarialBenchmark	forkJoin10k_okayDrivePlain (Promise+Drive+Runnable+Fiber, 4 objects)	2417.2	us/op	-f 1 -wi 3 -i 5 -p shape=4x4, medians of 2-6 quiet runs (load<3 at start, sbt others 0), 3554d8fa	REFUTED as the gap: fusing into DriveTask buys 4%; lane dropped, DriveTask kept
2026-09-07	drive-scheduler-jvm	AdversarialBenchmark	forkJoin10k_okayDriveLatch (one latch instead of 10k joins)	3208.55	us/op	-f 1 -wi 3 -i 5 -p shape=4x4, medians of 2-6 quiet runs (load<3 at start, sbt others 0), 3554d8fa	REFUTED ablation: worse, a contended AtomicLong; the joins were never the cost; lane dropped
2026-09-07	staged-runtime	2.12	codec-encode-runtime-staged-vs-interp	233	842	0.28	ns/op Order: RuntimeStaged.json(schema).encode — the staged fold generated from the schema as a VALUE (scala.quoted.staging, node table, Unsafe casts per node kind) vs Json.encode over the fold; 1.4x of the compile-time Staged.json (165 this run)
2026-09-07	staged-runtime	2.12	codec-decode-ast-runtime-staged-vs-interp	140	683	0.20	ns/op Order from a pre-parsed AST: run-time staged decode vs the fold; 1.2x of the compile-time staged (113 this run)
2026-09-07	staged-runtime	2.12	codec-runtime-staged-generate	8729952	0	0	ns/op one generation of the Order codec with the compiler WARM (fresh schema identity per call; -f 1 -wi 1x5s -i 3x5s): the price a caller pays once per schema; earned back after ~15,000 values; the first generation in a process pays the compiler warm-up on top (seconds, not measured here)
2026-09-07	schema-thunks-once	6.55	codec-encode-sum-interp-alloc-thunks-once	8144	10160	0.80	B/op Owner (a Pet enum: Dog/Cat/Rock, four case values): Json.encode after Schema.once (every derived edge memoised) vs before, where a sum's case schema was re-derived per value; -prof gc, alloc.rate.norm, load-independent; times 817 vs 1072 ns with wide error bars on a loaded box
2026-09-07	schema-thunks-once	6.55	codec-decode-ast-sum-interp-alloc-thunks-once	4088	5976	0.68	B/op Owner from a pre-parsed AST: Json.decode after vs before Schema.once; -prof gc; times 573 vs 830 ns
2026-09-07	schema-thunks-once	6.55	cbor-encode-sum-interp-alloc-thunks-once	5416	7312	0.74	B/op Owner: Cbor.write after vs before Schema.once; -prof gc; times 974 vs 1221 ns. The Order (no sum, a given per type): 7968 vs 8016 B/op, the Option/List givens' re-summon only
2026-09-07	staging-seam	7.63	codec-encode-seam-interp-vs-direct	864	860	1.00	ns/op Order: Codecs.writeJson (the seam, nothing installed: a volatile read + a wrapper over the fold) vs Json.encode direct; decode-from-AST 654 vs 598 — the door is within the interpreter's noise
2026-09-07	staging-seam	7.63	codec-encode-seam-staged-vs-direct	235	236	1.00	ns/op Order: Codecs.writeJson with RuntimeStaged installed (a cache lookup by identity, then the generated code) vs RuntimeStaged.json(schema).encode called directly; decode 164 vs 164 — the seam costs nothing measurable over the codec behind it
2026-09-07	staging-seam	7.63	codec-encode-seam-staged-switch-per-call	2767	235	11.8	ns/op the FIRST seam run, before the fix: RuntimeStaged.enabled read sys.env per encode (sys.env copies the whole environment into a Map every call); decode 2465 vs 164. A launch switch is a constant: lazy val now. Measure the door callers use, not only the object behind it
2026-09-07	staged-strict	6.44	json-strict-runtime-staged-vs-interp	385	901	0.43	ns/op Order (150-byte text): RuntimeStaged.strict(schema).decode — the strict reader generated at RUN time from the schema as a value — vs Json.readStrict's interpreted walk; 1.25x of the compile-time Staged.strict (307 this run), 1.8x faster than circe's fused parse+decode (706)
2026-09-07	schedulers-family	AdversarialBenchmark	forkJoin10k_kyo work=100	777.6	us/op	-f 1 -wi 3 -i 5 -p shape=4x4 -p work=100|10000, quiet box, e6275814	kyo runs the whole burst on ONE worker (runAndBlock puts the forker on a worker, Worker.current keeps children there); at 30 ns per fiber that is the right policy and wins
2026-09-07	schedulers-family	AdversarialBenchmark	forkJoin10k_kyo work=10000	25331.1	us/op	-f 1 -wi 3 -i 5 -p shape=4x4 -p work=100|10000, quiet box, e6275814	SAME policy at 2.5 us per fiber: still one core. 7.3x SLOWER than okay drive in the same form of call (3447) and 8.8x slower than okay own external (2877)
2026-09-07	schedulers-family	AdversarialBenchmark	forkJoin10k_okayOwnInside work=100	845.3	us/op	-f 1 -wi 3 -i 5 -p shape=4x4 -p work=100|10000, quiet box, e6275814	okay's owned-worker scheduler in kyo's own form: 8.6% behind kyo, the closest anything here has been
2026-09-07	schedulers-family	AdversarialBenchmark	forkJoin10k_okayOwnInside work=10000	26589.0	us/op	-f 1 -wi 3 -i 5 -p shape=4x4 -p work=100|10000, quiet box, e6275814	home-worker policy without a helper rule: sequential like kyo -- the measurement that asked for the helper rule
2026-09-07	schedulers-family	AdversarialBenchmark	forkJoin10k_okayDriveInside work=10000	3446.8	us/op	-f 1 -wi 3 -i 5 -p shape=4x4 -p work=100|10000, quiet box, e6275814	the JDK pool spreads the same 10k fibers over the cores: 7.3x kyo
2026-09-07	schedulers-family	AdversarialBenchmark	forkJoin10k_okayOwn work=10000	2877.1	us/op	-f 1 -wi 3 -i 5 -p shape=4x4 -p work=100|10000, quiet box, e6275814	own, external submit: spreads, and is the fastest lane on real work
2026-09-07	schedulers-family	AdversarialBenchmark	forkJoin10k_kyo work=100 (inside, its own idiom)	829.2	us/op	-f 1 -wi 3 -i 5 -p shape=4x4, run accepted only with every lane's error under 10%, f2528875	clean run, +/-51 (6%)
2026-09-07	schedulers-family	AdversarialBenchmark	forkJoin10k_kyo work=10000 (inside)	25222.0	us/op	-f 1 -wi 3 -i 5 -p shape=4x4, run accepted only with every lane's error under 10%, f2528875	+/-1568; one core, +24.4ms for 24.7ms of added work -- no spreading
2026-09-07	schedulers-family	AdversarialBenchmark	forkJoin10k_kyoOutside work=100 (Async.run per fiber from the caller)	26950.5	us/op	-f 1 -wi 3 -i 5 -p shape=4x4, run accepted only with every lane's error under 10%, f2528875	+/-981; the OTHER scheduling path costs 2.7us per fiber in Fiber.block before any work
2026-09-07	schedulers-family	AdversarialBenchmark	forkJoin10k_kyoOutside work=10000	31531.8	us/op	-f 1 -wi 3 -i 5 -p shape=4x4, run accepted only with every lane's error under 10%, f2528875	+/-681; +4.6ms for 24.7ms of added work = ~5.4 cores: the placement DOES spread, the join eats it
2026-09-07	schedulers-family	AdversarialBenchmark	forkJoin10k_okayDriveInside work=100	781.8	us/op	-f 1 -wi 3 -i 5 -p shape=4x4 -p work=100|10000, ONE run with every lane, dc6fdc8d	+/-23; kyo 776 in the same run and the same form of call -- within 1%
2026-09-07	schedulers-family	AdversarialBenchmark	forkJoin10k_okayDriveInside work=10000	2953.8	us/op	-f 1 -wi 3 -i 5 -p shape=4x4 -p work=100|10000, ONE run with every lane, dc6fdc8d	+/-46; kyo 25379 in the same run: 8.6x faster on real work
2026-09-07	schedulers-family	AdversarialBenchmark	forkJoin10k_okayOwn work=100 (external, helper rule)	1249.1	us/op	-f 1 -wi 3 -i 5 -p shape=4x4 -p work=100|10000, ONE run with every lane, dc6fdc8d	+/-51; best external lane at tiny work (drive external 2206)
2026-09-07	schedulers-family	AdversarialBenchmark	forkJoin10k_okayOwn work=10000 (external, helper rule)	2430.3	us/op	-f 1 -wi 3 -i 5 -p shape=4x4 -p work=100|10000, ONE run with every lane, dc6fdc8d	+/-39; fastest lane in the table on real work
2026-09-07	schedulers-family	AdversarialBenchmark	forkJoin10k_okayOwnInside work=10000 (helper rule)	14054.2	us/op	-f 1 -wi 3 -i 5 -p shape=4x4 -p work=100|10000, ONE run with every lane, dc6fdc8d	+/-2323 (16%); the helper rule works but one ConcurrentLinkedQueue per worker is the wall -- owner and thieves on one head; filed as own-deque (Chase-Lev)
2026-09-07	schedulers-family	AdversarialBenchmark	forkJoin10k_okayOwnInside work=100 (helper rule, shared submissions)	744.7	us/op	-f 1 -wi 3 -i 5 -p shape=4x4 -p work=100|10000, run accepted only with every error under 10%, e3b82680	+/-47; kyo 779 in the same run: 4.5% FASTER on kyo's own ground
2026-09-07	schedulers-family	AdversarialBenchmark	forkJoin10k_okayOwnInside work=10000	3327.2	us/op	-f 1 -wi 3 -i 5 -p shape=4x4 -p work=100|10000, run accepted only with every error under 10%, e3b82680	+/-134; kyo 25419 in the same run: 7.6x faster on real work
2026-09-07	schedulers-family	AdversarialBenchmark	forkJoin10k_okayOwn work=10000 (external)	2901.5	us/op	-f 1 -wi 3 -i 5 -p shape=4x4 -p work=100|10000, run accepted only with every error under 10%, e3b82680	+/-83; the fastest lane on real work
2026-09-07	schedulers-family	AdversarialBenchmark	forkJoin10k_okayOwn work=100 (external)	1553.9	us/op	-f 1 -wi 3 -i 5 -p shape=4x4 -p work=100|10000, run accepted only with every error under 10%, e3b82680	+/-112; the external path still pays a submission queue that the inside path does not
2026-09-07	schedulers-family	AdversarialBenchmark	forkJoin10k_okayOwnInside work=100 (default, windowed decision)	750.0	us/op	-f 1 -wi 3 -i 5 -p shape=4x4 -p work=100|10000, per-trial schedulers, every error under 10%, 543e8997	+/-18; kyo 880 same run
2026-09-07	schedulers-family	AdversarialBenchmark	forkJoin10k_okayOwnInside work=10000 (default)	3645.2	us/op	-f 1 -wi 3 -i 5 -p shape=4x4 -p work=100|10000, per-trial schedulers, every error under 10%, 543e8997	+/-64; kyo 27097 same run: 7.4x
2026-09-07	schedulers-family	AdversarialBenchmark	forkJoin10k_okayOwnShortInside work=100 (forShortTasks)	673.9	us/op	-f 1 -wi 3 -i 5 -p shape=4x4 -p work=100|10000, per-trial schedulers, every error under 10%, 543e8997	+/-8; the decision pinned to never spread = kyo's policy
2026-09-07	schedulers-family	AdversarialBenchmark	forkJoin10k_okayOwnShortInside work=10000	26430.0	us/op	-f 1 -wi 3 -i 5 -p shape=4x4 -p work=100|10000, per-trial schedulers, every error under 10%, 543e8997	+/-248; the cost of that policy on real work, and why the default does not take it
2026-09-07	schedulers-family	AdversarialBenchmark	forkJoin10k_okayOwnLongInside work=100 (forLongTasks)	2037.8	us/op	-f 1 -wi 3 -i 5 -p shape=4x4 -p work=100|10000, per-trial schedulers, every error under 10%, 543e8997	+/-200; the decision pinned to always spread = the pool's policy
2026-09-07	schedulers-family	AdversarialBenchmark	forkJoin10k_okayOwnLongInside work=10000	3677.5	us/op	-f 1 -wi 3 -i 5 -p shape=4x4 -p work=100|10000, per-trial schedulers, every error under 10%, 543e8997	+/-123; the default matches it on heavy work without being told
2026-09-07	losing-rows	AdversarialBenchmark|ManyProducersBenchmark	cancel1k okay-on-drive / cats (median of within-run ratios)	0.70	us/op or ratio	-f 1 -wi 3 -i 5; ratios are medians of per-run pairs, absolutes only from runs with every error under 10%, 6fd5cc2e	n=7; the row flips: a DriveTask cancel is a CAS on its own cell, not a thread interrupt. Absolutes unusable (box busy), ratios stable
2026-09-07	losing-rows	AdversarialBenchmark|ManyProducersBenchmark	cancel1k okay-on-drive / zio (ratio)	0.66	us/op or ratio	-f 1 -wi 3 -i 5; ratios are medians of per-run pairs, absolutes only from runs with every error under 10%, 6fd5cc2e	n=7
2026-09-07	losing-rows	AdversarialBenchmark|ManyProducersBenchmark	cancel1k okay-on-loom / cats (ratio)	1.12	us/op or ratio	-f 1 -wi 3 -i 5; ratios are medians of per-run pairs, absolutes only from runs with every error under 10%, 6fd5cc2e	n=7; the row as it stood in the table
2026-09-07	losing-rows	AdversarialBenchmark|ManyProducersBenchmark	manyToMany adaptive / okay-ring 4x4 (ratio)	0.63	us/op or ratio	-f 1 -wi 3 -i 5; ratios are medians of per-run pairs, absolutes only from runs with every error under 10%, 6fd5cc2e	n=6; the partitioned buffer after the P x C deadlock fix
2026-09-07	losing-rows	AdversarialBenchmark|ManyProducersBenchmark	manyToMany adaptive / zio 4x4 (ratio)	0.93	us/op or ratio	-f 1 -wi 3 -i 5; ratios are medians of per-run pairs, absolutes only from runs with every error under 10%, 6fd5cc2e	n=6; ahead of ZIO on the row we lost
2026-09-07	losing-rows	AdversarialBenchmark|ManyProducersBenchmark	manyToMany okay-ring / zio 4x4 (ratio)	1.43	us/op or ratio	-f 1 -wi 3 -i 5; ratios are medians of per-run pairs, absolutes only from runs with every error under 10%, 6fd5cc2e	n=6; the default's own standing, unchanged
2026-09-07	losing-rows	AdversarialBenchmark|ManyProducersBenchmark	ManyProducers adaptive_chunk vs oneRing_chunk, producers=1	144.0	us/op or ratio	-f 1 -wi 3 -i 5; ratios are medians of per-run pairs, absolutes only from runs with every error under 10%, 6fd5cc2e	tight run: ring 122.0 -- the ~15-18% that keeps the ring the Channel.apply default
2026-09-07	losing-rows	AdversarialBenchmark|ManyProducersBenchmark	ManyProducers adaptive_chunk vs oneRing_chunk, producers=4	136.5	us/op or ratio	-f 1 -wi 3 -i 5; ratios are medians of per-run pairs, absolutes only from runs with every error under 10%, 6fd5cc2e	tight run: ring 704.3 -- 5.2x
2026-09-07	losing-rows	AdversarialBenchmark|ManyProducersBenchmark	ManyProducers adaptive_chunk vs oneRing_chunk, producers=16	97.9	us/op or ratio	-f 1 -wi 3 -i 5; ratios are medians of per-run pairs, absolutes only from runs with every error under 10%, 6fd5cc2e	tight run: ring 3138.0 -- 32x
2026-09-07	losing-rows	AdversarialBenchmark|ManyProducersBenchmark	cancel1k_okayDrive	570.5	us/op	-f 1 -wi 2 -i 3 x 5 rounds, sbt-free launcher (java @argfile), per-lane MINIMUM; box shared with sibling builds all day	minimum of 5 rounds on a shared box; cats 745.1, zio 845.4, okay-on-loom 1149.2 in the same rounds
2026-09-07	losing-rows	AdversarialBenchmark|ManyProducersBenchmark	cancel1k_okayOwn	700.3	us/op	-f 1 -wi 2 -i 3 x 5 rounds, sbt-free launcher (java @argfile), per-lane MINIMUM; box shared with sibling builds all day	minimum of 5 rounds
2026-09-07	losing-rows	AdversarialBenchmark|ManyProducersBenchmark	cancel1k_cats	745.1	us/op	-f 1 -wi 2 -i 3 x 5 rounds, sbt-free launcher (java @argfile), per-lane MINIMUM; box shared with sibling builds all day	minimum of 5 rounds
2026-09-07	losing-rows	AdversarialBenchmark|ManyProducersBenchmark	cancel1k_zio	845.4	us/op	-f 1 -wi 2 -i 3 x 5 rounds, sbt-free launcher (java @argfile), per-lane MINIMUM; box shared with sibling builds all day	minimum of 5 rounds
2026-09-07	losing-rows	AdversarialBenchmark|ManyProducersBenchmark	cancel1k_okay (loom)	1149.2	us/op	-f 1 -wi 2 -i 3 x 5 rounds, sbt-free launcher (java @argfile), per-lane MINIMUM; box shared with sibling builds all day	minimum of 5 rounds -- the row as it stood before the DriveTask cancel
2026-09-07	losing-rows	AdversarialBenchmark|ManyProducersBenchmark	forkJoin10k_okayOwnInside work=100	757.0	us/op	-f 1 -wi 2 -i 3 x 5 rounds, sbt-free launcher (java @argfile), per-lane MINIMUM; box shared with sibling builds all day	minimum of 5 rounds; kyo 806.6, drive 884.6 in the same rounds -- agrees with the tight run's 750/880
2026-09-07	losing-rows	AdversarialBenchmark|ManyProducersBenchmark	ManyProducers oneRing_chunk producers=1	122.3	us/op	-f 1 -wi 2 -i 3 x 5 rounds, sbt-free launcher (java @argfile), per-lane MINIMUM; box shared with sibling builds all day	minimum of 5 rounds -- identical to the tight run's 122.0
2026-09-07	losing-rows	AdversarialBenchmark|ManyProducersBenchmark	ManyProducers adaptive_chunk producers=1	149.2	us/op	-f 1 -wi 2 -i 3 x 5 rounds, sbt-free launcher (java @argfile), per-lane MINIMUM; box shared with sibling builds all day	minimum of 5 rounds; the ~20% that keeps the ring the Channel.apply default
2026-09-07	losing-rows	AdversarialBenchmark|ManyProducersBenchmark	ManyProducers adaptive_chunk producers=16	99.4	us/op	-f 1 -wi 2 -i 3 x 5 rounds, sbt-free launcher (java @argfile), per-lane MINIMUM; box shared with sibling builds all day	minimum of 5 rounds; ring 2374.5 in the same rounds
2026-09-07	consumer-claim	ManyProducersBenchmark	ManyProducers adaptiveManyConsumers producers=4 consumers=4	892.8	us/op	-f 1 -wi 2 -i 3 x 5 rounds, per-lane MINIMUM, sbt-free launcher, box shared	per-part claim + per-consumer scan start; was 1038.8, ring 2304.6 in the same rounds
2026-09-07	consumer-claim	ManyProducersBenchmark	ManyProducers adaptiveManyConsumers producers=4 consumers=1	472.4	us/op	-f 1 -wi 2 -i 3 x 5 rounds, per-lane MINIMUM, sbt-free launcher, box shared	was 510.1; ring 876.7
2026-09-07	consumer-claim	ManyProducersBenchmark	ManyProducers ringManyConsumers producers=4 consumers=4	2304.6	us/op	-f 1 -wi 2 -i 3 x 5 rounds, per-lane MINIMUM, sbt-free launcher, box shared	unchanged, as the control
2026-09-07	consumer-claim	ManyProducersBenchmark	ManyProducers onePart_chunk producers=1 (diagnostic)	162.8	us/op	-f 1 -wi 2 -i 3 x 5 rounds, per-lane MINIMUM, sbt-free launcher, box shared	a partitioned buffer with ONE part that cannot grow: the same 1.3x as the growable one, which refuted the growth machinery as the cause
2026-09-07	consumer-claim	ManyProducersBenchmark	ManyProducers forwarded_chunk producers=1 (diagnostic)	115.0	us/op	-f 1 -wi 2 -i 3 x 5 rounds, per-lane MINIMUM, sbt-free launcher, box shared	a buffer that only delegates: FREE against the ring's 125.5 -- the layer of call is not the cost
2026-09-07	hole-scan	ManyProducersBenchmark|ProbeHole	ManyProducers oneUnbounded_chunk producers=16	670.3	us/op or count	-f 1 -wi 2 -i 3 x 5 rounds, per-lane MINIMUM, sbt-free launcher	the buffer with holes, against the bounded ring's 1485.4 in the same rounds -- the hole costs no throughput
2026-09-07	hole-scan	ManyProducersBenchmark|ProbeHole	ManyProducers oneUnbounded_chunk producers=4	338.1	us/op or count	-f 1 -wi 2 -i 3 x 5 rounds, per-lane MINIMUM, sbt-free launcher	ring 803.1
2026-09-07	hole-scan	ManyProducersBenchmark|ProbeHole	ManyProducers oneUnbounded_chunk producers=1	114.4	us/op or count	-f 1 -wi 2 -i 3 x 5 rounds, per-lane MINIMUM, sbt-free launcher	ring 142.2
2026-09-07	hole-scan	ManyProducersBenchmark|ProbeHole	Segments hole probe: elements visible behind a held hole	0	us/op or count	-f 1 -wi 2 -i 3 x 5 rounds, per-lane MINIMUM, sbt-free launcher	of 5001 published and ready; all 5001 the moment the hole filled. Latency hazard, not a loss
2026-09-07	queue-swap	ManyProducersBenchmark	ManyProducers growing_chunk producers=1 (REVERTED design)	158.4	us/op	-f 1 -wi 2 -i 3 x 5 rounds, per-lane MINIMUM, sbt-free launcher, 62eb6ce9	ring 122.8, partitioned 143.6 in the same rounds
2026-09-07	queue-swap	ManyProducersBenchmark	ManyProducers growing_chunk producers=4 (REVERTED design)	477.3	us/op	-f 1 -wi 2 -i 3 x 5 rounds, per-lane MINIMUM, sbt-free launcher, 62eb6ce9	ring 715.1, partitioned 135.9
2026-09-07	queue-swap	ManyProducersBenchmark	ManyProducers growing_chunk producers=16 (REVERTED design)	446.4	us/op	-f 1 -wi 2 -i 3 x 5 rounds, per-lane MINIMUM, sbt-free launcher, 62eb6ce9	ring 3065.9, partitioned 99.5 -- works, dominated, reverted
2026-09-08	bench-refresh	AdversarialBenchmark	cancel1k_cats  shape=16x16  work=100	748.4	us/op	-f 1, each class at its own declared @Warmup/@Measurement, 3 rounds, per-lane MINIMUM, sbt-free launcher (java -cp), one JVM per class	quiet box, 14 cores, Scala 3.9.0 (cf820fa7); 3 rounds
2026-09-08	bench-refresh	AdversarialBenchmark	cancel1k_cats  shape=16x16  work=10000	823.9	us/op	-f 1, each class at its own declared @Warmup/@Measurement, 3 rounds, per-lane MINIMUM, sbt-free launcher (java -cp), one JVM per class	quiet box, 14 cores, Scala 3.9.0 (cf820fa7); 3 rounds
2026-09-08	bench-refresh	AdversarialBenchmark	cancel1k_cats  shape=4x4  work=100	768.1	us/op	-f 1, each class at its own declared @Warmup/@Measurement, 3 rounds, per-lane MINIMUM, sbt-free launcher (java -cp), one JVM per class	quiet box, 14 cores, Scala 3.9.0 (cf820fa7); 3 rounds
2026-09-08	bench-refresh	AdversarialBenchmark	cancel1k_cats  shape=4x4  work=10000	768	us/op	-f 1, each class at its own declared @Warmup/@Measurement, 3 rounds, per-lane MINIMUM, sbt-free launcher (java -cp), one JVM per class	quiet box, 14 cores, Scala 3.9.0 (cf820fa7); 3 rounds
2026-09-08	bench-refresh	AdversarialBenchmark	cancel1k_okay  shape=16x16  work=100	1119	us/op	-f 1, each class at its own declared @Warmup/@Measurement, 3 rounds, per-lane MINIMUM, sbt-free launcher (java -cp), one JVM per class	quiet box, 14 cores, Scala 3.9.0 (cf820fa7); 3 rounds
2026-09-08	bench-refresh	AdversarialBenchmark	cancel1k_okay  shape=16x16  work=10000	1133	us/op	-f 1, each class at its own declared @Warmup/@Measurement, 3 rounds, per-lane MINIMUM, sbt-free launcher (java -cp), one JVM per class	quiet box, 14 cores, Scala 3.9.0 (cf820fa7); 3 rounds
2026-09-08	bench-refresh	AdversarialBenchmark	cancel1k_okay  shape=4x4  work=100	1116	us/op	-f 1, each class at its own declared @Warmup/@Measurement, 3 rounds, per-lane MINIMUM, sbt-free launcher (java -cp), one JVM per class	quiet box, 14 cores, Scala 3.9.0 (cf820fa7); 3 rounds
2026-09-08	bench-refresh	AdversarialBenchmark	cancel1k_okay  shape=4x4  work=10000	1115	us/op	-f 1, each class at its own declared @Warmup/@Measurement, 3 rounds, per-lane MINIMUM, sbt-free launcher (java -cp), one JVM per class	quiet box, 14 cores, Scala 3.9.0 (cf820fa7); 3 rounds
2026-09-08	bench-refresh	AdversarialBenchmark	cancel1k_okayDrive  shape=16x16  work=100	605.5	us/op	-f 1, each class at its own declared @Warmup/@Measurement, 3 rounds, per-lane MINIMUM, sbt-free launcher (java -cp), one JVM per class	quiet box, 14 cores, Scala 3.9.0 (cf820fa7); 3 rounds
2026-09-08	bench-refresh	AdversarialBenchmark	cancel1k_okayDrive  shape=16x16  work=10000	609.9	us/op	-f 1, each class at its own declared @Warmup/@Measurement, 3 rounds, per-lane MINIMUM, sbt-free launcher (java -cp), one JVM per class	quiet box, 14 cores, Scala 3.9.0 (cf820fa7); 3 rounds
2026-09-08	bench-refresh	AdversarialBenchmark	cancel1k_okayDrive  shape=4x4  work=100	597.2	us/op	-f 1, each class at its own declared @Warmup/@Measurement, 3 rounds, per-lane MINIMUM, sbt-free launcher (java -cp), one JVM per class	quiet box, 14 cores, Scala 3.9.0 (cf820fa7); 3 rounds
2026-09-08	bench-refresh	AdversarialBenchmark	cancel1k_okayDrive  shape=4x4  work=10000	610.4	us/op	-f 1, each class at its own declared @Warmup/@Measurement, 3 rounds, per-lane MINIMUM, sbt-free launcher (java -cp), one JVM per class	quiet box, 14 cores, Scala 3.9.0 (cf820fa7); 3 rounds
2026-09-08	bench-refresh	AdversarialBenchmark	cancel1k_okayOwn  shape=16x16  work=100	785.7	us/op	-f 1, each class at its own declared @Warmup/@Measurement, 3 rounds, per-lane MINIMUM, sbt-free launcher (java -cp), one JVM per class	quiet box, 14 cores, Scala 3.9.0 (cf820fa7); 3 rounds
2026-09-08	bench-refresh	AdversarialBenchmark	cancel1k_okayOwn  shape=16x16  work=10000	759.1	us/op	-f 1, each class at its own declared @Warmup/@Measurement, 3 rounds, per-lane MINIMUM, sbt-free launcher (java -cp), one JVM per class	quiet box, 14 cores, Scala 3.9.0 (cf820fa7); 3 rounds
2026-09-08	bench-refresh	AdversarialBenchmark	cancel1k_okayOwn  shape=4x4  work=100	750	us/op	-f 1, each class at its own declared @Warmup/@Measurement, 3 rounds, per-lane MINIMUM, sbt-free launcher (java -cp), one JVM per class	quiet box, 14 cores, Scala 3.9.0 (cf820fa7); 3 rounds
2026-09-08	bench-refresh	AdversarialBenchmark	cancel1k_okayOwn  shape=4x4  work=10000	757	us/op	-f 1, each class at its own declared @Warmup/@Measurement, 3 rounds, per-lane MINIMUM, sbt-free launcher (java -cp), one JVM per class	quiet box, 14 cores, Scala 3.9.0 (cf820fa7); 3 rounds
2026-09-08	bench-refresh	AdversarialBenchmark	cancel1k_zio  shape=16x16  work=100	886.8	us/op	-f 1, each class at its own declared @Warmup/@Measurement, 3 rounds, per-lane MINIMUM, sbt-free launcher (java -cp), one JVM per class	quiet box, 14 cores, Scala 3.9.0 (cf820fa7); 3 rounds
2026-09-08	bench-refresh	AdversarialBenchmark	cancel1k_zio  shape=16x16  work=10000	873.8	us/op	-f 1, each class at its own declared @Warmup/@Measurement, 3 rounds, per-lane MINIMUM, sbt-free launcher (java -cp), one JVM per class	quiet box, 14 cores, Scala 3.9.0 (cf820fa7); 3 rounds
2026-09-08	bench-refresh	AdversarialBenchmark	cancel1k_zio  shape=4x4  work=100	924.6	us/op	-f 1, each class at its own declared @Warmup/@Measurement, 3 rounds, per-lane MINIMUM, sbt-free launcher (java -cp), one JVM per class	quiet box, 14 cores, Scala 3.9.0 (cf820fa7); 3 rounds
2026-09-08	bench-refresh	AdversarialBenchmark	cancel1k_zio  shape=4x4  work=10000	829	us/op	-f 1, each class at its own declared @Warmup/@Measurement, 3 rounds, per-lane MINIMUM, sbt-free launcher (java -cp), one JVM per class	quiet box, 14 cores, Scala 3.9.0 (cf820fa7); 3 rounds
2026-09-08	bench-refresh	AdversarialBenchmark	forkJoin10k_cats  shape=16x16  work=100	2738	us/op	-f 1, each class at its own declared @Warmup/@Measurement, 3 rounds, per-lane MINIMUM, sbt-free launcher (java -cp), one JVM per class	quiet box, 14 cores, Scala 3.9.0 (cf820fa7); 3 rounds; WIDE: max/min 1.36x across rounds -- read as a rank
2026-09-08	bench-refresh	AdversarialBenchmark	forkJoin10k_cats  shape=16x16  work=10000	4434	us/op	-f 1, each class at its own declared @Warmup/@Measurement, 3 rounds, per-lane MINIMUM, sbt-free launcher (java -cp), one JVM per class	quiet box, 14 cores, Scala 3.9.0 (cf820fa7); 3 rounds; WIDE: max/min 1.44x across rounds -- read as a rank
2026-09-08	bench-refresh	AdversarialBenchmark	forkJoin10k_cats  shape=4x4  work=100	2730	us/op	-f 1, each class at its own declared @Warmup/@Measurement, 3 rounds, per-lane MINIMUM, sbt-free launcher (java -cp), one JVM per class	quiet box, 14 cores, Scala 3.9.0 (cf820fa7); 3 rounds; WIDE: max/min 1.31x across rounds -- read as a rank
2026-09-08	bench-refresh	AdversarialBenchmark	forkJoin10k_cats  shape=4x4  work=10000	4433	us/op	-f 1, each class at its own declared @Warmup/@Measurement, 3 rounds, per-lane MINIMUM, sbt-free launcher (java -cp), one JVM per class	quiet box, 14 cores, Scala 3.9.0 (cf820fa7); 3 rounds
2026-09-08	bench-refresh	AdversarialBenchmark	forkJoin10k_kyo  shape=16x16  work=100	884.5	us/op	-f 1, each class at its own declared @Warmup/@Measurement, 3 rounds, per-lane MINIMUM, sbt-free launcher (java -cp), one JVM per class	quiet box, 14 cores, Scala 3.9.0 (cf820fa7); 3 rounds
2026-09-08	bench-refresh	AdversarialBenchmark	forkJoin10k_kyo  shape=16x16  work=10000	2.631e+04	us/op	-f 1, each class at its own declared @Warmup/@Measurement, 3 rounds, per-lane MINIMUM, sbt-free launcher (java -cp), one JVM per class	quiet box, 14 cores, Scala 3.9.0 (cf820fa7); 3 rounds
2026-09-08	bench-refresh	AdversarialBenchmark	forkJoin10k_kyo  shape=4x4  work=100	884.1	us/op	-f 1, each class at its own declared @Warmup/@Measurement, 3 rounds, per-lane MINIMUM, sbt-free launcher (java -cp), one JVM per class	quiet box, 14 cores, Scala 3.9.0 (cf820fa7); 3 rounds
2026-09-08	bench-refresh	AdversarialBenchmark	forkJoin10k_kyo  shape=4x4  work=10000	2.626e+04	us/op	-f 1, each class at its own declared @Warmup/@Measurement, 3 rounds, per-lane MINIMUM, sbt-free launcher (java -cp), one JVM per class	quiet box, 14 cores, Scala 3.9.0 (cf820fa7); 3 rounds
2026-09-08	bench-refresh	AdversarialBenchmark	forkJoin10k_kyoEager  shape=16x16  work=100	859.9	us/op	-f 1, each class at its own declared @Warmup/@Measurement, 3 rounds, per-lane MINIMUM, sbt-free launcher (java -cp), one JVM per class	quiet box, 14 cores, Scala 3.9.0 (cf820fa7); 3 rounds
2026-09-08	bench-refresh	AdversarialBenchmark	forkJoin10k_kyoEager  shape=16x16  work=10000	2.901e+04	us/op	-f 1, each class at its own declared @Warmup/@Measurement, 3 rounds, per-lane MINIMUM, sbt-free launcher (java -cp), one JVM per class	quiet box, 14 cores, Scala 3.9.0 (cf820fa7); 3 rounds
2026-09-08	bench-refresh	AdversarialBenchmark	forkJoin10k_kyoEager  shape=4x4  work=100	896.3	us/op	-f 1, each class at its own declared @Warmup/@Measurement, 3 rounds, per-lane MINIMUM, sbt-free launcher (java -cp), one JVM per class	quiet box, 14 cores, Scala 3.9.0 (cf820fa7); 3 rounds
2026-09-08	bench-refresh	AdversarialBenchmark	forkJoin10k_kyoEager  shape=4x4  work=10000	3.039e+04	us/op	-f 1, each class at its own declared @Warmup/@Measurement, 3 rounds, per-lane MINIMUM, sbt-free launcher (java -cp), one JVM per class	quiet box, 14 cores, Scala 3.9.0 (cf820fa7); 3 rounds
2026-09-08	bench-refresh	AdversarialBenchmark	forkJoin10k_kyoOutside  shape=16x16  work=100	3.22e+04	us/op	-f 1, each class at its own declared @Warmup/@Measurement, 3 rounds, per-lane MINIMUM, sbt-free launcher (java -cp), one JVM per class	quiet box, 14 cores, Scala 3.9.0 (cf820fa7); 3 rounds
2026-09-08	bench-refresh	AdversarialBenchmark	forkJoin10k_kyoOutside  shape=16x16  work=10000	3.747e+04	us/op	-f 1, each class at its own declared @Warmup/@Measurement, 3 rounds, per-lane MINIMUM, sbt-free launcher (java -cp), one JVM per class	quiet box, 14 cores, Scala 3.9.0 (cf820fa7); 3 rounds
2026-09-08	bench-refresh	AdversarialBenchmark	forkJoin10k_kyoOutside  shape=4x4  work=100	3.39e+04	us/op	-f 1, each class at its own declared @Warmup/@Measurement, 3 rounds, per-lane MINIMUM, sbt-free launcher (java -cp), one JVM per class	quiet box, 14 cores, Scala 3.9.0 (cf820fa7); 3 rounds
2026-09-08	bench-refresh	AdversarialBenchmark	forkJoin10k_kyoOutside  shape=4x4  work=10000	3.721e+04	us/op	-f 1, each class at its own declared @Warmup/@Measurement, 3 rounds, per-lane MINIMUM, sbt-free launcher (java -cp), one JVM per class	quiet box, 14 cores, Scala 3.9.0 (cf820fa7); 3 rounds
2026-09-08	bench-refresh	AdversarialBenchmark	forkJoin10k_okay  shape=16x16  work=100	2715	us/op	-f 1, each class at its own declared @Warmup/@Measurement, 3 rounds, per-lane MINIMUM, sbt-free launcher (java -cp), one JVM per class	quiet box, 14 cores, Scala 3.9.0 (cf820fa7); 3 rounds
2026-09-08	bench-refresh	AdversarialBenchmark	forkJoin10k_okay  shape=16x16  work=10000	3906	us/op	-f 1, each class at its own declared @Warmup/@Measurement, 3 rounds, per-lane MINIMUM, sbt-free launcher (java -cp), one JVM per class	quiet box, 14 cores, Scala 3.9.0 (cf820fa7); 3 rounds
2026-09-08	bench-refresh	AdversarialBenchmark	forkJoin10k_okay  shape=4x4  work=100	1957	us/op	-f 1, each class at its own declared @Warmup/@Measurement, 3 rounds, per-lane MINIMUM, sbt-free launcher (java -cp), one JVM per class	quiet box, 14 cores, Scala 3.9.0 (cf820fa7); 3 rounds; WIDE: max/min 1.63x across rounds -- read as a rank
2026-09-08	bench-refresh	AdversarialBenchmark	forkJoin10k_okay  shape=4x4  work=10000	4032	us/op	-f 1, each class at its own declared @Warmup/@Measurement, 3 rounds, per-lane MINIMUM, sbt-free launcher (java -cp), one JVM per class	quiet box, 14 cores, Scala 3.9.0 (cf820fa7); 3 rounds
2026-09-08	bench-refresh	AdversarialBenchmark	forkJoin10k_okayDrive  shape=16x16  work=100	2239	us/op	-f 1, each class at its own declared @Warmup/@Measurement, 3 rounds, per-lane MINIMUM, sbt-free launcher (java -cp), one JVM per class	quiet box, 14 cores, Scala 3.9.0 (cf820fa7); 3 rounds
2026-09-08	bench-refresh	AdversarialBenchmark	forkJoin10k_okayDrive  shape=16x16  work=10000	3591	us/op	-f 1, each class at its own declared @Warmup/@Measurement, 3 rounds, per-lane MINIMUM, sbt-free launcher (java -cp), one JVM per class	quiet box, 14 cores, Scala 3.9.0 (cf820fa7); 3 rounds
2026-09-08	bench-refresh	AdversarialBenchmark	forkJoin10k_okayDrive  shape=4x4  work=100	2213	us/op	-f 1, each class at its own declared @Warmup/@Measurement, 3 rounds, per-lane MINIMUM, sbt-free launcher (java -cp), one JVM per class	quiet box, 14 cores, Scala 3.9.0 (cf820fa7); 3 rounds
2026-09-08	bench-refresh	AdversarialBenchmark	forkJoin10k_okayDrive  shape=4x4  work=10000	3171	us/op	-f 1, each class at its own declared @Warmup/@Measurement, 3 rounds, per-lane MINIMUM, sbt-free launcher (java -cp), one JVM per class	quiet box, 14 cores, Scala 3.9.0 (cf820fa7); 3 rounds; WIDE: max/min 1.30x across rounds -- read as a rank
2026-09-08	bench-refresh	AdversarialBenchmark	forkJoin10k_okayDriveInside  shape=16x16  work=100	783.2	us/op	-f 1, each class at its own declared @Warmup/@Measurement, 3 rounds, per-lane MINIMUM, sbt-free launcher (java -cp), one JVM per class	quiet box, 14 cores, Scala 3.9.0 (cf820fa7); 3 rounds; WIDE: max/min 1.53x across rounds -- read as a rank
2026-09-08	bench-refresh	AdversarialBenchmark	forkJoin10k_okayDriveInside  shape=16x16  work=10000	3201	us/op	-f 1, each class at its own declared @Warmup/@Measurement, 3 rounds, per-lane MINIMUM, sbt-free launcher (java -cp), one JVM per class	quiet box, 14 cores, Scala 3.9.0 (cf820fa7); 3 rounds
2026-09-08	bench-refresh	AdversarialBenchmark	forkJoin10k_okayDriveInside  shape=4x4  work=100	810.1	us/op	-f 1, each class at its own declared @Warmup/@Measurement, 3 rounds, per-lane MINIMUM, sbt-free launcher (java -cp), one JVM per class	quiet box, 14 cores, Scala 3.9.0 (cf820fa7); 3 rounds; WIDE: max/min 1.32x across rounds -- read as a rank
2026-09-08	bench-refresh	AdversarialBenchmark	forkJoin10k_okayDriveInside  shape=4x4  work=10000	3216	us/op	-f 1, each class at its own declared @Warmup/@Measurement, 3 rounds, per-lane MINIMUM, sbt-free launcher (java -cp), one JVM per class	quiet box, 14 cores, Scala 3.9.0 (cf820fa7); 3 rounds
2026-09-08	bench-refresh	AdversarialBenchmark	forkJoin10k_okayOwn  shape=16x16  work=100	3216	us/op	-f 1, each class at its own declared @Warmup/@Measurement, 3 rounds, per-lane MINIMUM, sbt-free launcher (java -cp), one JVM per class	quiet box, 14 cores, Scala 3.9.0 (cf820fa7); 3 rounds
2026-09-08	bench-refresh	AdversarialBenchmark	forkJoin10k_okayOwn  shape=16x16  work=10000	2835	us/op	-f 1, each class at its own declared @Warmup/@Measurement, 3 rounds, per-lane MINIMUM, sbt-free launcher (java -cp), one JVM per class	quiet box, 14 cores, Scala 3.9.0 (cf820fa7); 3 rounds
2026-09-08	bench-refresh	AdversarialBenchmark	forkJoin10k_okayOwn  shape=4x4  work=100	3453	us/op	-f 1, each class at its own declared @Warmup/@Measurement, 3 rounds, per-lane MINIMUM, sbt-free launcher (java -cp), one JVM per class	quiet box, 14 cores, Scala 3.9.0 (cf820fa7); 3 rounds
2026-09-08	bench-refresh	AdversarialBenchmark	forkJoin10k_okayOwn  shape=4x4  work=10000	2937	us/op	-f 1, each class at its own declared @Warmup/@Measurement, 3 rounds, per-lane MINIMUM, sbt-free launcher (java -cp), one JVM per class	quiet box, 14 cores, Scala 3.9.0 (cf820fa7); 3 rounds
2026-09-08	bench-refresh	AdversarialBenchmark	forkJoin10k_okayOwnInside  shape=16x16  work=100	808.9	us/op	-f 1, each class at its own declared @Warmup/@Measurement, 3 rounds, per-lane MINIMUM, sbt-free launcher (java -cp), one JVM per class	quiet box, 14 cores, Scala 3.9.0 (cf820fa7); 3 rounds
2026-09-08	bench-refresh	AdversarialBenchmark	forkJoin10k_okayOwnInside  shape=16x16  work=10000	3230	us/op	-f 1, each class at its own declared @Warmup/@Measurement, 3 rounds, per-lane MINIMUM, sbt-free launcher (java -cp), one JVM per class	quiet box, 14 cores, Scala 3.9.0 (cf820fa7); 3 rounds
2026-09-08	bench-refresh	AdversarialBenchmark	forkJoin10k_okayOwnInside  shape=4x4  work=100	796.2	us/op	-f 1, each class at its own declared @Warmup/@Measurement, 3 rounds, per-lane MINIMUM, sbt-free launcher (java -cp), one JVM per class	quiet box, 14 cores, Scala 3.9.0 (cf820fa7); 3 rounds
2026-09-08	bench-refresh	AdversarialBenchmark	forkJoin10k_okayOwnInside  shape=4x4  work=10000	3218	us/op	-f 1, each class at its own declared @Warmup/@Measurement, 3 rounds, per-lane MINIMUM, sbt-free launcher (java -cp), one JVM per class	quiet box, 14 cores, Scala 3.9.0 (cf820fa7); 3 rounds
2026-09-08	bench-refresh	AdversarialBenchmark	forkJoin10k_okayOwnLongInside  shape=16x16  work=100	2141	us/op	-f 1, each class at its own declared @Warmup/@Measurement, 3 rounds, per-lane MINIMUM, sbt-free launcher (java -cp), one JVM per class	quiet box, 14 cores, Scala 3.9.0 (cf820fa7); 3 rounds
2026-09-08	bench-refresh	AdversarialBenchmark	forkJoin10k_okayOwnLongInside  shape=16x16  work=10000	3136	us/op	-f 1, each class at its own declared @Warmup/@Measurement, 3 rounds, per-lane MINIMUM, sbt-free launcher (java -cp), one JVM per class	quiet box, 14 cores, Scala 3.9.0 (cf820fa7); 3 rounds
2026-09-08	bench-refresh	AdversarialBenchmark	forkJoin10k_okayOwnLongInside  shape=4x4  work=100	2618	us/op	-f 1, each class at its own declared @Warmup/@Measurement, 3 rounds, per-lane MINIMUM, sbt-free launcher (java -cp), one JVM per class	quiet box, 14 cores, Scala 3.9.0 (cf820fa7); 3 rounds
2026-09-08	bench-refresh	AdversarialBenchmark	forkJoin10k_okayOwnLongInside  shape=4x4  work=10000	3200	us/op	-f 1, each class at its own declared @Warmup/@Measurement, 3 rounds, per-lane MINIMUM, sbt-free launcher (java -cp), one JVM per class	quiet box, 14 cores, Scala 3.9.0 (cf820fa7); 3 rounds
2026-09-08	bench-refresh	AdversarialBenchmark	forkJoin10k_okayOwnShortInside  shape=16x16  work=100	711.5	us/op	-f 1, each class at its own declared @Warmup/@Measurement, 3 rounds, per-lane MINIMUM, sbt-free launcher (java -cp), one JVM per class	quiet box, 14 cores, Scala 3.9.0 (cf820fa7); 3 rounds; WIDE: max/min 1.51x across rounds -- read as a rank
2026-09-08	bench-refresh	AdversarialBenchmark	forkJoin10k_okayOwnShortInside  shape=16x16  work=10000	2.785e+04	us/op	-f 1, each class at its own declared @Warmup/@Measurement, 3 rounds, per-lane MINIMUM, sbt-free launcher (java -cp), one JVM per class	quiet box, 14 cores, Scala 3.9.0 (cf820fa7); 3 rounds; WIDE: max/min 1.42x across rounds -- read as a rank
2026-09-08	bench-refresh	AdversarialBenchmark	forkJoin10k_okayOwnShortInside  shape=4x4  work=100	708.7	us/op	-f 1, each class at its own declared @Warmup/@Measurement, 3 rounds, per-lane MINIMUM, sbt-free launcher (java -cp), one JVM per class	quiet box, 14 cores, Scala 3.9.0 (cf820fa7); 3 rounds
2026-09-08	bench-refresh	AdversarialBenchmark	forkJoin10k_okayOwnShortInside  shape=4x4  work=10000	2.764e+04	us/op	-f 1, each class at its own declared @Warmup/@Measurement, 3 rounds, per-lane MINIMUM, sbt-free launcher (java -cp), one JVM per class	quiet box, 14 cores, Scala 3.9.0 (cf820fa7); 3 rounds
2026-09-08	bench-refresh	AdversarialBenchmark	forkJoin10k_okayPool  shape=16x16  work=100	2296	us/op	-f 1, each class at its own declared @Warmup/@Measurement, 3 rounds, per-lane MINIMUM, sbt-free launcher (java -cp), one JVM per class	quiet box, 14 cores, Scala 3.9.0 (cf820fa7); 3 rounds
2026-09-08	bench-refresh	AdversarialBenchmark	forkJoin10k_okayPool  shape=16x16  work=10000	3432	us/op	-f 1, each class at its own declared @Warmup/@Measurement, 3 rounds, per-lane MINIMUM, sbt-free launcher (java -cp), one JVM per class	quiet box, 14 cores, Scala 3.9.0 (cf820fa7); 3 rounds
2026-09-08	bench-refresh	AdversarialBenchmark	forkJoin10k_okayPool  shape=4x4  work=100	2274	us/op	-f 1, each class at its own declared @Warmup/@Measurement, 3 rounds, per-lane MINIMUM, sbt-free launcher (java -cp), one JVM per class	quiet box, 14 cores, Scala 3.9.0 (cf820fa7); 3 rounds; WIDE: max/min 1.47x across rounds -- read as a rank
2026-09-08	bench-refresh	AdversarialBenchmark	forkJoin10k_okayPool  shape=4x4  work=10000	3597	us/op	-f 1, each class at its own declared @Warmup/@Measurement, 3 rounds, per-lane MINIMUM, sbt-free launcher (java -cp), one JVM per class	quiet box, 14 cores, Scala 3.9.0 (cf820fa7); 3 rounds
2026-09-08	bench-refresh	AdversarialBenchmark	forkJoin10k_rawLoom  shape=16x16  work=100	2731	us/op	-f 1, each class at its own declared @Warmup/@Measurement, 3 rounds, per-lane MINIMUM, sbt-free launcher (java -cp), one JVM per class	quiet box, 14 cores, Scala 3.9.0 (cf820fa7); 3 rounds; WIDE: max/min 1.27x across rounds -- read as a rank
2026-09-08	bench-refresh	AdversarialBenchmark	forkJoin10k_rawLoom  shape=16x16  work=10000	4361	us/op	-f 1, each class at its own declared @Warmup/@Measurement, 3 rounds, per-lane MINIMUM, sbt-free launcher (java -cp), one JVM per class	quiet box, 14 cores, Scala 3.9.0 (cf820fa7); 3 rounds
2026-09-08	bench-refresh	AdversarialBenchmark	forkJoin10k_rawLoom  shape=4x4  work=100	2661	us/op	-f 1, each class at its own declared @Warmup/@Measurement, 3 rounds, per-lane MINIMUM, sbt-free launcher (java -cp), one JVM per class	quiet box, 14 cores, Scala 3.9.0 (cf820fa7); 3 rounds
2026-09-08	bench-refresh	AdversarialBenchmark	forkJoin10k_rawLoom  shape=4x4  work=10000	4229	us/op	-f 1, each class at its own declared @Warmup/@Measurement, 3 rounds, per-lane MINIMUM, sbt-free launcher (java -cp), one JVM per class	quiet box, 14 cores, Scala 3.9.0 (cf820fa7); 3 rounds
2026-09-08	bench-refresh	AdversarialBenchmark	forkJoin10k_zio  shape=16x16  work=100	3445	us/op	-f 1, each class at its own declared @Warmup/@Measurement, 3 rounds, per-lane MINIMUM, sbt-free launcher (java -cp), one JVM per class	quiet box, 14 cores, Scala 3.9.0 (cf820fa7); 3 rounds
2026-09-08	bench-refresh	AdversarialBenchmark	forkJoin10k_zio  shape=16x16  work=10000	5032	us/op	-f 1, each class at its own declared @Warmup/@Measurement, 3 rounds, per-lane MINIMUM, sbt-free launcher (java -cp), one JVM per class	quiet box, 14 cores, Scala 3.9.0 (cf820fa7); 3 rounds
2026-09-08	bench-refresh	AdversarialBenchmark	forkJoin10k_zio  shape=4x4  work=100	3503	us/op	-f 1, each class at its own declared @Warmup/@Measurement, 3 rounds, per-lane MINIMUM, sbt-free launcher (java -cp), one JVM per class	quiet box, 14 cores, Scala 3.9.0 (cf820fa7); 3 rounds
2026-09-08	bench-refresh	AdversarialBenchmark	forkJoin10k_zio  shape=4x4  work=10000	5002	us/op	-f 1, each class at its own declared @Warmup/@Measurement, 3 rounds, per-lane MINIMUM, sbt-free launcher (java -cp), one JVM per class	quiet box, 14 cores, Scala 3.9.0 (cf820fa7); 3 rounds
2026-09-08	bench-refresh	AdversarialBenchmark	manyToMany_cats  shape=16x16  work=100	8881	us/op	-f 1, each class at its own declared @Warmup/@Measurement, 3 rounds, per-lane MINIMUM, sbt-free launcher (java -cp), one JVM per class	quiet box, 14 cores, Scala 3.9.0 (cf820fa7); 3 rounds
2026-09-08	bench-refresh	AdversarialBenchmark	manyToMany_cats  shape=16x16  work=10000	8875	us/op	-f 1, each class at its own declared @Warmup/@Measurement, 3 rounds, per-lane MINIMUM, sbt-free launcher (java -cp), one JVM per class	quiet box, 14 cores, Scala 3.9.0 (cf820fa7); 3 rounds
2026-09-08	bench-refresh	AdversarialBenchmark	manyToMany_cats  shape=4x4  work=100	4302	us/op	-f 1, each class at its own declared @Warmup/@Measurement, 3 rounds, per-lane MINIMUM, sbt-free launcher (java -cp), one JVM per class	quiet box, 14 cores, Scala 3.9.0 (cf820fa7); 3 rounds
2026-09-08	bench-refresh	AdversarialBenchmark	manyToMany_cats  shape=4x4  work=10000	4270	us/op	-f 1, each class at its own declared @Warmup/@Measurement, 3 rounds, per-lane MINIMUM, sbt-free launcher (java -cp), one JVM per class	quiet box, 14 cores, Scala 3.9.0 (cf820fa7); 3 rounds; WIDE: max/min 1.29x across rounds -- read as a rank
2026-09-08	bench-refresh	AdversarialBenchmark	manyToMany_okay  shape=16x16  work=100	9325	us/op	-f 1, each class at its own declared @Warmup/@Measurement, 3 rounds, per-lane MINIMUM, sbt-free launcher (java -cp), one JVM per class	quiet box, 14 cores, Scala 3.9.0 (cf820fa7); 3 rounds
2026-09-08	bench-refresh	AdversarialBenchmark	manyToMany_okay  shape=16x16  work=10000	9028	us/op	-f 1, each class at its own declared @Warmup/@Measurement, 3 rounds, per-lane MINIMUM, sbt-free launcher (java -cp), one JVM per class	quiet box, 14 cores, Scala 3.9.0 (cf820fa7); 3 rounds
2026-09-08	bench-refresh	AdversarialBenchmark	manyToMany_okay  shape=4x4  work=100	4806	us/op	-f 1, each class at its own declared @Warmup/@Measurement, 3 rounds, per-lane MINIMUM, sbt-free launcher (java -cp), one JVM per class	quiet box, 14 cores, Scala 3.9.0 (cf820fa7); 3 rounds
2026-09-08	bench-refresh	AdversarialBenchmark	manyToMany_okay  shape=4x4  work=10000	4768	us/op	-f 1, each class at its own declared @Warmup/@Measurement, 3 rounds, per-lane MINIMUM, sbt-free launcher (java -cp), one JVM per class	quiet box, 14 cores, Scala 3.9.0 (cf820fa7); 3 rounds
2026-09-08	bench-refresh	AdversarialBenchmark	manyToMany_okayAdaptive  shape=16x16  work=100	1042	us/op	-f 1, each class at its own declared @Warmup/@Measurement, 3 rounds, per-lane MINIMUM, sbt-free launcher (java -cp), one JVM per class	quiet box, 14 cores, Scala 3.9.0 (cf820fa7); 3 rounds; WIDE: max/min 2.31x across rounds -- read as a rank
2026-09-08	bench-refresh	AdversarialBenchmark	manyToMany_okayAdaptive  shape=16x16  work=10000	984.4	us/op	-f 1, each class at its own declared @Warmup/@Measurement, 3 rounds, per-lane MINIMUM, sbt-free launcher (java -cp), one JVM per class	quiet box, 14 cores, Scala 3.9.0 (cf820fa7); 3 rounds; WIDE: max/min 1.95x across rounds -- read as a rank
2026-09-08	bench-refresh	AdversarialBenchmark	manyToMany_okayAdaptive  shape=4x4  work=100	869.7	us/op	-f 1, each class at its own declared @Warmup/@Measurement, 3 rounds, per-lane MINIMUM, sbt-free launcher (java -cp), one JVM per class	quiet box, 14 cores, Scala 3.9.0 (cf820fa7); 3 rounds
2026-09-08	bench-refresh	AdversarialBenchmark	manyToMany_okayAdaptive  shape=4x4  work=10000	893.9	us/op	-f 1, each class at its own declared @Warmup/@Measurement, 3 rounds, per-lane MINIMUM, sbt-free launcher (java -cp), one JVM per class	quiet box, 14 cores, Scala 3.9.0 (cf820fa7); 3 rounds; WIDE: max/min 1.81x across rounds -- read as a rank
2026-09-08	bench-refresh	AdversarialBenchmark	manyToMany_zio  shape=16x16  work=100	6325	us/op	-f 1, each class at its own declared @Warmup/@Measurement, 3 rounds, per-lane MINIMUM, sbt-free launcher (java -cp), one JVM per class	quiet box, 14 cores, Scala 3.9.0 (cf820fa7); 3 rounds
2026-09-08	bench-refresh	AdversarialBenchmark	manyToMany_zio  shape=16x16  work=10000	6278	us/op	-f 1, each class at its own declared @Warmup/@Measurement, 3 rounds, per-lane MINIMUM, sbt-free launcher (java -cp), one JVM per class	quiet box, 14 cores, Scala 3.9.0 (cf820fa7); 3 rounds
2026-09-08	bench-refresh	AdversarialBenchmark	manyToMany_zio  shape=4x4  work=100	3106	us/op	-f 1, each class at its own declared @Warmup/@Measurement, 3 rounds, per-lane MINIMUM, sbt-free launcher (java -cp), one JVM per class	quiet box, 14 cores, Scala 3.9.0 (cf820fa7); 3 rounds
2026-09-08	bench-refresh	AdversarialBenchmark	manyToMany_zio  shape=4x4  work=10000	3011	us/op	-f 1, each class at its own declared @Warmup/@Measurement, 3 rounds, per-lane MINIMUM, sbt-free launcher (java -cp), one JVM per class	quiet box, 14 cores, Scala 3.9.0 (cf820fa7); 3 rounds
2026-09-08	bench-refresh	AsyncBenchmark	catsIOPar	120.2	us/op	-f 1, each class at its own declared @Warmup/@Measurement, 3 rounds, per-lane MINIMUM, sbt-free launcher (java -cp), one JVM per class	quiet box, 14 cores, Scala 3.9.0 (cf820fa7); 3 rounds
2026-09-08	bench-refresh	AsyncBenchmark	kyoAsync	18.31	us/op	-f 1, each class at its own declared @Warmup/@Measurement, 3 rounds, per-lane MINIMUM, sbt-free launcher (java -cp), one JVM per class	quiet box, 14 cores, Scala 3.9.0 (cf820fa7); 3 rounds; WIDE: max/min 1.26x across rounds -- read as a rank
2026-09-08	bench-refresh	AsyncBenchmark	okaySpawn	24.44	us/op	-f 1, each class at its own declared @Warmup/@Measurement, 3 rounds, per-lane MINIMUM, sbt-free launcher (java -cp), one JVM per class	quiet box, 14 cores, Scala 3.9.0 (cf820fa7); 3 rounds
2026-09-08	bench-refresh	AsyncBenchmark	rawLoom	21.66	us/op	-f 1, each class at its own declared @Warmup/@Measurement, 3 rounds, per-lane MINIMUM, sbt-free launcher (java -cp), one JVM per class	quiet box, 14 cores, Scala 3.9.0 (cf820fa7); 3 rounds; WIDE: max/min 2.66x across rounds -- read as a rank
2026-09-08	bench-refresh	AsyncBenchmark	zioForkJoin	47.4	us/op	-f 1, each class at its own declared @Warmup/@Measurement, 3 rounds, per-lane MINIMUM, sbt-free launcher (java -cp), one JVM per class	quiet box, 14 cores, Scala 3.9.0 (cf820fa7); 3 rounds; WIDE: max/min 2.33x across rounds -- read as a rank
2026-09-08	bench-refresh	ChannelGranularityBenchmark	okayChunked	58.39	us/op	-f 1, each class at its own declared @Warmup/@Measurement, 3 rounds, per-lane MINIMUM, sbt-free launcher (java -cp), one JVM per class	quiet box, 14 cores, Scala 3.9.0 (cf820fa7); 3 rounds; WIDE: max/min 1.41x across rounds -- read as a rank
2026-09-08	bench-refresh	ChannelGranularityBenchmark	okayElementwise	133.8	us/op	-f 1, each class at its own declared @Warmup/@Measurement, 3 rounds, per-lane MINIMUM, sbt-free launcher (java -cp), one JVM per class	quiet box, 14 cores, Scala 3.9.0 (cf820fa7); 3 rounds
2026-09-08	bench-refresh	ChannelGranularityBenchmark	okaySendBulk	138.4	us/op	-f 1, each class at its own declared @Warmup/@Measurement, 3 rounds, per-lane MINIMUM, sbt-free launcher (java -cp), one JVM per class	quiet box, 14 cores, Scala 3.9.0 (cf820fa7); 3 rounds; WIDE: max/min 1.37x across rounds -- read as a rank
2026-09-08	bench-refresh	ChannelGranularityBenchmark	okaySendBulkRecvChunk	63.16	us/op	-f 1, each class at its own declared @Warmup/@Measurement, 3 rounds, per-lane MINIMUM, sbt-free launcher (java -cp), one JVM per class	quiet box, 14 cores, Scala 3.9.0 (cf820fa7); 3 rounds
2026-09-08	bench-refresh	ChannelGranularityBenchmark	okaySendElem	134.9	us/op	-f 1, each class at its own declared @Warmup/@Measurement, 3 rounds, per-lane MINIMUM, sbt-free launcher (java -cp), one JVM per class	quiet box, 14 cores, Scala 3.9.0 (cf820fa7); 3 rounds
2026-09-08	bench-refresh	ChannelGranularityBenchmark	okaySendElemRecvChunk	54.07	us/op	-f 1, each class at its own declared @Warmup/@Measurement, 3 rounds, per-lane MINIMUM, sbt-free launcher (java -cp), one JVM per class	quiet box, 14 cores, Scala 3.9.0 (cf820fa7); 3 rounds
2026-09-08	bench-refresh	ChannelGranularityBenchmark	zioChunked	141.8	us/op	-f 1, each class at its own declared @Warmup/@Measurement, 3 rounds, per-lane MINIMUM, sbt-free launcher (java -cp), one JVM per class	quiet box, 14 cores, Scala 3.9.0 (cf820fa7); 3 rounds
2026-09-08	bench-refresh	ChannelGranularityBenchmark	zioElementwise	326.5	us/op	-f 1, each class at its own declared @Warmup/@Measurement, 3 rounds, per-lane MINIMUM, sbt-free launcher (java -cp), one JVM per class	quiet box, 14 cores, Scala 3.9.0 (cf820fa7); 3 rounds
2026-09-08	bench-refresh	ChannelGuaranteeBenchmark	okayLayeredChunk	57.75	us/op	-f 1, each class at its own declared @Warmup/@Measurement, 3 rounds, per-lane MINIMUM, sbt-free launcher (java -cp), one JVM per class	quiet box, 14 cores, Scala 3.9.0 (cf820fa7); 3 rounds
2026-09-08	bench-refresh	ChannelGuaranteeBenchmark	okayLayeredElem	151.4	us/op	-f 1, each class at its own declared @Warmup/@Measurement, 3 rounds, per-lane MINIMUM, sbt-free launcher (java -cp), one JVM per class	quiet box, 14 cores, Scala 3.9.0 (cf820fa7); 3 rounds
2026-09-08	bench-refresh	ChannelGuaranteeBenchmark	okaySentinelChunk	60.74	us/op	-f 1, each class at its own declared @Warmup/@Measurement, 3 rounds, per-lane MINIMUM, sbt-free launcher (java -cp), one JVM per class	quiet box, 14 cores, Scala 3.9.0 (cf820fa7); 3 rounds
2026-09-08	bench-refresh	ChannelGuaranteeBenchmark	okaySentinelChunkSC	62.64	us/op	-f 1, each class at its own declared @Warmup/@Measurement, 3 rounds, per-lane MINIMUM, sbt-free launcher (java -cp), one JVM per class	quiet box, 14 cores, Scala 3.9.0 (cf820fa7); 3 rounds
2026-09-08	bench-refresh	ChannelGuaranteeBenchmark	okaySentinelElem	177	us/op	-f 1, each class at its own declared @Warmup/@Measurement, 3 rounds, per-lane MINIMUM, sbt-free launcher (java -cp), one JVM per class	quiet box, 14 cores, Scala 3.9.0 (cf820fa7); 3 rounds
2026-09-08	bench-refresh	ChannelGuaranteeBenchmark	okaySentinelElemSC	121.4	us/op	-f 1, each class at its own declared @Warmup/@Measurement, 3 rounds, per-lane MINIMUM, sbt-free launcher (java -cp), one JVM per class	quiet box, 14 cores, Scala 3.9.0 (cf820fa7); 3 rounds
2026-09-08	bench-refresh	ChannelGuaranteeBenchmark	okayStmArrayChunk	137	us/op	-f 1, each class at its own declared @Warmup/@Measurement, 3 rounds, per-lane MINIMUM, sbt-free launcher (java -cp), one JVM per class	quiet box, 14 cores, Scala 3.9.0 (cf820fa7); 3 rounds
2026-09-08	bench-refresh	ChannelGuaranteeBenchmark	okayStmArrayElem	243.1	us/op	-f 1, each class at its own declared @Warmup/@Measurement, 3 rounds, per-lane MINIMUM, sbt-free launcher (java -cp), one JVM per class	quiet box, 14 cores, Scala 3.9.0 (cf820fa7); 3 rounds
2026-09-08	bench-refresh	ChannelGuaranteeBenchmark	okayStmListChunk	120.1	us/op	-f 1, each class at its own declared @Warmup/@Measurement, 3 rounds, per-lane MINIMUM, sbt-free launcher (java -cp), one JVM per class	quiet box, 14 cores, Scala 3.9.0 (cf820fa7); 3 rounds
2026-09-08	bench-refresh	ChannelGuaranteeBenchmark	okayStmListElem	238.9	us/op	-f 1, each class at its own declared @Warmup/@Measurement, 3 rounds, per-lane MINIMUM, sbt-free launcher (java -cp), one JVM per class	quiet box, 14 cores, Scala 3.9.0 (cf820fa7); 3 rounds; WIDE: max/min 1.40x across rounds -- read as a rank
2026-09-08	bench-refresh	ChannelGuaranteeBenchmark	okayStrongChunk	136	us/op	-f 1, each class at its own declared @Warmup/@Measurement, 3 rounds, per-lane MINIMUM, sbt-free launcher (java -cp), one JVM per class	quiet box, 14 cores, Scala 3.9.0 (cf820fa7); 3 rounds
2026-09-08	bench-refresh	ChannelGuaranteeBenchmark	okayStrongElem	258.8	us/op	-f 1, each class at its own declared @Warmup/@Measurement, 3 rounds, per-lane MINIMUM, sbt-free launcher (java -cp), one JVM per class	quiet box, 14 cores, Scala 3.9.0 (cf820fa7); 3 rounds; WIDE: max/min 1.37x across rounds -- read as a rank
2026-09-08	bench-refresh	ChannelGuaranteeBenchmark	okayUnboundedChunk	56.25	us/op	-f 1, each class at its own declared @Warmup/@Measurement, 3 rounds, per-lane MINIMUM, sbt-free launcher (java -cp), one JVM per class	quiet box, 14 cores, Scala 3.9.0 (cf820fa7); 3 rounds
2026-09-08	bench-refresh	ChannelGuaranteeBenchmark	okayUnboundedElem	109.5	us/op	-f 1, each class at its own declared @Warmup/@Measurement, 3 rounds, per-lane MINIMUM, sbt-free launcher (java -cp), one JVM per class	quiet box, 14 cores, Scala 3.9.0 (cf820fa7); 3 rounds
2026-09-08	bench-refresh	ChannelGuaranteeBenchmark	okayWeakChunk	57.16	us/op	-f 1, each class at its own declared @Warmup/@Measurement, 3 rounds, per-lane MINIMUM, sbt-free launcher (java -cp), one JVM per class	quiet box, 14 cores, Scala 3.9.0 (cf820fa7); 3 rounds
2026-09-08	bench-refresh	ChannelGuaranteeBenchmark	okayWeakElem	159.7	us/op	-f 1, each class at its own declared @Warmup/@Measurement, 3 rounds, per-lane MINIMUM, sbt-free launcher (java -cp), one JVM per class	quiet box, 14 cores, Scala 3.9.0 (cf820fa7); 3 rounds
2026-09-08	bench-refresh	ChannelGuaranteeBenchmark	zioStrongChunk	137.5	us/op	-f 1, each class at its own declared @Warmup/@Measurement, 3 rounds, per-lane MINIMUM, sbt-free launcher (java -cp), one JVM per class	quiet box, 14 cores, Scala 3.9.0 (cf820fa7); 3 rounds; WIDE: max/min 1.29x across rounds -- read as a rank
2026-09-08	bench-refresh	ChannelGuaranteeBenchmark	zioStrongElem	350.8	us/op	-f 1, each class at its own declared @Warmup/@Measurement, 3 rounds, per-lane MINIMUM, sbt-free launcher (java -cp), one JVM per class	quiet box, 14 cores, Scala 3.9.0 (cf820fa7); 3 rounds; WIDE: max/min 1.41x across rounds -- read as a rank
2026-09-08	bench-refresh	ChannelGuaranteeBenchmark	zioUnboundedChunk	425.7	us/op	-f 1, each class at its own declared @Warmup/@Measurement, 3 rounds, per-lane MINIMUM, sbt-free launcher (java -cp), one JVM per class	quiet box, 14 cores, Scala 3.9.0 (cf820fa7); 3 rounds
2026-09-08	bench-refresh	ChannelGuaranteeBenchmark	zioUnboundedElem	493.9	us/op	-f 1, each class at its own declared @Warmup/@Measurement, 3 rounds, per-lane MINIMUM, sbt-free launcher (java -cp), one JVM per class	quiet box, 14 cores, Scala 3.9.0 (cf820fa7); 3 rounds
2026-09-08	bench-refresh	ChannelGuaranteeBenchmark	zioWeakChunk	136.7	us/op	-f 1, each class at its own declared @Warmup/@Measurement, 3 rounds, per-lane MINIMUM, sbt-free launcher (java -cp), one JVM per class	quiet box, 14 cores, Scala 3.9.0 (cf820fa7); 3 rounds
2026-09-08	bench-refresh	ChannelGuaranteeBenchmark	zioWeakElem	329.4	us/op	-f 1, each class at its own declared @Warmup/@Measurement, 3 rounds, per-lane MINIMUM, sbt-free launcher (java -cp), one JVM per class	quiet box, 14 cores, Scala 3.9.0 (cf820fa7); 3 rounds
2026-09-08	bench-refresh	ChoiceBenchmark	atnosList	5660	us/op	-f 1, each class at its own declared @Warmup/@Measurement, 3 rounds, per-lane MINIMUM, sbt-free launcher (java -cp), one JVM per class	quiet box, 14 cores, Scala 3.9.0 (cf820fa7); 3 rounds
2026-09-08	bench-refresh	ChoiceBenchmark	kyoChoice	4080	us/op	-f 1, each class at its own declared @Warmup/@Measurement, 3 rounds, per-lane MINIMUM, sbt-free launcher (java -cp), one JVM per class	quiet box, 14 cores, Scala 3.9.0 (cf820fa7); 3 rounds
2026-09-08	bench-refresh	ChoiceBenchmark	okayChoice	1649	us/op	-f 1, each class at its own declared @Warmup/@Measurement, 3 rounds, per-lane MINIMUM, sbt-free launcher (java -cp), one JVM per class	quiet box, 14 cores, Scala 3.9.0 (cf820fa7); 3 rounds
2026-09-08	bench-refresh	ChoiceBenchmark	stdList	598.1	us/op	-f 1, each class at its own declared @Warmup/@Measurement, 3 rounds, per-lane MINIMUM, sbt-free launcher (java -cp), one JVM per class	quiet box, 14 cores, Scala 3.9.0 (cf820fa7); 3 rounds
2026-09-08	bench-refresh	ChunkFlushBenchmark	bufferDrained  k=1024	222.3	us/op	-f 1, each class at its own declared @Warmup/@Measurement, 3 rounds, per-lane MINIMUM, sbt-free launcher (java -cp), one JVM per class	quiet box, 14 cores, Scala 3.9.0 (cf820fa7); 3 rounds
2026-09-08	bench-refresh	ChunkFlushBenchmark	bufferDrained  k=16	217	us/op	-f 1, each class at its own declared @Warmup/@Measurement, 3 rounds, per-lane MINIMUM, sbt-free launcher (java -cp), one JVM per class	quiet box, 14 cores, Scala 3.9.0 (cf820fa7); 3 rounds
2026-09-08	bench-refresh	ChunkFlushBenchmark	bufferDrained  k=256	217.6	us/op	-f 1, each class at its own declared @Warmup/@Measurement, 3 rounds, per-lane MINIMUM, sbt-free launcher (java -cp), one JVM per class	quiet box, 14 cores, Scala 3.9.0 (cf820fa7); 3 rounds; WIDE: max/min 1.49x across rounds -- read as a rank
2026-09-08	bench-refresh	ChunkFlushBenchmark	bufferPerElement  k=1024	633.4	us/op	-f 1, each class at its own declared @Warmup/@Measurement, 3 rounds, per-lane MINIMUM, sbt-free launcher (java -cp), one JVM per class	quiet box, 14 cores, Scala 3.9.0 (cf820fa7); 3 rounds; WIDE: max/min 1.57x across rounds -- read as a rank
2026-09-08	bench-refresh	ChunkFlushBenchmark	bufferPerElement  k=16	637.5	us/op	-f 1, each class at its own declared @Warmup/@Measurement, 3 rounds, per-lane MINIMUM, sbt-free launcher (java -cp), one JVM per class	quiet box, 14 cores, Scala 3.9.0 (cf820fa7); 3 rounds; WIDE: max/min 1.47x across rounds -- read as a rank
2026-09-08	bench-refresh	ChunkFlushBenchmark	bufferPerElement  k=256	666.2	us/op	-f 1, each class at its own declared @Warmup/@Measurement, 3 rounds, per-lane MINIMUM, sbt-free launcher (java -cp), one JVM per class	quiet box, 14 cores, Scala 3.9.0 (cf820fa7); 3 rounds; WIDE: max/min 1.40x across rounds -- read as a rank
2026-09-08	bench-refresh	ChunkFlushBenchmark	chunkedFromList  k=1024	405	us/op	-f 1, each class at its own declared @Warmup/@Measurement, 3 rounds, per-lane MINIMUM, sbt-free launcher (java -cp), one JVM per class	quiet box, 14 cores, Scala 3.9.0 (cf820fa7); 3 rounds
2026-09-08	bench-refresh	ChunkFlushBenchmark	chunkedFromList  k=16	205.7	us/op	-f 1, each class at its own declared @Warmup/@Measurement, 3 rounds, per-lane MINIMUM, sbt-free launcher (java -cp), one JVM per class	quiet box, 14 cores, Scala 3.9.0 (cf820fa7); 3 rounds
2026-09-08	bench-refresh	ChunkFlushBenchmark	chunkedFromList  k=256	246	us/op	-f 1, each class at its own declared @Warmup/@Measurement, 3 rounds, per-lane MINIMUM, sbt-free launcher (java -cp), one JVM per class	quiet box, 14 cores, Scala 3.9.0 (cf820fa7); 3 rounds; WIDE: max/min 1.25x across rounds -- read as a rank
2026-09-08	bench-refresh	ChunkFlushBenchmark	chunkedFromRange  k=1024	358.1	us/op	-f 1, each class at its own declared @Warmup/@Measurement, 3 rounds, per-lane MINIMUM, sbt-free launcher (java -cp), one JVM per class	quiet box, 14 cores, Scala 3.9.0 (cf820fa7); 3 rounds
2026-09-08	bench-refresh	ChunkFlushBenchmark	chunkedFromRange  k=16	238.3	us/op	-f 1, each class at its own declared @Warmup/@Measurement, 3 rounds, per-lane MINIMUM, sbt-free launcher (java -cp), one JVM per class	quiet box, 14 cores, Scala 3.9.0 (cf820fa7); 3 rounds
2026-09-08	bench-refresh	ChunkFlushBenchmark	chunkedFromRange  k=256	249.2	us/op	-f 1, each class at its own declared @Warmup/@Measurement, 3 rounds, per-lane MINIMUM, sbt-free launcher (java -cp), one JVM per class	quiet box, 14 cores, Scala 3.9.0 (cf820fa7); 3 rounds
2026-09-08	bench-refresh	ChunkFlushBenchmark	chunksMergeSize1  k=1024	675.6	us/op	-f 1, each class at its own declared @Warmup/@Measurement, 3 rounds, per-lane MINIMUM, sbt-free launcher (java -cp), one JVM per class	quiet box, 14 cores, Scala 3.9.0 (cf820fa7); 3 rounds
2026-09-08	bench-refresh	ChunkFlushBenchmark	chunksMergeSize1  k=16	657.8	us/op	-f 1, each class at its own declared @Warmup/@Measurement, 3 rounds, per-lane MINIMUM, sbt-free launcher (java -cp), one JVM per class	quiet box, 14 cores, Scala 3.9.0 (cf820fa7); 3 rounds
2026-09-08	bench-refresh	ChunkFlushBenchmark	chunksMergeSize1  k=256	638.3	us/op	-f 1, each class at its own declared @Warmup/@Measurement, 3 rounds, per-lane MINIMUM, sbt-free launcher (java -cp), one JVM per class	quiet box, 14 cores, Scala 3.9.0 (cf820fa7); 3 rounds
2026-09-08	bench-refresh	ChunkFlushBenchmark	chunksMergeSize16  k=1024	43.09	us/op	-f 1, each class at its own declared @Warmup/@Measurement, 3 rounds, per-lane MINIMUM, sbt-free launcher (java -cp), one JVM per class	quiet box, 14 cores, Scala 3.9.0 (cf820fa7); 3 rounds
2026-09-08	bench-refresh	ChunkFlushBenchmark	chunksMergeSize16  k=16	43.24	us/op	-f 1, each class at its own declared @Warmup/@Measurement, 3 rounds, per-lane MINIMUM, sbt-free launcher (java -cp), one JVM per class	quiet box, 14 cores, Scala 3.9.0 (cf820fa7); 3 rounds
2026-09-08	bench-refresh	ChunkFlushBenchmark	chunksMergeSize16  k=256	45.92	us/op	-f 1, each class at its own declared @Warmup/@Measurement, 3 rounds, per-lane MINIMUM, sbt-free launcher (java -cp), one JVM per class	quiet box, 14 cores, Scala 3.9.0 (cf820fa7); 3 rounds
2026-09-08	bench-refresh	ChunkFlushBenchmark	elementwiseFromRange  k=1024	436.2	us/op	-f 1, each class at its own declared @Warmup/@Measurement, 3 rounds, per-lane MINIMUM, sbt-free launcher (java -cp), one JVM per class	quiet box, 14 cores, Scala 3.9.0 (cf820fa7); 3 rounds; WIDE: max/min 1.62x across rounds -- read as a rank
2026-09-08	bench-refresh	ChunkFlushBenchmark	elementwiseFromRange  k=16	389.1	us/op	-f 1, each class at its own declared @Warmup/@Measurement, 3 rounds, per-lane MINIMUM, sbt-free launcher (java -cp), one JVM per class	quiet box, 14 cores, Scala 3.9.0 (cf820fa7); 3 rounds
2026-09-08	bench-refresh	ChunkFlushBenchmark	elementwiseFromRange  k=256	418.5	us/op	-f 1, each class at its own declared @Warmup/@Measurement, 3 rounds, per-lane MINIMUM, sbt-free launcher (java -cp), one JVM per class	quiet box, 14 cores, Scala 3.9.0 (cf820fa7); 3 rounds
2026-09-08	bench-refresh	ChunkFlushBenchmark	fs2ChunkNative  k=1024	131.2	us/op	-f 1, each class at its own declared @Warmup/@Measurement, 3 rounds, per-lane MINIMUM, sbt-free launcher (java -cp), one JVM per class	quiet box, 14 cores, Scala 3.9.0 (cf820fa7); 3 rounds
2026-09-08	bench-refresh	ChunkFlushBenchmark	fs2ChunkNative  k=16	123	us/op	-f 1, each class at its own declared @Warmup/@Measurement, 3 rounds, per-lane MINIMUM, sbt-free launcher (java -cp), one JVM per class	quiet box, 14 cores, Scala 3.9.0 (cf820fa7); 3 rounds
2026-09-08	bench-refresh	ChunkFlushBenchmark	fs2ChunkNative  k=256	126.8	us/op	-f 1, each class at its own declared @Warmup/@Measurement, 3 rounds, per-lane MINIMUM, sbt-free launcher (java -cp), one JVM per class	quiet box, 14 cores, Scala 3.9.0 (cf820fa7); 3 rounds
2026-09-08	bench-refresh	ChunkFlushBenchmark	fs2ChunkNative_rangeSource  k=1024	4.771e+04	us/op	-f 1, each class at its own declared @Warmup/@Measurement, 3 rounds, per-lane MINIMUM, sbt-free launcher (java -cp), one JVM per class	quiet box, 14 cores, Scala 3.9.0 (cf820fa7); 3 rounds
2026-09-08	bench-refresh	ChunkFlushBenchmark	fs2ChunkNative_rangeSource  k=16	4.626e+04	us/op	-f 1, each class at its own declared @Warmup/@Measurement, 3 rounds, per-lane MINIMUM, sbt-free launcher (java -cp), one JVM per class	quiet box, 14 cores, Scala 3.9.0 (cf820fa7); 3 rounds
2026-09-08	bench-refresh	ChunkFlushBenchmark	fs2ChunkNative_rangeSource  k=256	4.812e+04	us/op	-f 1, each class at its own declared @Warmup/@Measurement, 3 rounds, per-lane MINIMUM, sbt-free launcher (java -cp), one JVM per class	quiet box, 14 cores, Scala 3.9.0 (cf820fa7); 3 rounds
2026-09-08	bench-refresh	ChunkFlushBenchmark	fs2ChunkedAfterMerge  k=1024	4.234e+04	us/op	-f 1, each class at its own declared @Warmup/@Measurement, 3 rounds, per-lane MINIMUM, sbt-free launcher (java -cp), one JVM per class	quiet box, 14 cores, Scala 3.9.0 (cf820fa7); 3 rounds
2026-09-08	bench-refresh	ChunkFlushBenchmark	fs2ChunkedAfterMerge  k=16	4.412e+04	us/op	-f 1, each class at its own declared @Warmup/@Measurement, 3 rounds, per-lane MINIMUM, sbt-free launcher (java -cp), one JVM per class	quiet box, 14 cores, Scala 3.9.0 (cf820fa7); 3 rounds
2026-09-08	bench-refresh	ChunkFlushBenchmark	fs2ChunkedAfterMerge  k=256	4.165e+04	us/op	-f 1, each class at its own declared @Warmup/@Measurement, 3 rounds, per-lane MINIMUM, sbt-free launcher (java -cp), one JVM per class	quiet box, 14 cores, Scala 3.9.0 (cf820fa7); 3 rounds
2026-09-08	bench-refresh	ChunkFlushBenchmark	fs2ChunkedBeforeMerge  k=1024	161.4	us/op	-f 1, each class at its own declared @Warmup/@Measurement, 3 rounds, per-lane MINIMUM, sbt-free launcher (java -cp), one JVM per class	quiet box, 14 cores, Scala 3.9.0 (cf820fa7); 3 rounds
2026-09-08	bench-refresh	ChunkFlushBenchmark	fs2ChunkedBeforeMerge  k=16	2796	us/op	-f 1, each class at its own declared @Warmup/@Measurement, 3 rounds, per-lane MINIMUM, sbt-free launcher (java -cp), one JVM per class	quiet box, 14 cores, Scala 3.9.0 (cf820fa7); 3 rounds
2026-09-08	bench-refresh	ChunkFlushBenchmark	fs2ChunkedBeforeMerge  k=256	330.7	us/op	-f 1, each class at its own declared @Warmup/@Measurement, 3 rounds, per-lane MINIMUM, sbt-free launcher (java -cp), one JVM per class	quiet box, 14 cores, Scala 3.9.0 (cf820fa7); 3 rounds
2026-09-08	bench-refresh	ChunkFlushBenchmark	fs2Elementwise  k=1024	4.033e+04	us/op	-f 1, each class at its own declared @Warmup/@Measurement, 3 rounds, per-lane MINIMUM, sbt-free launcher (java -cp), one JVM per class	quiet box, 14 cores, Scala 3.9.0 (cf820fa7); 3 rounds; WIDE: max/min 1.36x across rounds -- read as a rank
2026-09-08	bench-refresh	ChunkFlushBenchmark	fs2Elementwise  k=16	4.024e+04	us/op	-f 1, each class at its own declared @Warmup/@Measurement, 3 rounds, per-lane MINIMUM, sbt-free launcher (java -cp), one JVM per class	quiet box, 14 cores, Scala 3.9.0 (cf820fa7); 3 rounds; WIDE: max/min 1.47x across rounds -- read as a rank
2026-09-08	bench-refresh	ChunkFlushBenchmark	fs2Elementwise  k=256	4.172e+04	us/op	-f 1, each class at its own declared @Warmup/@Measurement, 3 rounds, per-lane MINIMUM, sbt-free launcher (java -cp), one JVM per class	quiet box, 14 cores, Scala 3.9.0 (cf820fa7); 3 rounds; WIDE: max/min 1.28x across rounds -- read as a rank
2026-09-08	bench-refresh	ChunkFlushBenchmark	fs2GroupWithinChunked  k=1024	1.585e+04	us/op	-f 1, each class at its own declared @Warmup/@Measurement, 3 rounds, per-lane MINIMUM, sbt-free launcher (java -cp), one JVM per class	quiet box, 14 cores, Scala 3.9.0 (cf820fa7); 3 rounds; WIDE: max/min 1.62x across rounds -- read as a rank
2026-09-08	bench-refresh	ChunkFlushBenchmark	fs2GroupWithinChunked  k=16	1.62e+04	us/op	-f 1, each class at its own declared @Warmup/@Measurement, 3 rounds, per-lane MINIMUM, sbt-free launcher (java -cp), one JVM per class	quiet box, 14 cores, Scala 3.9.0 (cf820fa7); 3 rounds; WIDE: max/min 1.59x across rounds -- read as a rank
2026-09-08	bench-refresh	ChunkFlushBenchmark	fs2GroupWithinChunked  k=256	1.584e+04	us/op	-f 1, each class at its own declared @Warmup/@Measurement, 3 rounds, per-lane MINIMUM, sbt-free launcher (java -cp), one JVM per class	quiet box, 14 cores, Scala 3.9.0 (cf820fa7); 3 rounds; WIDE: max/min 1.50x across rounds -- read as a rank
2026-09-08	bench-refresh	ChunkFlushBenchmark	fs2GroupWithinSingletons  k=1024	5.577e+04	us/op	-f 1, each class at its own declared @Warmup/@Measurement, 3 rounds, per-lane MINIMUM, sbt-free launcher (java -cp), one JVM per class	quiet box, 14 cores, Scala 3.9.0 (cf820fa7); 3 rounds; WIDE: max/min 1.57x across rounds -- read as a rank
2026-09-08	bench-refresh	ChunkFlushBenchmark	fs2GroupWithinSingletons  k=16	5.815e+04	us/op	-f 1, each class at its own declared @Warmup/@Measurement, 3 rounds, per-lane MINIMUM, sbt-free launcher (java -cp), one JVM per class	quiet box, 14 cores, Scala 3.9.0 (cf820fa7); 3 rounds; WIDE: max/min 1.52x across rounds -- read as a rank
2026-09-08	bench-refresh	ChunkFlushBenchmark	fs2GroupWithinSingletons  k=256	5.627e+04	us/op	-f 1, each class at its own declared @Warmup/@Measurement, 3 rounds, per-lane MINIMUM, sbt-free launcher (java -cp), one JVM per class	quiet box, 14 cores, Scala 3.9.0 (cf820fa7); 3 rounds; WIDE: max/min 1.58x across rounds -- read as a rank
2026-09-08	bench-refresh	ChunkFlushBenchmark	fs2PerElement  k=1024	4.154e+04	us/op	-f 1, each class at its own declared @Warmup/@Measurement, 3 rounds, per-lane MINIMUM, sbt-free launcher (java -cp), one JVM per class	quiet box, 14 cores, Scala 3.9.0 (cf820fa7); 3 rounds; WIDE: max/min 1.59x across rounds -- read as a rank
2026-09-08	bench-refresh	ChunkFlushBenchmark	fs2PerElement  k=16	4.344e+04	us/op	-f 1, each class at its own declared @Warmup/@Measurement, 3 rounds, per-lane MINIMUM, sbt-free launcher (java -cp), one JVM per class	quiet box, 14 cores, Scala 3.9.0 (cf820fa7); 3 rounds; WIDE: max/min 1.65x across rounds -- read as a rank
2026-09-08	bench-refresh	ChunkFlushBenchmark	fs2PerElement  k=256	4.328e+04	us/op	-f 1, each class at its own declared @Warmup/@Measurement, 3 rounds, per-lane MINIMUM, sbt-free launcher (java -cp), one JVM per class	quiet box, 14 cores, Scala 3.9.0 (cf820fa7); 3 rounds; WIDE: max/min 1.57x across rounds -- read as a rank
2026-09-08	bench-refresh	ChunkFlushBenchmark	okayChunked  k=1024	330.4	us/op	-f 1, each class at its own declared @Warmup/@Measurement, 3 rounds, per-lane MINIMUM, sbt-free launcher (java -cp), one JVM per class	quiet box, 14 cores, Scala 3.9.0 (cf820fa7); 3 rounds; WIDE: max/min 3.47x across rounds -- read as a rank
2026-09-08	bench-refresh	ChunkFlushBenchmark	okayChunked  k=16	345.4	us/op	-f 1, each class at its own declared @Warmup/@Measurement, 3 rounds, per-lane MINIMUM, sbt-free launcher (java -cp), one JVM per class	quiet box, 14 cores, Scala 3.9.0 (cf820fa7); 3 rounds; WIDE: max/min 3.36x across rounds -- read as a rank
2026-09-08	bench-refresh	ChunkFlushBenchmark	okayChunked  k=256	322.5	us/op	-f 1, each class at its own declared @Warmup/@Measurement, 3 rounds, per-lane MINIMUM, sbt-free launcher (java -cp), one JVM per class	quiet box, 14 cores, Scala 3.9.0 (cf820fa7); 3 rounds; WIDE: max/min 3.55x across rounds -- read as a rank
2026-09-08	bench-refresh	ChunkFlushBenchmark	okayChunkedComposed  k=1024	462.7	us/op	-f 1, each class at its own declared @Warmup/@Measurement, 3 rounds, per-lane MINIMUM, sbt-free launcher (java -cp), one JVM per class	quiet box, 14 cores, Scala 3.9.0 (cf820fa7); 3 rounds
2026-09-08	bench-refresh	ChunkFlushBenchmark	okayChunkedComposed  k=16	265.4	us/op	-f 1, each class at its own declared @Warmup/@Measurement, 3 rounds, per-lane MINIMUM, sbt-free launcher (java -cp), one JVM per class	quiet box, 14 cores, Scala 3.9.0 (cf820fa7); 3 rounds; WIDE: max/min 1.39x across rounds -- read as a rank
2026-09-08	bench-refresh	ChunkFlushBenchmark	okayChunkedComposed  k=256	312.4	us/op	-f 1, each class at its own declared @Warmup/@Measurement, 3 rounds, per-lane MINIMUM, sbt-free launcher (java -cp), one JVM per class	quiet box, 14 cores, Scala 3.9.0 (cf820fa7); 3 rounds
2026-09-08	bench-refresh	ChunkFlushBenchmark	okayChunkedFlush  k=1024	351.3	us/op	-f 1, each class at its own declared @Warmup/@Measurement, 3 rounds, per-lane MINIMUM, sbt-free launcher (java -cp), one JVM per class	quiet box, 14 cores, Scala 3.9.0 (cf820fa7); 3 rounds
2026-09-08	bench-refresh	ChunkFlushBenchmark	okayChunkedFlush  k=16	364.4	us/op	-f 1, each class at its own declared @Warmup/@Measurement, 3 rounds, per-lane MINIMUM, sbt-free launcher (java -cp), one JVM per class	quiet box, 14 cores, Scala 3.9.0 (cf820fa7); 3 rounds; WIDE: max/min 1.98x across rounds -- read as a rank
2026-09-08	bench-refresh	ChunkFlushBenchmark	okayChunkedFlush  k=256	355.9	us/op	-f 1, each class at its own declared @Warmup/@Measurement, 3 rounds, per-lane MINIMUM, sbt-free launcher (java -cp), one JVM per class	quiet box, 14 cores, Scala 3.9.0 (cf820fa7); 3 rounds
2026-09-08	bench-refresh	ChunkFlushBenchmark	okayChunksNative  k=1024	23.89	us/op	-f 1, each class at its own declared @Warmup/@Measurement, 3 rounds, per-lane MINIMUM, sbt-free launcher (java -cp), one JVM per class	quiet box, 14 cores, Scala 3.9.0 (cf820fa7); 3 rounds
2026-09-08	bench-refresh	ChunkFlushBenchmark	okayChunksNative  k=16	23.92	us/op	-f 1, each class at its own declared @Warmup/@Measurement, 3 rounds, per-lane MINIMUM, sbt-free launcher (java -cp), one JVM per class	quiet box, 14 cores, Scala 3.9.0 (cf820fa7); 3 rounds
2026-09-08	bench-refresh	ChunkFlushBenchmark	okayChunksNative  k=256	23.21	us/op	-f 1, each class at its own declared @Warmup/@Measurement, 3 rounds, per-lane MINIMUM, sbt-free launcher (java -cp), one JVM per class	quiet box, 14 cores, Scala 3.9.0 (cf820fa7); 3 rounds
2026-09-08	bench-refresh	ChunkFlushBenchmark	okayElementwise  k=1024	536.5	us/op	-f 1, each class at its own declared @Warmup/@Measurement, 3 rounds, per-lane MINIMUM, sbt-free launcher (java -cp), one JVM per class	quiet box, 14 cores, Scala 3.9.0 (cf820fa7); 3 rounds
2026-09-08	bench-refresh	ChunkFlushBenchmark	okayElementwise  k=16	569.6	us/op	-f 1, each class at its own declared @Warmup/@Measurement, 3 rounds, per-lane MINIMUM, sbt-free launcher (java -cp), one JVM per class	quiet box, 14 cores, Scala 3.9.0 (cf820fa7); 3 rounds
2026-09-08	bench-refresh	ChunkFlushBenchmark	okayElementwise  k=256	483.8	us/op	-f 1, each class at its own declared @Warmup/@Measurement, 3 rounds, per-lane MINIMUM, sbt-free launcher (java -cp), one JVM per class	quiet box, 14 cores, Scala 3.9.0 (cf820fa7); 3 rounds
2026-09-08	bench-refresh	ChunkFlushBenchmark	zioChunked  k=1024	84.04	us/op	-f 1, each class at its own declared @Warmup/@Measurement, 3 rounds, per-lane MINIMUM, sbt-free launcher (java -cp), one JVM per class	quiet box, 14 cores, Scala 3.9.0 (cf820fa7); 3 rounds
2026-09-08	bench-refresh	ChunkFlushBenchmark	zioChunked  k=16	147.1	us/op	-f 1, each class at its own declared @Warmup/@Measurement, 3 rounds, per-lane MINIMUM, sbt-free launcher (java -cp), one JVM per class	quiet box, 14 cores, Scala 3.9.0 (cf820fa7); 3 rounds
2026-09-08	bench-refresh	ChunkFlushBenchmark	zioChunked  k=256	85.09	us/op	-f 1, each class at its own declared @Warmup/@Measurement, 3 rounds, per-lane MINIMUM, sbt-free launcher (java -cp), one JVM per class	quiet box, 14 cores, Scala 3.9.0 (cf820fa7); 3 rounds
2026-09-08	bench-refresh	ChunkFlushBenchmark	zioElementwise  k=1024	73.59	us/op	-f 1, each class at its own declared @Warmup/@Measurement, 3 rounds, per-lane MINIMUM, sbt-free launcher (java -cp), one JVM per class	quiet box, 14 cores, Scala 3.9.0 (cf820fa7); 3 rounds
2026-09-08	bench-refresh	ChunkFlushBenchmark	zioElementwise  k=16	71.12	us/op	-f 1, each class at its own declared @Warmup/@Measurement, 3 rounds, per-lane MINIMUM, sbt-free launcher (java -cp), one JVM per class	quiet box, 14 cores, Scala 3.9.0 (cf820fa7); 3 rounds
2026-09-08	bench-refresh	ChunkFlushBenchmark	zioElementwise  k=256	72.78	us/op	-f 1, each class at its own declared @Warmup/@Measurement, 3 rounds, per-lane MINIMUM, sbt-free launcher (java -cp), one JVM per class	quiet box, 14 cores, Scala 3.9.0 (cf820fa7); 3 rounds
2026-09-08	bench-refresh	ChunkFlushBenchmark	zioGroupedWithin  k=1024	5472	us/op	-f 1, each class at its own declared @Warmup/@Measurement, 3 rounds, per-lane MINIMUM, sbt-free launcher (java -cp), one JVM per class	quiet box, 14 cores, Scala 3.9.0 (cf820fa7); 3 rounds
2026-09-08	bench-refresh	ChunkFlushBenchmark	zioGroupedWithin  k=16	5527	us/op	-f 1, each class at its own declared @Warmup/@Measurement, 3 rounds, per-lane MINIMUM, sbt-free launcher (java -cp), one JVM per class	quiet box, 14 cores, Scala 3.9.0 (cf820fa7); 3 rounds
2026-09-08	bench-refresh	ChunkFlushBenchmark	zioGroupedWithin  k=256	5544	us/op	-f 1, each class at its own declared @Warmup/@Measurement, 3 rounds, per-lane MINIMUM, sbt-free launcher (java -cp), one JVM per class	quiet box, 14 cores, Scala 3.9.0 (cf820fa7); 3 rounds
2026-09-08	bench-refresh	ChunkFlushBenchmark	zioPerElement  k=1024	1.193e+04	us/op	-f 1, each class at its own declared @Warmup/@Measurement, 3 rounds, per-lane MINIMUM, sbt-free launcher (java -cp), one JVM per class	quiet box, 14 cores, Scala 3.9.0 (cf820fa7); 3 rounds
2026-09-08	bench-refresh	ChunkFlushBenchmark	zioPerElement  k=16	1.186e+04	us/op	-f 1, each class at its own declared @Warmup/@Measurement, 3 rounds, per-lane MINIMUM, sbt-free launcher (java -cp), one JVM per class	quiet box, 14 cores, Scala 3.9.0 (cf820fa7); 3 rounds
2026-09-08	bench-refresh	ChunkFlushBenchmark	zioPerElement  k=256	1.119e+04	us/op	-f 1, each class at its own declared @Warmup/@Measurement, 3 rounds, per-lane MINIMUM, sbt-free launcher (java -cp), one JVM per class	quiet box, 14 cores, Scala 3.9.0 (cf820fa7); 3 rounds; WIDE: max/min 1.37x across rounds -- read as a rank
2026-09-08	bench-refresh	CodecBenchmark	cborDecodeInterp	1389	ns/op	-f 1, each class at its own declared @Warmup/@Measurement, 3 rounds, per-lane MINIMUM, sbt-free launcher (java -cp), one JVM per class	quiet box, 14 cores, Scala 3.9.0 (cf820fa7); 3 rounds
2026-09-08	bench-refresh	CodecBenchmark	cborDecodeStaged	725.6	ns/op	-f 1, each class at its own declared @Warmup/@Measurement, 3 rounds, per-lane MINIMUM, sbt-free launcher (java -cp), one JVM per class	quiet box, 14 cores, Scala 3.9.0 (cf820fa7); 3 rounds
2026-09-08	bench-refresh	CodecBenchmark	cborEncodeInterp	525.7	ns/op	-f 1, each class at its own declared @Warmup/@Measurement, 3 rounds, per-lane MINIMUM, sbt-free launcher (java -cp), one JVM per class	quiet box, 14 cores, Scala 3.9.0 (cf820fa7); 3 rounds; WIDE: max/min 1.34x across rounds -- read as a rank
2026-09-08	bench-refresh	CodecBenchmark	cborEncodeStaged	322.2	ns/op	-f 1, each class at its own declared @Warmup/@Measurement, 3 rounds, per-lane MINIMUM, sbt-free launcher (java -cp), one JVM per class	quiet box, 14 cores, Scala 3.9.0 (cf820fa7); 3 rounds
2026-09-08	bench-refresh	CodecBenchmark	cborEncodeSumInterp	713.6	ns/op	-f 1, each class at its own declared @Warmup/@Measurement, 3 rounds, per-lane MINIMUM, sbt-free launcher (java -cp), one JVM per class	quiet box, 14 cores, Scala 3.9.0 (cf820fa7); 3 rounds
2026-09-08	bench-refresh	CodecBenchmark	decodeCirceAst	290.5	ns/op	-f 1, each class at its own declared @Warmup/@Measurement, 3 rounds, per-lane MINIMUM, sbt-free launcher (java -cp), one JVM per class	quiet box, 14 cores, Scala 3.9.0 (cf820fa7); 3 rounds
2026-09-08	bench-refresh	CodecBenchmark	decodeHandAst	143.6	ns/op	-f 1, each class at its own declared @Warmup/@Measurement, 3 rounds, per-lane MINIMUM, sbt-free launcher (java -cp), one JVM per class	quiet box, 14 cores, Scala 3.9.0 (cf820fa7); 3 rounds
2026-09-08	bench-refresh	CodecBenchmark	decodeInterpAst	687.5	ns/op	-f 1, each class at its own declared @Warmup/@Measurement, 3 rounds, per-lane MINIMUM, sbt-free launcher (java -cp), one JVM per class	quiet box, 14 cores, Scala 3.9.0 (cf820fa7); 3 rounds
2026-09-08	bench-refresh	CodecBenchmark	decodeRuntimeStagedAst	227.1	ns/op	-f 1, each class at its own declared @Warmup/@Measurement, 3 rounds, per-lane MINIMUM, sbt-free launcher (java -cp), one JVM per class	quiet box, 14 cores, Scala 3.9.0 (cf820fa7); 3 rounds
2026-09-08	bench-refresh	CodecBenchmark	decodeSeamAst	682	ns/op	-f 1, each class at its own declared @Warmup/@Measurement, 3 rounds, per-lane MINIMUM, sbt-free launcher (java -cp), one JVM per class	quiet box, 14 cores, Scala 3.9.0 (cf820fa7); 3 rounds
2026-09-08	bench-refresh	CodecBenchmark	decodeSeamStagedAst	228.3	ns/op	-f 1, each class at its own declared @Warmup/@Measurement, 3 rounds, per-lane MINIMUM, sbt-free launcher (java -cp), one JVM per class	quiet box, 14 cores, Scala 3.9.0 (cf820fa7); 3 rounds
2026-09-08	bench-refresh	CodecBenchmark	decodeStagedAst	356.1	ns/op	-f 1, each class at its own declared @Warmup/@Measurement, 3 rounds, per-lane MINIMUM, sbt-free launcher (java -cp), one JVM per class	quiet box, 14 cores, Scala 3.9.0 (cf820fa7); 3 rounds
2026-09-08	bench-refresh	CodecBenchmark	decodeSumInterpAst	668.1	ns/op	-f 1, each class at its own declared @Warmup/@Measurement, 3 rounds, per-lane MINIMUM, sbt-free launcher (java -cp), one JVM per class	quiet box, 14 cores, Scala 3.9.0 (cf820fa7); 3 rounds
2026-09-08	bench-refresh	CodecBenchmark	encodeCirce	631.5	ns/op	-f 1, each class at its own declared @Warmup/@Measurement, 3 rounds, per-lane MINIMUM, sbt-free launcher (java -cp), one JVM per class	quiet box, 14 cores, Scala 3.9.0 (cf820fa7); 3 rounds
2026-09-08	bench-refresh	CodecBenchmark	encodeHand	116.2	ns/op	-f 1, each class at its own declared @Warmup/@Measurement, 3 rounds, per-lane MINIMUM, sbt-free launcher (java -cp), one JVM per class	quiet box, 14 cores, Scala 3.9.0 (cf820fa7); 3 rounds
2026-09-08	bench-refresh	CodecBenchmark	encodeInterp	508.5	ns/op	-f 1, each class at its own declared @Warmup/@Measurement, 3 rounds, per-lane MINIMUM, sbt-free launcher (java -cp), one JVM per class	quiet box, 14 cores, Scala 3.9.0 (cf820fa7); 3 rounds
2026-09-08	bench-refresh	CodecBenchmark	encodeRuntimeStaged	195.9	ns/op	-f 1, each class at its own declared @Warmup/@Measurement, 3 rounds, per-lane MINIMUM, sbt-free launcher (java -cp), one JVM per class	quiet box, 14 cores, Scala 3.9.0 (cf820fa7); 3 rounds
2026-09-08	bench-refresh	CodecBenchmark	encodeSeam	494.2	ns/op	-f 1, each class at its own declared @Warmup/@Measurement, 3 rounds, per-lane MINIMUM, sbt-free launcher (java -cp), one JVM per class	quiet box, 14 cores, Scala 3.9.0 (cf820fa7); 3 rounds
2026-09-08	bench-refresh	CodecBenchmark	encodeSeamStaged	199.7	ns/op	-f 1, each class at its own declared @Warmup/@Measurement, 3 rounds, per-lane MINIMUM, sbt-free launcher (java -cp), one JVM per class	quiet box, 14 cores, Scala 3.9.0 (cf820fa7); 3 rounds
2026-09-08	bench-refresh	CodecBenchmark	encodeStaged	135.5	ns/op	-f 1, each class at its own declared @Warmup/@Measurement, 3 rounds, per-lane MINIMUM, sbt-free launcher (java -cp), one JVM per class	quiet box, 14 cores, Scala 3.9.0 (cf820fa7); 3 rounds
2026-09-08	bench-refresh	CodecBenchmark	encodeSumInterp	650.8	ns/op	-f 1, each class at its own declared @Warmup/@Measurement, 3 rounds, per-lane MINIMUM, sbt-free launcher (java -cp), one JVM per class	quiet box, 14 cores, Scala 3.9.0 (cf820fa7); 3 rounds
2026-09-08	bench-refresh	CodecBenchmark	generateRuntimeStaged	1.179e+07	ns/op	-f 1, each class at its own declared @Warmup/@Measurement, 3 rounds, per-lane MINIMUM, sbt-free launcher (java -cp), one JVM per class	quiet box, 14 cores, Scala 3.9.0 (cf820fa7); 3 rounds
2026-09-08	bench-refresh	CodecBenchmark	parseCirce	451.2	ns/op	-f 1, each class at its own declared @Warmup/@Measurement, 3 rounds, per-lane MINIMUM, sbt-free launcher (java -cp), one JVM per class	quiet box, 14 cores, Scala 3.9.0 (cf820fa7); 3 rounds
2026-09-08	bench-refresh	CodecBenchmark	parseOnly	241	ns/op	-f 1, each class at its own declared @Warmup/@Measurement, 3 rounds, per-lane MINIMUM, sbt-free launcher (java -cp), one JVM per class	quiet box, 14 cores, Scala 3.9.0 (cf820fa7); 3 rounds
2026-09-08	bench-refresh	CodecBenchmark	parseValueOnly	239	ns/op	-f 1, each class at its own declared @Warmup/@Measurement, 3 rounds, per-lane MINIMUM, sbt-free launcher (java -cp), one JVM per class	quiet box, 14 cores, Scala 3.9.0 (cf820fa7); 3 rounds
2026-09-08	bench-refresh	CodecBenchmark	textToOrderCirce	811.8	ns/op	-f 1, each class at its own declared @Warmup/@Measurement, 3 rounds, per-lane MINIMUM, sbt-free launcher (java -cp), one JVM per class	quiet box, 14 cores, Scala 3.9.0 (cf820fa7); 3 rounds; WIDE: max/min 1.28x across rounds -- read as a rank
2026-09-08	bench-refresh	CodecBenchmark	textToOrderLossless	980.4	ns/op	-f 1, each class at its own declared @Warmup/@Measurement, 3 rounds, per-lane MINIMUM, sbt-free launcher (java -cp), one JVM per class	quiet box, 14 cores, Scala 3.9.0 (cf820fa7); 3 rounds
2026-09-08	bench-refresh	CodecBenchmark	textToOrderStaged	479.1	ns/op	-f 1, each class at its own declared @Warmup/@Measurement, 3 rounds, per-lane MINIMUM, sbt-free launcher (java -cp), one JVM per class	quiet box, 14 cores, Scala 3.9.0 (cf820fa7); 3 rounds
2026-09-08	bench-refresh	CodecBenchmark	textToOrderStrict	1085	ns/op	-f 1, each class at its own declared @Warmup/@Measurement, 3 rounds, per-lane MINIMUM, sbt-free launcher (java -cp), one JVM per class	quiet box, 14 cores, Scala 3.9.0 (cf820fa7); 3 rounds
2026-09-08	bench-refresh	CodecBenchmark	textToOrderStrictRuntimeStaged	407.3	ns/op	-f 1, each class at its own declared @Warmup/@Measurement, 3 rounds, per-lane MINIMUM, sbt-free launcher (java -cp), one JVM per class	quiet box, 14 cores, Scala 3.9.0 (cf820fa7); 3 rounds
2026-09-08	bench-refresh	CodecBenchmark	textToOrderStrictStaged	348.9	ns/op	-f 1, each class at its own declared @Warmup/@Measurement, 3 rounds, per-lane MINIMUM, sbt-free launcher (java -cp), one JVM per class	quiet box, 14 cores, Scala 3.9.0 (cf820fa7); 3 rounds
2026-09-08	bench-refresh	CompareBenchmark	atnosEff	283.5	us/op	-f 1, each class at its own declared @Warmup/@Measurement, 3 rounds, per-lane MINIMUM, sbt-free launcher (java -cp), one JVM per class	quiet box, 14 cores, Scala 3.9.0 (cf820fa7); 3 rounds
2026-09-08	bench-refresh	CompareBenchmark	catsEval	145.6	us/op	-f 1, each class at its own declared @Warmup/@Measurement, 3 rounds, per-lane MINIMUM, sbt-free launcher (java -cp), one JVM per class	quiet box, 14 cores, Scala 3.9.0 (cf820fa7); 3 rounds
2026-09-08	bench-refresh	CompareBenchmark	catsFree	121	us/op	-f 1, each class at its own declared @Warmup/@Measurement, 3 rounds, per-lane MINIMUM, sbt-free launcher (java -cp), one JVM per class	quiet box, 14 cores, Scala 3.9.0 (cf820fa7); 3 rounds; WIDE: max/min 1.39x across rounds -- read as a rank
2026-09-08	bench-refresh	CompareBenchmark	catsIO	161.2	us/op	-f 1, each class at its own declared @Warmup/@Measurement, 3 rounds, per-lane MINIMUM, sbt-free launcher (java -cp), one JVM per class	quiet box, 14 cores, Scala 3.9.0 (cf820fa7); 3 rounds
2026-09-08	bench-refresh	CompareBenchmark	kyoChain	57.63	us/op	-f 1, each class at its own declared @Warmup/@Measurement, 3 rounds, per-lane MINIMUM, sbt-free launcher (java -cp), one JVM per class	quiet box, 14 cores, Scala 3.9.0 (cf820fa7); 3 rounds; WIDE: max/min 1.25x across rounds -- read as a rank
2026-09-08	bench-refresh	CompareBenchmark	okayCont	91.58	us/op	-f 1, each class at its own declared @Warmup/@Measurement, 3 rounds, per-lane MINIMUM, sbt-free launcher (java -cp), one JVM per class	quiet box, 14 cores, Scala 3.9.0 (cf820fa7); 3 rounds
2026-09-08	bench-refresh	CompareBenchmark	okayEager	5.404	us/op	-f 1, each class at its own declared @Warmup/@Measurement, 3 rounds, per-lane MINIMUM, sbt-free launcher (java -cp), one JVM per class	quiet box, 14 cores, Scala 3.9.0 (cf820fa7); 3 rounds
2026-09-08	bench-refresh	CompareBenchmark	okayFree	99.88	us/op	-f 1, each class at its own declared @Warmup/@Measurement, 3 rounds, per-lane MINIMUM, sbt-free launcher (java -cp), one JVM per class	quiet box, 14 cores, Scala 3.9.0 (cf820fa7); 3 rounds
2026-09-08	bench-refresh	CompareBenchmark	zioChain	193.8	us/op	-f 1, each class at its own declared @Warmup/@Measurement, 3 rounds, per-lane MINIMUM, sbt-free launcher (java -cp), one JVM per class	quiet box, 14 cores, Scala 3.9.0 (cf820fa7); 3 rounds
2026-09-08	bench-refresh	DirectBenchmark	kyoDirect	170.6	us/op	-f 1, each class at its own declared @Warmup/@Measurement, 3 rounds, per-lane MINIMUM, sbt-free launcher (java -cp), one JVM per class	quiet box, 14 cores, Scala 3.9.0 (cf820fa7); 3 rounds
2026-09-08	bench-refresh	DirectBenchmark	kyoFlatMap	56.54	us/op	-f 1, each class at its own declared @Warmup/@Measurement, 3 rounds, per-lane MINIMUM, sbt-free launcher (java -cp), one JVM per class	quiet box, 14 cores, Scala 3.9.0 (cf820fa7); 3 rounds
2026-09-08	bench-refresh	DirectBenchmark	okayDirect	106.4	us/op	-f 1, each class at its own declared @Warmup/@Measurement, 3 rounds, per-lane MINIMUM, sbt-free launcher (java -cp), one JVM per class	quiet box, 14 cores, Scala 3.9.0 (cf820fa7); 3 rounds
2026-09-08	bench-refresh	DirectBenchmark	okayDirectRec	60.65	us/op	-f 1, each class at its own declared @Warmup/@Measurement, 3 rounds, per-lane MINIMUM, sbt-free launcher (java -cp), one JVM per class	quiet box, 14 cores, Scala 3.9.0 (cf820fa7); 3 rounds
2026-09-08	bench-refresh	DirectBenchmark	okayFlatMap	102.3	us/op	-f 1, each class at its own declared @Warmup/@Measurement, 3 rounds, per-lane MINIMUM, sbt-free launcher (java -cp), one JVM per class	quiet box, 14 cores, Scala 3.9.0 (cf820fa7); 3 rounds
2026-09-08	bench-refresh	DirectBenchmark	zioDirect	125.8	us/op	-f 1, each class at its own declared @Warmup/@Measurement, 3 rounds, per-lane MINIMUM, sbt-free launcher (java -cp), one JVM per class	quiet box, 14 cores, Scala 3.9.0 (cf820fa7); 3 rounds
2026-09-08	bench-refresh	DirectBenchmark	zioFlatMap	196.4	us/op	-f 1, each class at its own declared @Warmup/@Measurement, 3 rounds, per-lane MINIMUM, sbt-free launcher (java -cp), one JVM per class	quiet box, 14 cores, Scala 3.9.0 (cf820fa7); 3 rounds
2026-09-08	bench-refresh	FairnessProbeBenchmark	chain_catsIO_delay	157.9	us/op	-f 1, each class at its own declared @Warmup/@Measurement, 3 rounds, per-lane MINIMUM, sbt-free launcher (java -cp), one JVM per class	quiet box, 14 cores, Scala 3.9.0 (cf820fa7); 3 rounds
2026-09-08	bench-refresh	FairnessProbeBenchmark	chain_catsIO_pure	140.5	us/op	-f 1, each class at its own declared @Warmup/@Measurement, 3 rounds, per-lane MINIMUM, sbt-free launcher (java -cp), one JVM per class	quiet box, 14 cores, Scala 3.9.0 (cf820fa7); 3 rounds
2026-09-08	bench-refresh	FairnessProbeBenchmark	chain_okayCont	95.15	us/op	-f 1, each class at its own declared @Warmup/@Measurement, 3 rounds, per-lane MINIMUM, sbt-free launcher (java -cp), one JVM per class	quiet box, 14 cores, Scala 3.9.0 (cf820fa7); 3 rounds
2026-09-08	bench-refresh	FairnessProbeBenchmark	chain_zio_exit	181.9	us/op	-f 1, each class at its own declared @Warmup/@Measurement, 3 rounds, per-lane MINIMUM, sbt-free launcher (java -cp), one JVM per class	quiet box, 14 cores, Scala 3.9.0 (cf820fa7); 3 rounds
2026-09-08	bench-refresh	FairnessProbeBenchmark	chain_zio_succeed	191	us/op	-f 1, each class at its own declared @Warmup/@Measurement, 3 rounds, per-lane MINIMUM, sbt-free launcher (java -cp), one JVM per class	quiet box, 14 cores, Scala 3.9.0 (cf820fa7); 3 rounds
2026-09-08	bench-refresh	FairnessProbeBenchmark	floor_catsIO	8.736	us/op	-f 1, each class at its own declared @Warmup/@Measurement, 3 rounds, per-lane MINIMUM, sbt-free launcher (java -cp), one JVM per class	quiet box, 14 cores, Scala 3.9.0 (cf820fa7); 3 rounds
2026-09-08	bench-refresh	FairnessProbeBenchmark	floor_kyoEval	0.00471	us/op	-f 1, each class at its own declared @Warmup/@Measurement, 3 rounds, per-lane MINIMUM, sbt-free launcher (java -cp), one JVM per class	quiet box, 14 cores, Scala 3.9.0 (cf820fa7); 3 rounds
2026-09-08	bench-refresh	FairnessProbeBenchmark	floor_kyoRunAndBlock	8.482	us/op	-f 1, each class at its own declared @Warmup/@Measurement, 3 rounds, per-lane MINIMUM, sbt-free launcher (java -cp), one JVM per class	quiet box, 14 cores, Scala 3.9.0 (cf820fa7); 3 rounds
2026-09-08	bench-refresh	FairnessProbeBenchmark	floor_okay	0.002069	us/op	-f 1, each class at its own declared @Warmup/@Measurement, 3 rounds, per-lane MINIMUM, sbt-free launcher (java -cp), one JVM per class	quiet box, 14 cores, Scala 3.9.0 (cf820fa7); 3 rounds
2026-09-08	bench-refresh	FairnessProbeBenchmark	floor_zio	0.04338	us/op	-f 1, each class at its own declared @Warmup/@Measurement, 3 rounds, per-lane MINIMUM, sbt-free launcher (java -cp), one JVM per class	quiet box, 14 cores, Scala 3.9.0 (cf820fa7); 3 rounds
2026-09-08	bench-refresh	FairnessProbeBenchmark	merge_fs2_chunkedBefore	1108	us/op	-f 1, each class at its own declared @Warmup/@Measurement, 3 rounds, per-lane MINIMUM, sbt-free launcher (java -cp), one JVM per class	quiet box, 14 cores, Scala 3.9.0 (cf820fa7); 3 rounds
2026-09-08	bench-refresh	FairnessProbeBenchmark	merge_fs2_emitsBefore	332.8	us/op	-f 1, each class at its own declared @Warmup/@Measurement, 3 rounds, per-lane MINIMUM, sbt-free launcher (java -cp), one JVM per class	quiet box, 14 cores, Scala 3.9.0 (cf820fa7); 3 rounds; WIDE: max/min 2.06x across rounds -- read as a rank
2026-09-08	bench-refresh	FairnessProbeBenchmark	merge_fs2_singletons	4.179e+04	us/op	-f 1, each class at its own declared @Warmup/@Measurement, 3 rounds, per-lane MINIMUM, sbt-free launcher (java -cp), one JVM per class	quiet box, 14 cores, Scala 3.9.0 (cf820fa7); 3 rounds; WIDE: max/min 1.46x across rounds -- read as a rank
2026-09-08	bench-refresh	FairnessProbeBenchmark	merge_zio_range	74.33	us/op	-f 1, each class at its own declared @Warmup/@Measurement, 3 rounds, per-lane MINIMUM, sbt-free launcher (java -cp), one JVM per class	quiet box, 14 cores, Scala 3.9.0 (cf820fa7); 3 rounds; WIDE: max/min 3.00x across rounds -- read as a rank
2026-09-08	bench-refresh	FairnessProbeBenchmark	pipeline_fs2EmitsPure	26.03	us/op	-f 1, each class at its own declared @Warmup/@Measurement, 3 rounds, per-lane MINIMUM, sbt-free launcher (java -cp), one JVM per class	quiet box, 14 cores, Scala 3.9.0 (cf820fa7); 3 rounds; WIDE: max/min 1.44x across rounds -- read as a rank
2026-09-08	bench-refresh	FairnessProbeBenchmark	pipeline_fs2IterateIO	1883	us/op	-f 1, each class at its own declared @Warmup/@Measurement, 3 rounds, per-lane MINIMUM, sbt-free launcher (java -cp), one JVM per class	quiet box, 14 cores, Scala 3.9.0 (cf820fa7); 3 rounds; WIDE: max/min 1.58x across rounds -- read as a rank
2026-09-08	bench-refresh	FairnessProbeBenchmark	pipeline_fs2RangeIO	1808	us/op	-f 1, each class at its own declared @Warmup/@Measurement, 3 rounds, per-lane MINIMUM, sbt-free launcher (java -cp), one JVM per class	quiet box, 14 cores, Scala 3.9.0 (cf820fa7); 3 rounds; WIDE: max/min 1.70x across rounds -- read as a rank
2026-09-08	bench-refresh	FairnessProbeBenchmark	pipeline_fs2RangePure	1538	us/op	-f 1, each class at its own declared @Warmup/@Measurement, 3 rounds, per-lane MINIMUM, sbt-free launcher (java -cp), one JVM per class	quiet box, 14 cores, Scala 3.9.0 (cf820fa7); 3 rounds; WIDE: max/min 1.42x across rounds -- read as a rank
2026-09-08	bench-refresh	FairnessProbeBenchmark	pipeline_stdIterator	14.78	us/op	-f 1, each class at its own declared @Warmup/@Measurement, 3 rounds, per-lane MINIMUM, sbt-free launcher (java -cp), one JVM per class	quiet box, 14 cores, Scala 3.9.0 (cf820fa7); 3 rounds; WIDE: max/min 1.49x across rounds -- read as a rank
2026-09-08	bench-refresh	FairnessProbeBenchmark	pipeline_zioIterate	687.7	us/op	-f 1, each class at its own declared @Warmup/@Measurement, 3 rounds, per-lane MINIMUM, sbt-free launcher (java -cp), one JVM per class	quiet box, 14 cores, Scala 3.9.0 (cf820fa7); 3 rounds; WIDE: max/min 2.08x across rounds -- read as a rank
2026-09-08	bench-refresh	FairnessProbeBenchmark	pipeline_zioRange	39.48	us/op	-f 1, each class at its own declared @Warmup/@Measurement, 3 rounds, per-lane MINIMUM, sbt-free launcher (java -cp), one JVM per class	quiet box, 14 cores, Scala 3.9.0 (cf820fa7); 3 rounds; WIDE: max/min 4.02x across rounds -- read as a rank
2026-09-08	bench-refresh	FairnessProbeBenchmark	producer_cats_fs2EvalMap	4172	us/op	-f 1, each class at its own declared @Warmup/@Measurement, 3 rounds, per-lane MINIMUM, sbt-free launcher (java -cp), one JVM per class	quiet box, 14 cores, Scala 3.9.0 (cf820fa7); 3 rounds; WIDE: max/min 1.97x across rounds -- read as a rank
2026-09-08	bench-refresh	FairnessProbeBenchmark	producer_cats_ioLoop	3686	us/op	-f 1, each class at its own declared @Warmup/@Measurement, 3 rounds, per-lane MINIMUM, sbt-free launcher (java -cp), one JVM per class	quiet box, 14 cores, Scala 3.9.0 (cf820fa7); 3 rounds; WIDE: max/min 1.41x across rounds -- read as a rank
2026-09-08	bench-refresh	FairnessProbeBenchmark	producer_zio_foreach	252.8	us/op	-f 1, each class at its own declared @Warmup/@Measurement, 3 rounds, per-lane MINIMUM, sbt-free launcher (java -cp), one JVM per class	quiet box, 14 cores, Scala 3.9.0 (cf820fa7); 3 rounds
2026-09-08	bench-refresh	FairnessProbeBenchmark	queue_okay_chunkNative	21.73	us/op	-f 1, each class at its own declared @Warmup/@Measurement, 3 rounds, per-lane MINIMUM, sbt-free launcher (java -cp), one JVM per class	quiet box, 14 cores, Scala 3.9.0 (cf820fa7); 3 rounds
2026-09-08	bench-refresh	FairnessProbeBenchmark	queue_zio_refUpdate	131.3	us/op	-f 1, each class at its own declared @Warmup/@Measurement, 3 rounds, per-lane MINIMUM, sbt-free launcher (java -cp), one JVM per class	quiet box, 14 cores, Scala 3.9.0 (cf820fa7); 3 rounds
2026-09-08	bench-refresh	FairnessProbeBenchmark	queue_zio_runSum	195.8	us/op	-f 1, each class at its own declared @Warmup/@Measurement, 3 rounds, per-lane MINIMUM, sbt-free launcher (java -cp), one JVM per class	quiet box, 14 cores, Scala 3.9.0 (cf820fa7); 3 rounds
2026-09-08	bench-refresh	FairnessProbeBenchmark	queue_zio_varSum	130.2	us/op	-f 1, each class at its own declared @Warmup/@Measurement, 3 rounds, per-lane MINIMUM, sbt-free launcher (java -cp), one JVM per class	quiet box, 14 cores, Scala 3.9.0 (cf820fa7); 3 rounds; WIDE: max/min 1.46x across rounds -- read as a rank
2026-09-08	bench-refresh	GeneratorBenchmark	fs2Stream	270	us/op	-f 1, each class at its own declared @Warmup/@Measurement, 3 rounds, per-lane MINIMUM, sbt-free launcher (java -cp), one JVM per class	quiet box, 14 cores, Scala 3.9.0 (cf820fa7); 3 rounds
2026-09-08	bench-refresh	GeneratorBenchmark	kyoStream	72.5	us/op	-f 1, each class at its own declared @Warmup/@Measurement, 3 rounds, per-lane MINIMUM, sbt-free launcher (java -cp), one JVM per class	quiet box, 14 cores, Scala 3.9.0 (cf820fa7); 3 rounds
2026-09-08	bench-refresh	GeneratorBenchmark	okayLazyList	35.49	us/op	-f 1, each class at its own declared @Warmup/@Measurement, 3 rounds, per-lane MINIMUM, sbt-free launcher (java -cp), one JVM per class	quiet box, 14 cores, Scala 3.9.0 (cf820fa7); 3 rounds
2026-09-08	bench-refresh	GeneratorBenchmark	okayProducer	19.52	us/op	-f 1, each class at its own declared @Warmup/@Measurement, 3 rounds, per-lane MINIMUM, sbt-free launcher (java -cp), one JVM per class	quiet box, 14 cores, Scala 3.9.0 (cf820fa7); 3 rounds
2026-09-08	bench-refresh	GeneratorBenchmark	stdIterator	11.72	us/op	-f 1, each class at its own declared @Warmup/@Measurement, 3 rounds, per-lane MINIMUM, sbt-free launcher (java -cp), one JVM per class	quiet box, 14 cores, Scala 3.9.0 (cf820fa7); 3 rounds
2026-09-08	bench-refresh	GeneratorBenchmark	stdLazyList	15.69	us/op	-f 1, each class at its own declared @Warmup/@Measurement, 3 rounds, per-lane MINIMUM, sbt-free launcher (java -cp), one JVM per class	quiet box, 14 cores, Scala 3.9.0 (cf820fa7); 3 rounds
2026-09-08	bench-refresh	GeneratorBenchmark	zioStream	176.9	us/op	-f 1, each class at its own declared @Warmup/@Measurement, 3 rounds, per-lane MINIMUM, sbt-free launcher (java -cp), one JVM per class	quiet box, 14 cores, Scala 3.9.0 (cf820fa7); 3 rounds
2026-09-08	bench-refresh	IdiomaticApiBenchmark	okayChannelForeach_chunkNative_runForeach	20.11	us/op	-f 1, each class at its own declared @Warmup/@Measurement, 3 rounds, per-lane MINIMUM, sbt-free launcher (java -cp), one JVM per class	quiet box, 14 cores, Scala 3.9.0 (cf820fa7); 3 rounds
2026-09-08	bench-refresh	IdiomaticApiBenchmark	okayChannelForeach_chunk_fold	364.5	us/op	-f 1, each class at its own declared @Warmup/@Measurement, 3 rounds, per-lane MINIMUM, sbt-free launcher (java -cp), one JVM per class	quiet box, 14 cores, Scala 3.9.0 (cf820fa7); 3 rounds; WIDE: max/min 1.28x across rounds -- read as a rank
2026-09-08	bench-refresh	IdiomaticApiBenchmark	okayChannelForeach_elem_lazyList	228.7	us/op	-f 1, each class at its own declared @Warmup/@Measurement, 3 rounds, per-lane MINIMUM, sbt-free launcher (java -cp), one JVM per class	quiet box, 14 cores, Scala 3.9.0 (cf820fa7); 3 rounds; WIDE: max/min 1.30x across rounds -- read as a rank
2026-09-08	bench-refresh	IdiomaticApiBenchmark	okayChannelForeach_elem_runForeach	196.8	us/op	-f 1, each class at its own declared @Warmup/@Measurement, 3 rounds, per-lane MINIMUM, sbt-free launcher (java -cp), one JVM per class	quiet box, 14 cores, Scala 3.9.0 (cf820fa7); 3 rounds
2026-09-08	bench-refresh	IdiomaticApiBenchmark	okayCollectionForeach_chunk_fold	11.32	us/op	-f 1, each class at its own declared @Warmup/@Measurement, 3 rounds, per-lane MINIMUM, sbt-free launcher (java -cp), one JVM per class	quiet box, 14 cores, Scala 3.9.0 (cf820fa7); 3 rounds
2026-09-08	bench-refresh	IdiomaticApiBenchmark	okayCollectionForeach_elem_lazyList	174.4	us/op	-f 1, each class at its own declared @Warmup/@Measurement, 3 rounds, per-lane MINIMUM, sbt-free launcher (java -cp), one JVM per class	quiet box, 14 cores, Scala 3.9.0 (cf820fa7); 3 rounds
2026-09-08	bench-refresh	IdiomaticApiBenchmark	okayCollectionForeach_elem_runForeach	110.5	us/op	-f 1, each class at its own declared @Warmup/@Measurement, 3 rounds, per-lane MINIMUM, sbt-free launcher (java -cp), one JVM per class	quiet box, 14 cores, Scala 3.9.0 (cf820fa7); 3 rounds; WIDE: max/min 1.27x across rounds -- read as a rank
2026-09-08	bench-refresh	IdiomaticApiBenchmark	okayCollection_chunk_fold	11.8	us/op	-f 1, each class at its own declared @Warmup/@Measurement, 3 rounds, per-lane MINIMUM, sbt-free launcher (java -cp), one JVM per class	quiet box, 14 cores, Scala 3.9.0 (cf820fa7); 3 rounds
2026-09-08	bench-refresh	IdiomaticApiBenchmark	okayCollection_elem_lazyList	160.2	us/op	-f 1, each class at its own declared @Warmup/@Measurement, 3 rounds, per-lane MINIMUM, sbt-free launcher (java -cp), one JVM per class	quiet box, 14 cores, Scala 3.9.0 (cf820fa7); 3 rounds
2026-09-08	bench-refresh	IdiomaticApiBenchmark	okayCollection_elem_runCollect	126.3	us/op	-f 1, each class at its own declared @Warmup/@Measurement, 3 rounds, per-lane MINIMUM, sbt-free launcher (java -cp), one JVM per class	quiet box, 14 cores, Scala 3.9.0 (cf820fa7); 3 rounds
2026-09-08	bench-refresh	IdiomaticApiBenchmark	okayStep_elem_lazyList	90.06	us/op	-f 1, each class at its own declared @Warmup/@Measurement, 3 rounds, per-lane MINIMUM, sbt-free launcher (java -cp), one JVM per class	quiet box, 14 cores, Scala 3.9.0 (cf820fa7); 3 rounds
2026-09-08	bench-refresh	IdiomaticApiBenchmark	okayStep_elem_unfold_lazyList	105.1	us/op	-f 1, each class at its own declared @Warmup/@Measurement, 3 rounds, per-lane MINIMUM, sbt-free launcher (java -cp), one JVM per class	quiet box, 14 cores, Scala 3.9.0 (cf820fa7); 3 rounds
2026-09-08	bench-refresh	IdiomaticApiBenchmark	zioChannelForeach_chunk_runForeach	129.7	us/op	-f 1, each class at its own declared @Warmup/@Measurement, 3 rounds, per-lane MINIMUM, sbt-free launcher (java -cp), one JVM per class	quiet box, 14 cores, Scala 3.9.0 (cf820fa7); 3 rounds
2026-09-08	bench-refresh	IdiomaticApiBenchmark	zioCollectionForeach_chunk_runForeach	93.62	us/op	-f 1, each class at its own declared @Warmup/@Measurement, 3 rounds, per-lane MINIMUM, sbt-free launcher (java -cp), one JVM per class	quiet box, 14 cores, Scala 3.9.0 (cf820fa7); 3 rounds
2026-09-08	bench-refresh	IdiomaticApiBenchmark	zioCollection_chunk_runSum	57.36	us/op	-f 1, each class at its own declared @Warmup/@Measurement, 3 rounds, per-lane MINIMUM, sbt-free launcher (java -cp), one JVM per class	quiet box, 14 cores, Scala 3.9.0 (cf820fa7); 3 rounds
2026-09-08	bench-refresh	IdiomaticApiBenchmark	zioStep_elem_runSum	282.3	us/op	-f 1, each class at its own declared @Warmup/@Measurement, 3 rounds, per-lane MINIMUM, sbt-free launcher (java -cp), one JVM per class	quiet box, 14 cores, Scala 3.9.0 (cf820fa7); 3 rounds
2026-09-08	bench-refresh	LazinessBenchmark	catsIOBuild	20.85	us/op	-f 1, each class at its own declared @Warmup/@Measurement, 3 rounds, per-lane MINIMUM, sbt-free launcher (java -cp), one JVM per class	quiet box, 14 cores, Scala 3.9.0 (cf820fa7); 3 rounds
2026-09-08	bench-refresh	LazinessBenchmark	kyoBuild	67.55	us/op	-f 1, each class at its own declared @Warmup/@Measurement, 3 rounds, per-lane MINIMUM, sbt-free launcher (java -cp), one JVM per class	quiet box, 14 cores, Scala 3.9.0 (cf820fa7); 3 rounds
2026-09-08	bench-refresh	LazinessBenchmark	okayBuild	13.4	us/op	-f 1, each class at its own declared @Warmup/@Measurement, 3 rounds, per-lane MINIMUM, sbt-free launcher (java -cp), one JVM per class	quiet box, 14 cores, Scala 3.9.0 (cf820fa7); 3 rounds
2026-09-08	bench-refresh	ManyProducersBenchmark	adaptiveManyConsumers  consumers=1  producers=1	643.3	us/op	-f 1, each class at its own declared @Warmup/@Measurement, 3 rounds, per-lane MINIMUM, sbt-free launcher (java -cp), one JVM per class	quiet box, 14 cores, Scala 3.9.0 (cf820fa7); 3 rounds; WIDE: max/min 1.76x across rounds -- read as a rank
2026-09-08	bench-refresh	ManyProducersBenchmark	adaptiveManyConsumers  consumers=1  producers=16	378.3	us/op	-f 1, each class at its own declared @Warmup/@Measurement, 3 rounds, per-lane MINIMUM, sbt-free launcher (java -cp), one JVM per class	quiet box, 14 cores, Scala 3.9.0 (cf820fa7); 3 rounds
2026-09-08	bench-refresh	ManyProducersBenchmark	adaptiveManyConsumers  consumers=1  producers=4	531.4	us/op	-f 1, each class at its own declared @Warmup/@Measurement, 3 rounds, per-lane MINIMUM, sbt-free launcher (java -cp), one JVM per class	quiet box, 14 cores, Scala 3.9.0 (cf820fa7); 3 rounds; WIDE: max/min 1.28x across rounds -- read as a rank
2026-09-08	bench-refresh	ManyProducersBenchmark	adaptiveManyConsumers  consumers=4  producers=1	1568	us/op	-f 1, each class at its own declared @Warmup/@Measurement, 3 rounds, per-lane MINIMUM, sbt-free launcher (java -cp), one JVM per class	quiet box, 14 cores, Scala 3.9.0 (cf820fa7); 3 rounds
2026-09-08	bench-refresh	ManyProducersBenchmark	adaptiveManyConsumers  consumers=4  producers=16	1132	us/op	-f 1, each class at its own declared @Warmup/@Measurement, 3 rounds, per-lane MINIMUM, sbt-free launcher (java -cp), one JVM per class	quiet box, 14 cores, Scala 3.9.0 (cf820fa7); 3 rounds
2026-09-08	bench-refresh	ManyProducersBenchmark	adaptiveManyConsumers  consumers=4  producers=4	1285	us/op	-f 1, each class at its own declared @Warmup/@Measurement, 3 rounds, per-lane MINIMUM, sbt-free launcher (java -cp), one JVM per class	quiet box, 14 cores, Scala 3.9.0 (cf820fa7); 3 rounds
2026-09-08	bench-refresh	ManyProducersBenchmark	adaptiveUnbounded_chunk  consumers=1  producers=1	155.5	us/op	-f 1, each class at its own declared @Warmup/@Measurement, 3 rounds, per-lane MINIMUM, sbt-free launcher (java -cp), one JVM per class	quiet box, 14 cores, Scala 3.9.0 (cf820fa7); 3 rounds; WIDE: max/min 1.89x across rounds -- read as a rank
2026-09-08	bench-refresh	ManyProducersBenchmark	adaptiveUnbounded_chunk  consumers=1  producers=16	106.2	us/op	-f 1, each class at its own declared @Warmup/@Measurement, 3 rounds, per-lane MINIMUM, sbt-free launcher (java -cp), one JVM per class	quiet box, 14 cores, Scala 3.9.0 (cf820fa7); 3 rounds; WIDE: max/min 1.56x across rounds -- read as a rank
2026-09-08	bench-refresh	ManyProducersBenchmark	adaptiveUnbounded_chunk  consumers=1  producers=4	131.3	us/op	-f 1, each class at its own declared @Warmup/@Measurement, 3 rounds, per-lane MINIMUM, sbt-free launcher (java -cp), one JVM per class	quiet box, 14 cores, Scala 3.9.0 (cf820fa7); 3 rounds; WIDE: max/min 1.50x across rounds -- read as a rank
2026-09-08	bench-refresh	ManyProducersBenchmark	adaptiveUnbounded_chunk  consumers=4  producers=1	155.3	us/op	-f 1, each class at its own declared @Warmup/@Measurement, 3 rounds, per-lane MINIMUM, sbt-free launcher (java -cp), one JVM per class	quiet box, 14 cores, Scala 3.9.0 (cf820fa7); 3 rounds; WIDE: max/min 1.51x across rounds -- read as a rank
2026-09-08	bench-refresh	ManyProducersBenchmark	adaptiveUnbounded_chunk  consumers=4  producers=16	114.9	us/op	-f 1, each class at its own declared @Warmup/@Measurement, 3 rounds, per-lane MINIMUM, sbt-free launcher (java -cp), one JVM per class	quiet box, 14 cores, Scala 3.9.0 (cf820fa7); 3 rounds; WIDE: max/min 1.35x across rounds -- read as a rank
2026-09-08	bench-refresh	ManyProducersBenchmark	adaptiveUnbounded_chunk  consumers=4  producers=4	127.6	us/op	-f 1, each class at its own declared @Warmup/@Measurement, 3 rounds, per-lane MINIMUM, sbt-free launcher (java -cp), one JVM per class	quiet box, 14 cores, Scala 3.9.0 (cf820fa7); 3 rounds; WIDE: max/min 1.26x across rounds -- read as a rank
2026-09-08	bench-refresh	ManyProducersBenchmark	adaptive_chunk  consumers=1  producers=1	158.5	us/op	-f 1, each class at its own declared @Warmup/@Measurement, 3 rounds, per-lane MINIMUM, sbt-free launcher (java -cp), one JVM per class	quiet box, 14 cores, Scala 3.9.0 (cf820fa7); 3 rounds; WIDE: max/min 2.19x across rounds -- read as a rank
2026-09-08	bench-refresh	ManyProducersBenchmark	adaptive_chunk  consumers=1  producers=16	116.6	us/op	-f 1, each class at its own declared @Warmup/@Measurement, 3 rounds, per-lane MINIMUM, sbt-free launcher (java -cp), one JVM per class	quiet box, 14 cores, Scala 3.9.0 (cf820fa7); 3 rounds
2026-09-08	bench-refresh	ManyProducersBenchmark	adaptive_chunk  consumers=1  producers=4	162.1	us/op	-f 1, each class at its own declared @Warmup/@Measurement, 3 rounds, per-lane MINIMUM, sbt-free launcher (java -cp), one JVM per class	quiet box, 14 cores, Scala 3.9.0 (cf820fa7); 3 rounds; WIDE: max/min 1.27x across rounds -- read as a rank
2026-09-08	bench-refresh	ManyProducersBenchmark	adaptive_chunk  consumers=4  producers=1	170.5	us/op	-f 1, each class at its own declared @Warmup/@Measurement, 3 rounds, per-lane MINIMUM, sbt-free launcher (java -cp), one JVM per class	quiet box, 14 cores, Scala 3.9.0 (cf820fa7); 3 rounds
2026-09-08	bench-refresh	ManyProducersBenchmark	adaptive_chunk  consumers=4  producers=16	115.6	us/op	-f 1, each class at its own declared @Warmup/@Measurement, 3 rounds, per-lane MINIMUM, sbt-free launcher (java -cp), one JVM per class	quiet box, 14 cores, Scala 3.9.0 (cf820fa7); 3 rounds
2026-09-08	bench-refresh	ManyProducersBenchmark	adaptive_chunk  consumers=4  producers=4	169.6	us/op	-f 1, each class at its own declared @Warmup/@Measurement, 3 rounds, per-lane MINIMUM, sbt-free launcher (java -cp), one JVM per class	quiet box, 14 cores, Scala 3.9.0 (cf820fa7); 3 rounds
2026-09-08	bench-refresh	ManyProducersBenchmark	catsQueue_chunk  consumers=1  producers=1	4123	us/op	-f 1, each class at its own declared @Warmup/@Measurement, 3 rounds, per-lane MINIMUM, sbt-free launcher (java -cp), one JVM per class	quiet box, 14 cores, Scala 3.9.0 (cf820fa7); 3 rounds; WIDE: max/min 3.53x across rounds -- read as a rank
2026-09-08	bench-refresh	ManyProducersBenchmark	catsQueue_chunk  consumers=1  producers=16	7570	us/op	-f 1, each class at its own declared @Warmup/@Measurement, 3 rounds, per-lane MINIMUM, sbt-free launcher (java -cp), one JVM per class	quiet box, 14 cores, Scala 3.9.0 (cf820fa7); 3 rounds
2026-09-08	bench-refresh	ManyProducersBenchmark	catsQueue_chunk  consumers=1  producers=4	4595	us/op	-f 1, each class at its own declared @Warmup/@Measurement, 3 rounds, per-lane MINIMUM, sbt-free launcher (java -cp), one JVM per class	quiet box, 14 cores, Scala 3.9.0 (cf820fa7); 3 rounds; WIDE: max/min 1.42x across rounds -- read as a rank
2026-09-08	bench-refresh	ManyProducersBenchmark	catsQueue_chunk  consumers=4  producers=1	4216	us/op	-f 1, each class at its own declared @Warmup/@Measurement, 3 rounds, per-lane MINIMUM, sbt-free launcher (java -cp), one JVM per class	quiet box, 14 cores, Scala 3.9.0 (cf820fa7); 3 rounds
2026-09-08	bench-refresh	ManyProducersBenchmark	catsQueue_chunk  consumers=4  producers=16	7703	us/op	-f 1, each class at its own declared @Warmup/@Measurement, 3 rounds, per-lane MINIMUM, sbt-free launcher (java -cp), one JVM per class	quiet box, 14 cores, Scala 3.9.0 (cf820fa7); 3 rounds; WIDE: max/min 1.30x across rounds -- read as a rank
2026-09-08	bench-refresh	ManyProducersBenchmark	catsQueue_chunk  consumers=4  producers=4	4620	us/op	-f 1, each class at its own declared @Warmup/@Measurement, 3 rounds, per-lane MINIMUM, sbt-free launcher (java -cp), one JVM per class	quiet box, 14 cores, Scala 3.9.0 (cf820fa7); 3 rounds; WIDE: max/min 1.38x across rounds -- read as a rank
2026-09-08	bench-refresh	ManyProducersBenchmark	forwarded_chunk  consumers=1  producers=1	160.1	us/op	-f 1, each class at its own declared @Warmup/@Measurement, 3 rounds, per-lane MINIMUM, sbt-free launcher (java -cp), one JVM per class	quiet box, 14 cores, Scala 3.9.0 (cf820fa7); 3 rounds; WIDE: max/min 2.14x across rounds -- read as a rank
2026-09-08	bench-refresh	ManyProducersBenchmark	forwarded_chunk  consumers=1  producers=16	1356	us/op	-f 1, each class at its own declared @Warmup/@Measurement, 3 rounds, per-lane MINIMUM, sbt-free launcher (java -cp), one JVM per class	quiet box, 14 cores, Scala 3.9.0 (cf820fa7); 3 rounds; WIDE: max/min 2.52x across rounds -- read as a rank
2026-09-08	bench-refresh	ManyProducersBenchmark	forwarded_chunk  consumers=1  producers=4	1255	us/op	-f 1, each class at its own declared @Warmup/@Measurement, 3 rounds, per-lane MINIMUM, sbt-free launcher (java -cp), one JVM per class	quiet box, 14 cores, Scala 3.9.0 (cf820fa7); 3 rounds
2026-09-08	bench-refresh	ManyProducersBenchmark	forwarded_chunk  consumers=4  producers=1	135.4	us/op	-f 1, each class at its own declared @Warmup/@Measurement, 3 rounds, per-lane MINIMUM, sbt-free launcher (java -cp), one JVM per class	quiet box, 14 cores, Scala 3.9.0 (cf820fa7); 3 rounds; WIDE: max/min 1.72x across rounds -- read as a rank
2026-09-08	bench-refresh	ManyProducersBenchmark	forwarded_chunk  consumers=4  producers=16	2787	us/op	-f 1, each class at its own declared @Warmup/@Measurement, 3 rounds, per-lane MINIMUM, sbt-free launcher (java -cp), one JVM per class	quiet box, 14 cores, Scala 3.9.0 (cf820fa7); 3 rounds
2026-09-08	bench-refresh	ManyProducersBenchmark	forwarded_chunk  consumers=4  producers=4	1279	us/op	-f 1, each class at its own declared @Warmup/@Measurement, 3 rounds, per-lane MINIMUM, sbt-free launcher (java -cp), one JVM per class	quiet box, 14 cores, Scala 3.9.0 (cf820fa7); 3 rounds
2026-09-08	bench-refresh	ManyProducersBenchmark	growing_chunk  consumers=1  producers=1	192	us/op	-f 1, each class at its own declared @Warmup/@Measurement, 3 rounds, per-lane MINIMUM, sbt-free launcher (java -cp), one JVM per class	quiet box, 14 cores, Scala 3.9.0 (cf820fa7); 3 rounds
2026-09-08	bench-refresh	ManyProducersBenchmark	growing_chunk  consumers=1  producers=16	623.6	us/op	-f 1, each class at its own declared @Warmup/@Measurement, 3 rounds, per-lane MINIMUM, sbt-free launcher (java -cp), one JVM per class	quiet box, 14 cores, Scala 3.9.0 (cf820fa7); 3 rounds
2026-09-08	bench-refresh	ManyProducersBenchmark	growing_chunk  consumers=1  producers=4	601.6	us/op	-f 1, each class at its own declared @Warmup/@Measurement, 3 rounds, per-lane MINIMUM, sbt-free launcher (java -cp), one JVM per class	quiet box, 14 cores, Scala 3.9.0 (cf820fa7); 3 rounds; WIDE: max/min 1.27x across rounds -- read as a rank
2026-09-08	bench-refresh	ManyProducersBenchmark	growing_chunk  consumers=4  producers=1	190.8	us/op	-f 1, each class at its own declared @Warmup/@Measurement, 3 rounds, per-lane MINIMUM, sbt-free launcher (java -cp), one JVM per class	quiet box, 14 cores, Scala 3.9.0 (cf820fa7); 3 rounds; WIDE: max/min 1.26x across rounds -- read as a rank
2026-09-08	bench-refresh	ManyProducersBenchmark	growing_chunk  consumers=4  producers=16	647.9	us/op	-f 1, each class at its own declared @Warmup/@Measurement, 3 rounds, per-lane MINIMUM, sbt-free launcher (java -cp), one JVM per class	quiet box, 14 cores, Scala 3.9.0 (cf820fa7); 3 rounds
2026-09-08	bench-refresh	ManyProducersBenchmark	growing_chunk  consumers=4  producers=4	647.4	us/op	-f 1, each class at its own declared @Warmup/@Measurement, 3 rounds, per-lane MINIMUM, sbt-free launcher (java -cp), one JVM per class	quiet box, 14 cores, Scala 3.9.0 (cf820fa7); 3 rounds
2026-09-08	bench-refresh	ManyProducersBenchmark	onePart_chunk  consumers=1  producers=1	173.6	us/op	-f 1, each class at its own declared @Warmup/@Measurement, 3 rounds, per-lane MINIMUM, sbt-free launcher (java -cp), one JVM per class	quiet box, 14 cores, Scala 3.9.0 (cf820fa7); 3 rounds; WIDE: max/min 1.30x across rounds -- read as a rank
2026-09-08	bench-refresh	ManyProducersBenchmark	onePart_chunk  consumers=1  producers=16	2681	us/op	-f 1, each class at its own declared @Warmup/@Measurement, 3 rounds, per-lane MINIMUM, sbt-free launcher (java -cp), one JVM per class	quiet box, 14 cores, Scala 3.9.0 (cf820fa7); 3 rounds
2026-09-08	bench-refresh	ManyProducersBenchmark	onePart_chunk  consumers=1  producers=4	1198	us/op	-f 1, each class at its own declared @Warmup/@Measurement, 3 rounds, per-lane MINIMUM, sbt-free launcher (java -cp), one JVM per class	quiet box, 14 cores, Scala 3.9.0 (cf820fa7); 3 rounds
2026-09-08	bench-refresh	ManyProducersBenchmark	onePart_chunk  consumers=4  producers=1	168.4	us/op	-f 1, each class at its own declared @Warmup/@Measurement, 3 rounds, per-lane MINIMUM, sbt-free launcher (java -cp), one JVM per class	quiet box, 14 cores, Scala 3.9.0 (cf820fa7); 3 rounds; WIDE: max/min 1.33x across rounds -- read as a rank
2026-09-08	bench-refresh	ManyProducersBenchmark	onePart_chunk  consumers=4  producers=16	2075	us/op	-f 1, each class at its own declared @Warmup/@Measurement, 3 rounds, per-lane MINIMUM, sbt-free launcher (java -cp), one JVM per class	quiet box, 14 cores, Scala 3.9.0 (cf820fa7); 3 rounds; WIDE: max/min 1.56x across rounds -- read as a rank
2026-09-08	bench-refresh	ManyProducersBenchmark	onePart_chunk  consumers=4  producers=4	1181	us/op	-f 1, each class at its own declared @Warmup/@Measurement, 3 rounds, per-lane MINIMUM, sbt-free launcher (java -cp), one JVM per class	quiet box, 14 cores, Scala 3.9.0 (cf820fa7); 3 rounds
2026-09-08	bench-refresh	ManyProducersBenchmark	oneRing_chunk  consumers=1  producers=1	125.6	us/op	-f 1, each class at its own declared @Warmup/@Measurement, 3 rounds, per-lane MINIMUM, sbt-free launcher (java -cp), one JVM per class	quiet box, 14 cores, Scala 3.9.0 (cf820fa7); 3 rounds; WIDE: max/min 1.72x across rounds -- read as a rank
2026-09-08	bench-refresh	ManyProducersBenchmark	oneRing_chunk  consumers=1  producers=16	2064	us/op	-f 1, each class at its own declared @Warmup/@Measurement, 3 rounds, per-lane MINIMUM, sbt-free launcher (java -cp), one JVM per class	quiet box, 14 cores, Scala 3.9.0 (cf820fa7); 3 rounds; WIDE: max/min 1.76x across rounds -- read as a rank
2026-09-08	bench-refresh	ManyProducersBenchmark	oneRing_chunk  consumers=1  producers=4	1228	us/op	-f 1, each class at its own declared @Warmup/@Measurement, 3 rounds, per-lane MINIMUM, sbt-free launcher (java -cp), one JVM per class	quiet box, 14 cores, Scala 3.9.0 (cf820fa7); 3 rounds
2026-09-08	bench-refresh	ManyProducersBenchmark	oneRing_chunk  consumers=4  producers=1	140.6	us/op	-f 1, each class at its own declared @Warmup/@Measurement, 3 rounds, per-lane MINIMUM, sbt-free launcher (java -cp), one JVM per class	quiet box, 14 cores, Scala 3.9.0 (cf820fa7); 3 rounds; WIDE: max/min 5.85x across rounds -- read as a rank
2026-09-08	bench-refresh	ManyProducersBenchmark	oneRing_chunk  consumers=4  producers=16	3026	us/op	-f 1, each class at its own declared @Warmup/@Measurement, 3 rounds, per-lane MINIMUM, sbt-free launcher (java -cp), one JVM per class	quiet box, 14 cores, Scala 3.9.0 (cf820fa7); 3 rounds; WIDE: max/min 1.61x across rounds -- read as a rank
2026-09-08	bench-refresh	ManyProducersBenchmark	oneRing_chunk  consumers=4  producers=4	1255	us/op	-f 1, each class at its own declared @Warmup/@Measurement, 3 rounds, per-lane MINIMUM, sbt-free launcher (java -cp), one JVM per class	quiet box, 14 cores, Scala 3.9.0 (cf820fa7); 3 rounds; WIDE: max/min 3.25x across rounds -- read as a rank
2026-09-08	bench-refresh	ManyProducersBenchmark	oneRing_elem  consumers=1  producers=1	364.2	us/op	-f 1, each class at its own declared @Warmup/@Measurement, 3 rounds, per-lane MINIMUM, sbt-free launcher (java -cp), one JVM per class	quiet box, 14 cores, Scala 3.9.0 (cf820fa7); 3 rounds; WIDE: max/min 11.57x across rounds -- read as a rank
2026-09-08	bench-refresh	ManyProducersBenchmark	oneRing_elem  consumers=1  producers=16	2990	us/op	-f 1, each class at its own declared @Warmup/@Measurement, 3 rounds, per-lane MINIMUM, sbt-free launcher (java -cp), one JVM per class	quiet box, 14 cores, Scala 3.9.0 (cf820fa7); 3 rounds
2026-09-08	bench-refresh	ManyProducersBenchmark	oneRing_elem  consumers=1  producers=4	1390	us/op	-f 1, each class at its own declared @Warmup/@Measurement, 3 rounds, per-lane MINIMUM, sbt-free launcher (java -cp), one JVM per class	quiet box, 14 cores, Scala 3.9.0 (cf820fa7); 3 rounds; WIDE: max/min 1.66x across rounds -- read as a rank
2026-09-08	bench-refresh	ManyProducersBenchmark	oneRing_elem  consumers=4  producers=1	394.8	us/op	-f 1, each class at its own declared @Warmup/@Measurement, 3 rounds, per-lane MINIMUM, sbt-free launcher (java -cp), one JVM per class	quiet box, 14 cores, Scala 3.9.0 (cf820fa7); 3 rounds; WIDE: max/min 6.42x across rounds -- read as a rank
2026-09-08	bench-refresh	ManyProducersBenchmark	oneRing_elem  consumers=4  producers=16	3022	us/op	-f 1, each class at its own declared @Warmup/@Measurement, 3 rounds, per-lane MINIMUM, sbt-free launcher (java -cp), one JVM per class	quiet box, 14 cores, Scala 3.9.0 (cf820fa7); 3 rounds
2026-09-08	bench-refresh	ManyProducersBenchmark	oneRing_elem  consumers=4  producers=4	1403	us/op	-f 1, each class at its own declared @Warmup/@Measurement, 3 rounds, per-lane MINIMUM, sbt-free launcher (java -cp), one JVM per class	quiet box, 14 cores, Scala 3.9.0 (cf820fa7); 3 rounds; WIDE: max/min 2.71x across rounds -- read as a rank
2026-09-08	bench-refresh	ManyProducersBenchmark	oneUnbounded_chunk  consumers=1  producers=1	133.7	us/op	-f 1, each class at its own declared @Warmup/@Measurement, 3 rounds, per-lane MINIMUM, sbt-free launcher (java -cp), one JVM per class	quiet box, 14 cores, Scala 3.9.0 (cf820fa7); 3 rounds; WIDE: max/min 6.99x across rounds -- read as a rank
2026-09-08	bench-refresh	ManyProducersBenchmark	oneUnbounded_chunk  consumers=1  producers=16	661.2	us/op	-f 1, each class at its own declared @Warmup/@Measurement, 3 rounds, per-lane MINIMUM, sbt-free launcher (java -cp), one JVM per class	quiet box, 14 cores, Scala 3.9.0 (cf820fa7); 3 rounds
2026-09-08	bench-refresh	ManyProducersBenchmark	oneUnbounded_chunk  consumers=1  producers=4	678.2	us/op	-f 1, each class at its own declared @Warmup/@Measurement, 3 rounds, per-lane MINIMUM, sbt-free launcher (java -cp), one JVM per class	quiet box, 14 cores, Scala 3.9.0 (cf820fa7); 3 rounds; WIDE: max/min 1.53x across rounds -- read as a rank
2026-09-08	bench-refresh	ManyProducersBenchmark	oneUnbounded_chunk  consumers=4  producers=1	139.1	us/op	-f 1, each class at its own declared @Warmup/@Measurement, 3 rounds, per-lane MINIMUM, sbt-free launcher (java -cp), one JVM per class	quiet box, 14 cores, Scala 3.9.0 (cf820fa7); 3 rounds
2026-09-08	bench-refresh	ManyProducersBenchmark	oneUnbounded_chunk  consumers=4  producers=16	651.6	us/op	-f 1, each class at its own declared @Warmup/@Measurement, 3 rounds, per-lane MINIMUM, sbt-free launcher (java -cp), one JVM per class	quiet box, 14 cores, Scala 3.9.0 (cf820fa7); 3 rounds
2026-09-08	bench-refresh	ManyProducersBenchmark	oneUnbounded_chunk  consumers=4  producers=4	633.5	us/op	-f 1, each class at its own declared @Warmup/@Measurement, 3 rounds, per-lane MINIMUM, sbt-free launcher (java -cp), one JVM per class	quiet box, 14 cores, Scala 3.9.0 (cf820fa7); 3 rounds
2026-09-08	bench-refresh	ManyProducersBenchmark	oneUnbounded_elem  consumers=1  producers=1	224.6	us/op	-f 1, each class at its own declared @Warmup/@Measurement, 3 rounds, per-lane MINIMUM, sbt-free launcher (java -cp), one JVM per class	quiet box, 14 cores, Scala 3.9.0 (cf820fa7); 3 rounds
2026-09-08	bench-refresh	ManyProducersBenchmark	oneUnbounded_elem  consumers=1  producers=16	729.3	us/op	-f 1, each class at its own declared @Warmup/@Measurement, 3 rounds, per-lane MINIMUM, sbt-free launcher (java -cp), one JVM per class	quiet box, 14 cores, Scala 3.9.0 (cf820fa7); 3 rounds
2026-09-08	bench-refresh	ManyProducersBenchmark	oneUnbounded_elem  consumers=1  producers=4	716.5	us/op	-f 1, each class at its own declared @Warmup/@Measurement, 3 rounds, per-lane MINIMUM, sbt-free launcher (java -cp), one JVM per class	quiet box, 14 cores, Scala 3.9.0 (cf820fa7); 3 rounds
2026-09-08	bench-refresh	ManyProducersBenchmark	oneUnbounded_elem  consumers=4  producers=1	227.7	us/op	-f 1, each class at its own declared @Warmup/@Measurement, 3 rounds, per-lane MINIMUM, sbt-free launcher (java -cp), one JVM per class	quiet box, 14 cores, Scala 3.9.0 (cf820fa7); 3 rounds
2026-09-08	bench-refresh	ManyProducersBenchmark	oneUnbounded_elem  consumers=4  producers=16	732.4	us/op	-f 1, each class at its own declared @Warmup/@Measurement, 3 rounds, per-lane MINIMUM, sbt-free launcher (java -cp), one JVM per class	quiet box, 14 cores, Scala 3.9.0 (cf820fa7); 3 rounds
2026-09-08	bench-refresh	ManyProducersBenchmark	oneUnbounded_elem  consumers=4  producers=4	718.7	us/op	-f 1, each class at its own declared @Warmup/@Measurement, 3 rounds, per-lane MINIMUM, sbt-free launcher (java -cp), one JVM per class	quiet box, 14 cores, Scala 3.9.0 (cf820fa7); 3 rounds
2026-09-08	bench-refresh	ManyProducersBenchmark	relaxedUnbounded_chunk  consumers=1  producers=1	157.1	us/op	-f 1, each class at its own declared @Warmup/@Measurement, 3 rounds, per-lane MINIMUM, sbt-free launcher (java -cp), one JVM per class	quiet box, 14 cores, Scala 3.9.0 (cf820fa7); 3 rounds
2026-09-08	bench-refresh	ManyProducersBenchmark	relaxedUnbounded_chunk  consumers=1  producers=16	128.6	us/op	-f 1, each class at its own declared @Warmup/@Measurement, 3 rounds, per-lane MINIMUM, sbt-free launcher (java -cp), one JVM per class	quiet box, 14 cores, Scala 3.9.0 (cf820fa7); 3 rounds; WIDE: max/min 1.28x across rounds -- read as a rank
2026-09-08	bench-refresh	ManyProducersBenchmark	relaxedUnbounded_chunk  consumers=1  producers=4	168	us/op	-f 1, each class at its own declared @Warmup/@Measurement, 3 rounds, per-lane MINIMUM, sbt-free launcher (java -cp), one JVM per class	quiet box, 14 cores, Scala 3.9.0 (cf820fa7); 3 rounds; WIDE: max/min 1.30x across rounds -- read as a rank
2026-09-08	bench-refresh	ManyProducersBenchmark	relaxedUnbounded_chunk  consumers=4  producers=1	153.3	us/op	-f 1, each class at its own declared @Warmup/@Measurement, 3 rounds, per-lane MINIMUM, sbt-free launcher (java -cp), one JVM per class	quiet box, 14 cores, Scala 3.9.0 (cf820fa7); 3 rounds
2026-09-08	bench-refresh	ManyProducersBenchmark	relaxedUnbounded_chunk  consumers=4  producers=16	137.1	us/op	-f 1, each class at its own declared @Warmup/@Measurement, 3 rounds, per-lane MINIMUM, sbt-free launcher (java -cp), one JVM per class	quiet box, 14 cores, Scala 3.9.0 (cf820fa7); 3 rounds
2026-09-08	bench-refresh	ManyProducersBenchmark	relaxedUnbounded_chunk  consumers=4  producers=4	186.2	us/op	-f 1, each class at its own declared @Warmup/@Measurement, 3 rounds, per-lane MINIMUM, sbt-free launcher (java -cp), one JVM per class	quiet box, 14 cores, Scala 3.9.0 (cf820fa7); 3 rounds
2026-09-08	bench-refresh	ManyProducersBenchmark	relaxedUnbounded_elem  consumers=1  producers=1	292.4	us/op	-f 1, each class at its own declared @Warmup/@Measurement, 3 rounds, per-lane MINIMUM, sbt-free launcher (java -cp), one JVM per class	quiet box, 14 cores, Scala 3.9.0 (cf820fa7); 3 rounds; WIDE: max/min 1.58x across rounds -- read as a rank
2026-09-08	bench-refresh	ManyProducersBenchmark	relaxedUnbounded_elem  consumers=1  producers=16	220.5	us/op	-f 1, each class at its own declared @Warmup/@Measurement, 3 rounds, per-lane MINIMUM, sbt-free launcher (java -cp), one JVM per class	quiet box, 14 cores, Scala 3.9.0 (cf820fa7); 3 rounds; WIDE: max/min 1.41x across rounds -- read as a rank
2026-09-08	bench-refresh	ManyProducersBenchmark	relaxedUnbounded_elem  consumers=1  producers=4	297.6	us/op	-f 1, each class at its own declared @Warmup/@Measurement, 3 rounds, per-lane MINIMUM, sbt-free launcher (java -cp), one JVM per class	quiet box, 14 cores, Scala 3.9.0 (cf820fa7); 3 rounds; WIDE: max/min 1.25x across rounds -- read as a rank
2026-09-08	bench-refresh	ManyProducersBenchmark	relaxedUnbounded_elem  consumers=4  producers=1	283.8	us/op	-f 1, each class at its own declared @Warmup/@Measurement, 3 rounds, per-lane MINIMUM, sbt-free launcher (java -cp), one JVM per class	quiet box, 14 cores, Scala 3.9.0 (cf820fa7); 3 rounds; WIDE: max/min 1.65x across rounds -- read as a rank
2026-09-08	bench-refresh	ManyProducersBenchmark	relaxedUnbounded_elem  consumers=4  producers=16	225.8	us/op	-f 1, each class at its own declared @Warmup/@Measurement, 3 rounds, per-lane MINIMUM, sbt-free launcher (java -cp), one JVM per class	quiet box, 14 cores, Scala 3.9.0 (cf820fa7); 3 rounds
2026-09-08	bench-refresh	ManyProducersBenchmark	relaxedUnbounded_elem  consumers=4  producers=4	288.6	us/op	-f 1, each class at its own declared @Warmup/@Measurement, 3 rounds, per-lane MINIMUM, sbt-free launcher (java -cp), one JVM per class	quiet box, 14 cores, Scala 3.9.0 (cf820fa7); 3 rounds; WIDE: max/min 1.37x across rounds -- read as a rank
2026-09-08	bench-refresh	ManyProducersBenchmark	relaxed_chunk  consumers=1  producers=1	177.9	us/op	-f 1, each class at its own declared @Warmup/@Measurement, 3 rounds, per-lane MINIMUM, sbt-free launcher (java -cp), one JVM per class	quiet box, 14 cores, Scala 3.9.0 (cf820fa7); 3 rounds; WIDE: max/min 7.50x across rounds -- read as a rank
2026-09-08	bench-refresh	ManyProducersBenchmark	relaxed_chunk  consumers=1  producers=16	424	us/op	-f 1, each class at its own declared @Warmup/@Measurement, 3 rounds, per-lane MINIMUM, sbt-free launcher (java -cp), one JVM per class	quiet box, 14 cores, Scala 3.9.0 (cf820fa7); 3 rounds; WIDE: max/min 3.53x across rounds -- read as a rank
2026-09-08	bench-refresh	ManyProducersBenchmark	relaxed_chunk  consumers=1  producers=4	247.4	us/op	-f 1, each class at its own declared @Warmup/@Measurement, 3 rounds, per-lane MINIMUM, sbt-free launcher (java -cp), one JVM per class	quiet box, 14 cores, Scala 3.9.0 (cf820fa7); 3 rounds; WIDE: max/min 6.78x across rounds -- read as a rank
2026-09-08	bench-refresh	ManyProducersBenchmark	relaxed_chunk  consumers=4  producers=1	173.4	us/op	-f 1, each class at its own declared @Warmup/@Measurement, 3 rounds, per-lane MINIMUM, sbt-free launcher (java -cp), one JVM per class	quiet box, 14 cores, Scala 3.9.0 (cf820fa7); 3 rounds; WIDE: max/min 4.73x across rounds -- read as a rank
2026-09-08	bench-refresh	ManyProducersBenchmark	relaxed_chunk  consumers=4  producers=16	407.2	us/op	-f 1, each class at its own declared @Warmup/@Measurement, 3 rounds, per-lane MINIMUM, sbt-free launcher (java -cp), one JVM per class	quiet box, 14 cores, Scala 3.9.0 (cf820fa7); 3 rounds; WIDE: max/min 5.57x across rounds -- read as a rank
2026-09-08	bench-refresh	ManyProducersBenchmark	relaxed_chunk  consumers=4  producers=4	245.8	us/op	-f 1, each class at its own declared @Warmup/@Measurement, 3 rounds, per-lane MINIMUM, sbt-free launcher (java -cp), one JVM per class	quiet box, 14 cores, Scala 3.9.0 (cf820fa7); 3 rounds; WIDE: max/min 6.38x across rounds -- read as a rank
2026-09-08	bench-refresh	ManyProducersBenchmark	relaxed_elem  consumers=1  producers=1	449.2	us/op	-f 1, each class at its own declared @Warmup/@Measurement, 3 rounds, per-lane MINIMUM, sbt-free launcher (java -cp), one JVM per class	quiet box, 14 cores, Scala 3.9.0 (cf820fa7); 3 rounds; WIDE: max/min 4.11x across rounds -- read as a rank
2026-09-08	bench-refresh	ManyProducersBenchmark	relaxed_elem  consumers=1  producers=16	503.8	us/op	-f 1, each class at its own declared @Warmup/@Measurement, 3 rounds, per-lane MINIMUM, sbt-free launcher (java -cp), one JVM per class	quiet box, 14 cores, Scala 3.9.0 (cf820fa7); 3 rounds; WIDE: max/min 1.34x across rounds -- read as a rank
2026-09-08	bench-refresh	ManyProducersBenchmark	relaxed_elem  consumers=1  producers=4	498	us/op	-f 1, each class at its own declared @Warmup/@Measurement, 3 rounds, per-lane MINIMUM, sbt-free launcher (java -cp), one JVM per class	quiet box, 14 cores, Scala 3.9.0 (cf820fa7); 3 rounds; WIDE: max/min 5.11x across rounds -- read as a rank
2026-09-08	bench-refresh	ManyProducersBenchmark	relaxed_elem  consumers=4  producers=1	427.8	us/op	-f 1, each class at its own declared @Warmup/@Measurement, 3 rounds, per-lane MINIMUM, sbt-free launcher (java -cp), one JVM per class	quiet box, 14 cores, Scala 3.9.0 (cf820fa7); 3 rounds; WIDE: max/min 1.35x across rounds -- read as a rank
2026-09-08	bench-refresh	ManyProducersBenchmark	relaxed_elem  consumers=4  producers=16	530.4	us/op	-f 1, each class at its own declared @Warmup/@Measurement, 3 rounds, per-lane MINIMUM, sbt-free launcher (java -cp), one JVM per class	quiet box, 14 cores, Scala 3.9.0 (cf820fa7); 3 rounds; WIDE: max/min 1.32x across rounds -- read as a rank
2026-09-08	bench-refresh	ManyProducersBenchmark	relaxed_elem  consumers=4  producers=4	510.4	us/op	-f 1, each class at its own declared @Warmup/@Measurement, 3 rounds, per-lane MINIMUM, sbt-free launcher (java -cp), one JVM per class	quiet box, 14 cores, Scala 3.9.0 (cf820fa7); 3 rounds
2026-09-08	bench-refresh	ManyProducersBenchmark	ringManyConsumers  consumers=1  producers=1	383.3	us/op	-f 1, each class at its own declared @Warmup/@Measurement, 3 rounds, per-lane MINIMUM, sbt-free launcher (java -cp), one JVM per class	quiet box, 14 cores, Scala 3.9.0 (cf820fa7); 3 rounds
2026-09-08	bench-refresh	ManyProducersBenchmark	ringManyConsumers  consumers=1  producers=16	2747	us/op	-f 1, each class at its own declared @Warmup/@Measurement, 3 rounds, per-lane MINIMUM, sbt-free launcher (java -cp), one JVM per class	quiet box, 14 cores, Scala 3.9.0 (cf820fa7); 3 rounds
2026-09-08	bench-refresh	ManyProducersBenchmark	ringManyConsumers  consumers=1  producers=4	1375	us/op	-f 1, each class at its own declared @Warmup/@Measurement, 3 rounds, per-lane MINIMUM, sbt-free launcher (java -cp), one JVM per class	quiet box, 14 cores, Scala 3.9.0 (cf820fa7); 3 rounds
2026-09-08	bench-refresh	ManyProducersBenchmark	ringManyConsumers  consumers=4  producers=1	1550	us/op	-f 1, each class at its own declared @Warmup/@Measurement, 3 rounds, per-lane MINIMUM, sbt-free launcher (java -cp), one JVM per class	quiet box, 14 cores, Scala 3.9.0 (cf820fa7); 3 rounds
2026-09-08	bench-refresh	ManyProducersBenchmark	ringManyConsumers  consumers=4  producers=16	4788	us/op	-f 1, each class at its own declared @Warmup/@Measurement, 3 rounds, per-lane MINIMUM, sbt-free launcher (java -cp), one JVM per class	quiet box, 14 cores, Scala 3.9.0 (cf820fa7); 3 rounds
2026-09-08	bench-refresh	ManyProducersBenchmark	ringManyConsumers  consumers=4  producers=4	2188	us/op	-f 1, each class at its own declared @Warmup/@Measurement, 3 rounds, per-lane MINIMUM, sbt-free launcher (java -cp), one JVM per class	quiet box, 14 cores, Scala 3.9.0 (cf820fa7); 3 rounds
2026-09-08	bench-refresh	ManyProducersBenchmark	zioQueue_chunk  consumers=1  producers=1	266.8	us/op	-f 1, each class at its own declared @Warmup/@Measurement, 3 rounds, per-lane MINIMUM, sbt-free launcher (java -cp), one JVM per class	quiet box, 14 cores, Scala 3.9.0 (cf820fa7); 3 rounds
2026-09-08	bench-refresh	ManyProducersBenchmark	zioQueue_chunk  consumers=1  producers=16	2694	us/op	-f 1, each class at its own declared @Warmup/@Measurement, 3 rounds, per-lane MINIMUM, sbt-free launcher (java -cp), one JVM per class	quiet box, 14 cores, Scala 3.9.0 (cf820fa7); 3 rounds
2026-09-08	bench-refresh	ManyProducersBenchmark	zioQueue_chunk  consumers=1  producers=4	1204	us/op	-f 1, each class at its own declared @Warmup/@Measurement, 3 rounds, per-lane MINIMUM, sbt-free launcher (java -cp), one JVM per class	quiet box, 14 cores, Scala 3.9.0 (cf820fa7); 3 rounds
2026-09-08	bench-refresh	ManyProducersBenchmark	zioQueue_chunk  consumers=4  producers=1	267.2	us/op	-f 1, each class at its own declared @Warmup/@Measurement, 3 rounds, per-lane MINIMUM, sbt-free launcher (java -cp), one JVM per class	quiet box, 14 cores, Scala 3.9.0 (cf820fa7); 3 rounds; WIDE: max/min 1.44x across rounds -- read as a rank
2026-09-08	bench-refresh	ManyProducersBenchmark	zioQueue_chunk  consumers=4  producers=16	2685	us/op	-f 1, each class at its own declared @Warmup/@Measurement, 3 rounds, per-lane MINIMUM, sbt-free launcher (java -cp), one JVM per class	quiet box, 14 cores, Scala 3.9.0 (cf820fa7); 3 rounds
2026-09-08	bench-refresh	ManyProducersBenchmark	zioQueue_chunk  consumers=4  producers=4	1203	us/op	-f 1, each class at its own declared @Warmup/@Measurement, 3 rounds, per-lane MINIMUM, sbt-free launcher (java -cp), one JVM per class	quiet box, 14 cores, Scala 3.9.0 (cf820fa7); 3 rounds
2026-09-08	bench-refresh	MergeBenchmark	fs2MergeChunkNative	98.92	us/op	-f 1, each class at its own declared @Warmup/@Measurement, 3 rounds, per-lane MINIMUM, sbt-free launcher (java -cp), one JVM per class	quiet box, 14 cores, Scala 3.9.0 (cf820fa7); 3 rounds
2026-09-08	bench-refresh	MergeBenchmark	fs2MergeSingletons	1.076e+04	us/op	-f 1, each class at its own declared @Warmup/@Measurement, 3 rounds, per-lane MINIMUM, sbt-free launcher (java -cp), one JVM per class	quiet box, 14 cores, Scala 3.9.0 (cf820fa7); 3 rounds
2026-09-08	bench-refresh	MergeBenchmark	okayChannelMerge	84.01	us/op	-f 1, each class at its own declared @Warmup/@Measurement, 3 rounds, per-lane MINIMUM, sbt-free launcher (java -cp), one JVM per class	quiet box, 14 cores, Scala 3.9.0 (cf820fa7); 3 rounds; WIDE: max/min 1.44x across rounds -- read as a rank
2026-09-08	bench-refresh	MergeBenchmark	okayChunksMerge	13.45	us/op	-f 1, each class at its own declared @Warmup/@Measurement, 3 rounds, per-lane MINIMUM, sbt-free launcher (java -cp), one JVM per class	quiet box, 14 cores, Scala 3.9.0 (cf820fa7); 3 rounds
2026-09-08	bench-refresh	MergeBenchmark	okaySourceMerge	130.5	us/op	-f 1, each class at its own declared @Warmup/@Measurement, 3 rounds, per-lane MINIMUM, sbt-free launcher (java -cp), one JVM per class	quiet box, 14 cores, Scala 3.9.0 (cf820fa7); 3 rounds
2026-09-08	bench-refresh	MergeBenchmark	okaySourceSingleDrain	49.42	us/op	-f 1, each class at its own declared @Warmup/@Measurement, 3 rounds, per-lane MINIMUM, sbt-free launcher (java -cp), one JVM per class	quiet box, 14 cores, Scala 3.9.0 (cf820fa7); 3 rounds
2026-09-08	bench-refresh	MergeBenchmark	rawLazyListDrain	13.38	us/op	-f 1, each class at its own declared @Warmup/@Measurement, 3 rounds, per-lane MINIMUM, sbt-free launcher (java -cp), one JVM per class	quiet box, 14 cores, Scala 3.9.0 (cf820fa7); 3 rounds
2026-09-08	bench-refresh	MergeBenchmark	zioMerge	51.8	us/op	-f 1, each class at its own declared @Warmup/@Measurement, 3 rounds, per-lane MINIMUM, sbt-free launcher (java -cp), one JVM per class	quiet box, 14 cores, Scala 3.9.0 (cf820fa7); 3 rounds; WIDE: max/min 1.51x across rounds -- read as a rank
2026-09-08	bench-refresh	RagBenchmark	indexFoldNoRefs	209.3	us/op	-f 1, each class at its own declared @Warmup/@Measurement, 3 rounds, per-lane MINIMUM, sbt-free launcher (java -cp), one JVM per class	quiet box, 14 cores, Scala 3.9.0 (cf820fa7); 3 rounds
2026-09-08	bench-refresh	RagBenchmark	indexFoldOnly	231.6	us/op	-f 1, each class at its own declared @Warmup/@Measurement, 3 rounds, per-lane MINIMUM, sbt-free launcher (java -cp), one JVM per class	quiet box, 14 cores, Scala 3.9.0 (cf820fa7); 3 rounds
2026-09-08	bench-refresh	RagBenchmark	indexFull	657.5	us/op	-f 1, each class at its own declared @Warmup/@Measurement, 3 rounds, per-lane MINIMUM, sbt-free launcher (java -cp), one JVM per class	quiet box, 14 cores, Scala 3.9.0 (cf820fa7); 3 rounds
2026-09-08	bench-refresh	RagBenchmark	indexFullPython	469.6	us/op	-f 1, each class at its own declared @Warmup/@Measurement, 3 rounds, per-lane MINIMUM, sbt-free launcher (java -cp), one JVM per class	quiet box, 14 cores, Scala 3.9.0 (cf820fa7); 3 rounds
2026-09-08	bench-refresh	RagBenchmark	indexKeyword	83.11	us/op	-f 1, each class at its own declared @Warmup/@Measurement, 3 rounds, per-lane MINIMUM, sbt-free launcher (java -cp), one JVM per class	quiet box, 14 cores, Scala 3.9.0 (cf820fa7); 3 rounds
2026-09-08	bench-refresh	RagBenchmark	indexParseOnly	413.1	us/op	-f 1, each class at its own declared @Warmup/@Measurement, 3 rounds, per-lane MINIMUM, sbt-free launcher (java -cp), one JVM per class	quiet box, 14 cores, Scala 3.9.0 (cf820fa7); 3 rounds
2026-09-08	bench-refresh	RagBenchmark	keywordTerms	39.18	us/op	-f 1, each class at its own declared @Warmup/@Measurement, 3 rounds, per-lane MINIMUM, sbt-free launcher (java -cp), one JVM per class	quiet box, 14 cores, Scala 3.9.0 (cf820fa7); 3 rounds
2026-09-08	bench-refresh	RagBenchmark	reindexEdit	113.9	us/op	-f 1, each class at its own declared @Warmup/@Measurement, 3 rounds, per-lane MINIMUM, sbt-free launcher (java -cp), one JVM per class	quiet box, 14 cores, Scala 3.9.0 (cf820fa7); 3 rounds
2026-09-08	bench-refresh	RagBenchmark	reindexFull	418.5	us/op	-f 1, each class at its own declared @Warmup/@Measurement, 3 rounds, per-lane MINIMUM, sbt-free launcher (java -cp), one JVM per class	quiet box, 14 cores, Scala 3.9.0 (cf820fa7); 3 rounds
2026-09-08	bench-refresh	RagBenchmark	retrieveAndAssemble	19.26	us/op	-f 1, each class at its own declared @Warmup/@Measurement, 3 rounds, per-lane MINIMUM, sbt-free launcher (java -cp), one JVM per class	quiet box, 14 cores, Scala 3.9.0 (cf820fa7); 3 rounds
2026-09-08	bench-refresh	RagBenchmark	retrieveHybrid	19.21	us/op	-f 1, each class at its own declared @Warmup/@Measurement, 3 rounds, per-lane MINIMUM, sbt-free launcher (java -cp), one JVM per class	quiet box, 14 cores, Scala 3.9.0 (cf820fa7); 3 rounds
2026-09-08	bench-refresh	RagBenchmark	retrieveKeyword	11.41	us/op	-f 1, each class at its own declared @Warmup/@Measurement, 3 rounds, per-lane MINIMUM, sbt-free launcher (java -cp), one JVM per class	quiet box, 14 cores, Scala 3.9.0 (cf820fa7); 3 rounds
2026-09-08	bench-refresh	RagBenchmark	retrieveSymbols	0.56	us/op	-f 1, each class at its own declared @Warmup/@Measurement, 3 rounds, per-lane MINIMUM, sbt-free launcher (java -cp), one JVM per class	quiet box, 14 cores, Scala 3.9.0 (cf820fa7); 3 rounds
2026-09-08	bench-refresh	RagBenchmark	searchVectors	379.3	us/op	-f 1, each class at its own declared @Warmup/@Measurement, 3 rounds, per-lane MINIMUM, sbt-free launcher (java -cp), one JVM per class	quiet box, 14 cores, Scala 3.9.0 (cf820fa7); 3 rounds
2026-09-08	bench-refresh	RagBenchmark	splitStructural	702.7	us/op	-f 1, each class at its own declared @Warmup/@Measurement, 3 rounds, per-lane MINIMUM, sbt-free launcher (java -cp), one JVM per class	quiet box, 14 cores, Scala 3.9.0 (cf820fa7); 3 rounds
2026-09-08	bench-refresh	RagBenchmark	splitWindows	329.9	us/op	-f 1, each class at its own declared @Warmup/@Measurement, 3 rounds, per-lane MINIMUM, sbt-free launcher (java -cp), one JVM per class	quiet box, 14 cores, Scala 3.9.0 (cf820fa7); 3 rounds
2026-09-08	bench-refresh	ReaderBenchmark	atnosReader	1460	us/op	-f 1, each class at its own declared @Warmup/@Measurement, 3 rounds, per-lane MINIMUM, sbt-free launcher (java -cp), one JVM per class	quiet box, 14 cores, Scala 3.9.0 (cf820fa7); 3 rounds
2026-09-08	bench-refresh	ReaderBenchmark	catsKleisli	343.3	us/op	-f 1, each class at its own declared @Warmup/@Measurement, 3 rounds, per-lane MINIMUM, sbt-free launcher (java -cp), one JVM per class	quiet box, 14 cores, Scala 3.9.0 (cf820fa7); 3 rounds
2026-09-08	bench-refresh	ReaderBenchmark	kyoEnv	3.679e+05	us/op	-f 1, each class at its own declared @Warmup/@Measurement, 3 rounds, per-lane MINIMUM, sbt-free launcher (java -cp), one JVM per class	quiet box, 14 cores, Scala 3.9.0 (cf820fa7); 3 rounds
2026-09-08	bench-refresh	ReaderBenchmark	kyoEnvRec	269.5	us/op	-f 1, each class at its own declared @Warmup/@Measurement, 3 rounds, per-lane MINIMUM, sbt-free launcher (java -cp), one JVM per class	quiet box, 14 cores, Scala 3.9.0 (cf820fa7); 3 rounds
2026-09-08	bench-refresh	ReaderBenchmark	okayCtxDirect	0.3416	us/op	-f 1, each class at its own declared @Warmup/@Measurement, 3 rounds, per-lane MINIMUM, sbt-free launcher (java -cp), one JVM per class	quiet box, 14 cores, Scala 3.9.0 (cf820fa7); 3 rounds
2026-09-08	bench-refresh	ReaderBenchmark	okayCtxMonad	4.383	us/op	-f 1, each class at its own declared @Warmup/@Measurement, 3 rounds, per-lane MINIMUM, sbt-free launcher (java -cp), one JVM per class	quiet box, 14 cores, Scala 3.9.0 (cf820fa7); 3 rounds
2026-09-08	bench-refresh	ReaderBenchmark	okayReader	115.2	us/op	-f 1, each class at its own declared @Warmup/@Measurement, 3 rounds, per-lane MINIMUM, sbt-free launcher (java -cp), one JVM per class	quiet box, 14 cores, Scala 3.9.0 (cf820fa7); 3 rounds
2026-09-08	bench-refresh	ReaderBenchmark	okayReaderRec	75.62	us/op	-f 1, each class at its own declared @Warmup/@Measurement, 3 rounds, per-lane MINIMUM, sbt-free launcher (java -cp), one JVM per class	quiet box, 14 cores, Scala 3.9.0 (cf820fa7); 3 rounds
2026-09-08	bench-refresh	ReaderBenchmark	zioService	260.2	us/op	-f 1, each class at its own declared @Warmup/@Measurement, 3 rounds, per-lane MINIMUM, sbt-free launcher (java -cp), one JVM per class	quiet box, 14 cores, Scala 3.9.0 (cf820fa7); 3 rounds
2026-09-08	bench-refresh	ResourceBenchmark	catsIOBracket	210.1	us/op	-f 1, each class at its own declared @Warmup/@Measurement, 3 rounds, per-lane MINIMUM, sbt-free launcher (java -cp), one JVM per class	quiet box, 14 cores, Scala 3.9.0 (cf820fa7); 3 rounds
2026-09-08	bench-refresh	ResourceBenchmark	kyoResource	7984	us/op	-f 1, each class at its own declared @Warmup/@Measurement, 3 rounds, per-lane MINIMUM, sbt-free launcher (java -cp), one JVM per class	quiet box, 14 cores, Scala 3.9.0 (cf820fa7); 3 rounds
2026-09-08	bench-refresh	ResourceBenchmark	kyoResourceRec	706.1	us/op	-f 1, each class at its own declared @Warmup/@Measurement, 3 rounds, per-lane MINIMUM, sbt-free launcher (java -cp), one JVM per class	quiet box, 14 cores, Scala 3.9.0 (cf820fa7); 3 rounds
2026-09-08	bench-refresh	ResourceBenchmark	okayBracket	27.2	us/op	-f 1, each class at its own declared @Warmup/@Measurement, 3 rounds, per-lane MINIMUM, sbt-free launcher (java -cp), one JVM per class	quiet box, 14 cores, Scala 3.9.0 (cf820fa7); 3 rounds
2026-09-08	bench-refresh	ResourceBenchmark	okayResource	22.44	us/op	-f 1, each class at its own declared @Warmup/@Measurement, 3 rounds, per-lane MINIMUM, sbt-free launcher (java -cp), one JVM per class	quiet box, 14 cores, Scala 3.9.0 (cf820fa7); 3 rounds
2026-09-08	bench-refresh	ResourceBenchmark	okayResourceRec	15.45	us/op	-f 1, each class at its own declared @Warmup/@Measurement, 3 rounds, per-lane MINIMUM, sbt-free launcher (java -cp), one JVM per class	quiet box, 14 cores, Scala 3.9.0 (cf820fa7); 3 rounds
2026-09-08	bench-refresh	ResourceBenchmark	zioAcquireRelease	117	us/op	-f 1, each class at its own declared @Warmup/@Measurement, 3 rounds, per-lane MINIMUM, sbt-free launcher (java -cp), one JVM per class	quiet box, 14 cores, Scala 3.9.0 (cf820fa7); 3 rounds
2026-09-08	bench-refresh	ScalingBenchmark	channelMerge  n=1000	175.2	us/op	-f 1, each class at its own declared @Warmup/@Measurement, 3 rounds, per-lane MINIMUM, sbt-free launcher (java -cp), one JVM per class	quiet box, 14 cores, Scala 3.9.0 (cf820fa7); 3 rounds
2026-09-08	bench-refresh	ScalingBenchmark	channelMerge  n=2000	337.4	us/op	-f 1, each class at its own declared @Warmup/@Measurement, 3 rounds, per-lane MINIMUM, sbt-free launcher (java -cp), one JVM per class	quiet box, 14 cores, Scala 3.9.0 (cf820fa7); 3 rounds; WIDE: max/min 1.52x across rounds -- read as a rank
2026-09-08	bench-refresh	ScalingBenchmark	channelMerge  n=250	45.36	us/op	-f 1, each class at its own declared @Warmup/@Measurement, 3 rounds, per-lane MINIMUM, sbt-free launcher (java -cp), one JVM per class	quiet box, 14 cores, Scala 3.9.0 (cf820fa7); 3 rounds; WIDE: max/min 1.46x across rounds -- read as a rank
2026-09-08	bench-refresh	ScalingBenchmark	channelMerge  n=500	81.13	us/op	-f 1, each class at its own declared @Warmup/@Measurement, 3 rounds, per-lane MINIMUM, sbt-free launcher (java -cp), one JVM per class	quiet box, 14 cores, Scala 3.9.0 (cf820fa7); 3 rounds; WIDE: max/min 1.57x across rounds -- read as a rank
2026-09-08	bench-refresh	ScalingBenchmark	rawLazyListDrain  n=1000	27.06	us/op	-f 1, each class at its own declared @Warmup/@Measurement, 3 rounds, per-lane MINIMUM, sbt-free launcher (java -cp), one JVM per class	quiet box, 14 cores, Scala 3.9.0 (cf820fa7); 3 rounds; WIDE: max/min 1.36x across rounds -- read as a rank
2026-09-08	bench-refresh	ScalingBenchmark	rawLazyListDrain  n=2000	50.64	us/op	-f 1, each class at its own declared @Warmup/@Measurement, 3 rounds, per-lane MINIMUM, sbt-free launcher (java -cp), one JVM per class	quiet box, 14 cores, Scala 3.9.0 (cf820fa7); 3 rounds
2026-09-08	bench-refresh	ScalingBenchmark	rawLazyListDrain  n=250	7.163	us/op	-f 1, each class at its own declared @Warmup/@Measurement, 3 rounds, per-lane MINIMUM, sbt-free launcher (java -cp), one JVM per class	quiet box, 14 cores, Scala 3.9.0 (cf820fa7); 3 rounds; WIDE: max/min 1.45x across rounds -- read as a rank
2026-09-08	bench-refresh	ScalingBenchmark	rawLazyListDrain  n=500	13.63	us/op	-f 1, each class at its own declared @Warmup/@Measurement, 3 rounds, per-lane MINIMUM, sbt-free launcher (java -cp), one JVM per class	quiet box, 14 cores, Scala 3.9.0 (cf820fa7); 3 rounds
2026-09-08	bench-refresh	ScalingBenchmark	sourceMerge  n=1000	245.7	us/op	-f 1, each class at its own declared @Warmup/@Measurement, 3 rounds, per-lane MINIMUM, sbt-free launcher (java -cp), one JVM per class	quiet box, 14 cores, Scala 3.9.0 (cf820fa7); 3 rounds
2026-09-08	bench-refresh	ScalingBenchmark	sourceMerge  n=2000	480.7	us/op	-f 1, each class at its own declared @Warmup/@Measurement, 3 rounds, per-lane MINIMUM, sbt-free launcher (java -cp), one JVM per class	quiet box, 14 cores, Scala 3.9.0 (cf820fa7); 3 rounds
2026-09-08	bench-refresh	ScalingBenchmark	sourceMerge  n=250	73	us/op	-f 1, each class at its own declared @Warmup/@Measurement, 3 rounds, per-lane MINIMUM, sbt-free launcher (java -cp), one JVM per class	quiet box, 14 cores, Scala 3.9.0 (cf820fa7); 3 rounds
2026-09-08	bench-refresh	ScalingBenchmark	sourceMerge  n=500	122.5	us/op	-f 1, each class at its own declared @Warmup/@Measurement, 3 rounds, per-lane MINIMUM, sbt-free launcher (java -cp), one JVM per class	quiet box, 14 cores, Scala 3.9.0 (cf820fa7); 3 rounds; WIDE: max/min 1.37x across rounds -- read as a rank
2026-09-08	bench-refresh	ScalingBenchmark	sourceSingleDrain  n=1000	93.32	us/op	-f 1, each class at its own declared @Warmup/@Measurement, 3 rounds, per-lane MINIMUM, sbt-free launcher (java -cp), one JVM per class	quiet box, 14 cores, Scala 3.9.0 (cf820fa7); 3 rounds
2026-09-08	bench-refresh	ScalingBenchmark	sourceSingleDrain  n=2000	207.5	us/op	-f 1, each class at its own declared @Warmup/@Measurement, 3 rounds, per-lane MINIMUM, sbt-free launcher (java -cp), one JVM per class	quiet box, 14 cores, Scala 3.9.0 (cf820fa7); 3 rounds
2026-09-08	bench-refresh	ScalingBenchmark	sourceSingleDrain  n=250	25.39	us/op	-f 1, each class at its own declared @Warmup/@Measurement, 3 rounds, per-lane MINIMUM, sbt-free launcher (java -cp), one JVM per class	quiet box, 14 cores, Scala 3.9.0 (cf820fa7); 3 rounds
2026-09-08	bench-refresh	ScalingBenchmark	sourceSingleDrain  n=500	49.16	us/op	-f 1, each class at its own declared @Warmup/@Measurement, 3 rounds, per-lane MINIMUM, sbt-free launcher (java -cp), one JVM per class	quiet box, 14 cores, Scala 3.9.0 (cf820fa7); 3 rounds
2026-09-08	bench-refresh	StreamOpsBenchmark	fs2Stream	1513	us/op	-f 1, each class at its own declared @Warmup/@Measurement, 3 rounds, per-lane MINIMUM, sbt-free launcher (java -cp), one JVM per class	quiet box, 14 cores, Scala 3.9.0 (cf820fa7); 3 rounds
2026-09-08	bench-refresh	StreamOpsBenchmark	fs2StreamEmits	21.38	us/op	-f 1, each class at its own declared @Warmup/@Measurement, 3 rounds, per-lane MINIMUM, sbt-free launcher (java -cp), one JVM per class	quiet box, 14 cores, Scala 3.9.0 (cf820fa7); 3 rounds; WIDE: max/min 1.46x across rounds -- read as a rank
2026-09-08	bench-refresh	StreamOpsBenchmark	kyoStream	273.3	us/op	-f 1, each class at its own declared @Warmup/@Measurement, 3 rounds, per-lane MINIMUM, sbt-free launcher (java -cp), one JVM per class	quiet box, 14 cores, Scala 3.9.0 (cf820fa7); 3 rounds
2026-09-08	bench-refresh	StreamOpsBenchmark	kyoStreamRange	64.05	us/op	-f 1, each class at its own declared @Warmup/@Measurement, 3 rounds, per-lane MINIMUM, sbt-free launcher (java -cp), one JVM per class	quiet box, 14 cores, Scala 3.9.0 (cf820fa7); 3 rounds; WIDE: max/min 1.26x across rounds -- read as a rank
2026-09-08	bench-refresh	StreamOpsBenchmark	okayChunks	23.78	us/op	-f 1, each class at its own declared @Warmup/@Measurement, 3 rounds, per-lane MINIMUM, sbt-free launcher (java -cp), one JVM per class	quiet box, 14 cores, Scala 3.9.0 (cf820fa7); 3 rounds; WIDE: max/min 1.25x across rounds -- read as a rank
2026-09-08	bench-refresh	StreamOpsBenchmark	okayChunksTransform	10.78	us/op	-f 1, each class at its own declared @Warmup/@Measurement, 3 rounds, per-lane MINIMUM, sbt-free launcher (java -cp), one JVM per class	quiet box, 14 cores, Scala 3.9.0 (cf820fa7); 3 rounds; WIDE: max/min 1.27x across rounds -- read as a rank
2026-09-08	bench-refresh	StreamOpsBenchmark	okayIterator	57.29	us/op	-f 1, each class at its own declared @Warmup/@Measurement, 3 rounds, per-lane MINIMUM, sbt-free launcher (java -cp), one JVM per class	quiet box, 14 cores, Scala 3.9.0 (cf820fa7); 3 rounds; WIDE: max/min 2.20x across rounds -- read as a rank
2026-09-08	bench-refresh	StreamOpsBenchmark	okayLazyList	167.5	us/op	-f 1, each class at its own declared @Warmup/@Measurement, 3 rounds, per-lane MINIMUM, sbt-free launcher (java -cp), one JVM per class	quiet box, 14 cores, Scala 3.9.0 (cf820fa7); 3 rounds; WIDE: max/min 1.34x across rounds -- read as a rank
2026-09-08	bench-refresh	StreamOpsBenchmark	okayProducer	188.1	us/op	-f 1, each class at its own declared @Warmup/@Measurement, 3 rounds, per-lane MINIMUM, sbt-free launcher (java -cp), one JVM per class	quiet box, 14 cores, Scala 3.9.0 (cf820fa7); 3 rounds; WIDE: max/min 1.37x across rounds -- read as a rank
2026-09-08	bench-refresh	StreamOpsBenchmark	okayStaged	1.661	us/op	-f 1, each class at its own declared @Warmup/@Measurement, 3 rounds, per-lane MINIMUM, sbt-free launcher (java -cp), one JVM per class	quiet box, 14 cores, Scala 3.9.0 (cf820fa7); 3 rounds; WIDE: max/min 1.37x across rounds -- read as a rank
2026-09-08	bench-refresh	StreamOpsBenchmark	stdIterator	14.72	us/op	-f 1, each class at its own declared @Warmup/@Measurement, 3 rounds, per-lane MINIMUM, sbt-free launcher (java -cp), one JVM per class	quiet box, 14 cores, Scala 3.9.0 (cf820fa7); 3 rounds
2026-09-08	bench-refresh	StreamOpsBenchmark	zioStream	672.8	us/op	-f 1, each class at its own declared @Warmup/@Measurement, 3 rounds, per-lane MINIMUM, sbt-free launcher (java -cp), one JVM per class	quiet box, 14 cores, Scala 3.9.0 (cf820fa7); 3 rounds
2026-09-08	bench-refresh	StreamOpsBenchmark	zioStreamRange	35.75	us/op	-f 1, each class at its own declared @Warmup/@Measurement, 3 rounds, per-lane MINIMUM, sbt-free launcher (java -cp), one JVM per class	quiet box, 14 cores, Scala 3.9.0 (cf820fa7); 3 rounds
2026-09-08	bench-refresh	TextBenchmark	bpeScan	185.6	us/op	-f 1, each class at its own declared @Warmup/@Measurement, 3 rounds, per-lane MINIMUM, sbt-free launcher (java -cp), one JVM per class	quiet box, 14 cores, Scala 3.9.0 (cf820fa7); 3 rounds
2026-09-08	bench-refresh	TextBenchmark	buildOnly	20.44	us/op	-f 1, each class at its own declared @Warmup/@Measurement, 3 rounds, per-lane MINIMUM, sbt-free launcher (java -cp), one JVM per class	quiet box, 14 cores, Scala 3.9.0 (cf820fa7); 3 rounds
2026-09-08	bench-refresh	TextBenchmark	circeRead	0.6889	us/op	-f 1, each class at its own declared @Warmup/@Measurement, 3 rounds, per-lane MINIMUM, sbt-free launcher (java -cp), one JVM per class	quiet box, 14 cores, Scala 3.9.0 (cf820fa7); 3 rounds
2026-09-08	bench-refresh	TextBenchmark	circeWrite	0.4121	us/op	-f 1, each class at its own declared @Warmup/@Measurement, 3 rounds, per-lane MINIMUM, sbt-free launcher (java -cp), one JVM per class	quiet box, 14 cores, Scala 3.9.0 (cf820fa7); 3 rounds
2026-09-08	bench-refresh	TextBenchmark	jsonDecode	0.4481	us/op	-f 1, each class at its own declared @Warmup/@Measurement, 3 rounds, per-lane MINIMUM, sbt-free launcher (java -cp), one JVM per class	quiet box, 14 cores, Scala 3.9.0 (cf820fa7); 3 rounds
2026-09-08	bench-refresh	TextBenchmark	jsonProject	0.3213	us/op	-f 1, each class at its own declared @Warmup/@Measurement, 3 rounds, per-lane MINIMUM, sbt-free launcher (java -cp), one JVM per class	quiet box, 14 cores, Scala 3.9.0 (cf820fa7); 3 rounds
2026-09-08	bench-refresh	TextBenchmark	jsonToCst	3.599	us/op	-f 1, each class at its own declared @Warmup/@Measurement, 3 rounds, per-lane MINIMUM, sbt-free launcher (java -cp), one JVM per class	quiet box, 14 cores, Scala 3.9.0 (cf820fa7); 3 rounds
2026-09-08	bench-refresh	TextBenchmark	lexChunked	57.96	us/op	-f 1, each class at its own declared @Warmup/@Measurement, 3 rounds, per-lane MINIMUM, sbt-free launcher (java -cp), one JVM per class	quiet box, 14 cores, Scala 3.9.0 (cf820fa7); 3 rounds
2026-09-08	bench-refresh	TextBenchmark	lexChunked512	57.09	us/op	-f 1, each class at its own declared @Warmup/@Measurement, 3 rounds, per-lane MINIMUM, sbt-free launcher (java -cp), one JVM per class	quiet box, 14 cores, Scala 3.9.0 (cf820fa7); 3 rounds
2026-09-08	bench-refresh	TextBenchmark	lexChunked8	72.86	us/op	-f 1, each class at its own declared @Warmup/@Measurement, 3 rounds, per-lane MINIMUM, sbt-free launcher (java -cp), one JVM per class	quiet box, 14 cores, Scala 3.9.0 (cf820fa7); 3 rounds
2026-09-08	bench-refresh	TextBenchmark	lexChunkedChars	57.29	us/op	-f 1, each class at its own declared @Warmup/@Measurement, 3 rounds, per-lane MINIMUM, sbt-free launcher (java -cp), one JVM per class	quiet box, 14 cores, Scala 3.9.0 (cf820fa7); 3 rounds
2026-09-08	bench-refresh	TextBenchmark	lexElementwise	48.87	us/op	-f 1, each class at its own declared @Warmup/@Measurement, 3 rounds, per-lane MINIMUM, sbt-free launcher (java -cp), one JVM per class	quiet box, 14 cores, Scala 3.9.0 (cf820fa7); 3 rounds
2026-09-08	bench-refresh	TextBenchmark	okayCborRead	1.017	us/op	-f 1, each class at its own declared @Warmup/@Measurement, 3 rounds, per-lane MINIMUM, sbt-free launcher (java -cp), one JVM per class	quiet box, 14 cores, Scala 3.9.0 (cf820fa7); 3 rounds
2026-09-08	bench-refresh	TextBenchmark	okayCborWrite	0.4692	us/op	-f 1, each class at its own declared @Warmup/@Measurement, 3 rounds, per-lane MINIMUM, sbt-free launcher (java -cp), one JVM per class	quiet box, 14 cores, Scala 3.9.0 (cf820fa7); 3 rounds
2026-09-08	bench-refresh	TextBenchmark	okayJsonRead	0.6574	us/op	-f 1, each class at its own declared @Warmup/@Measurement, 3 rounds, per-lane MINIMUM, sbt-free launcher (java -cp), one JVM per class	quiet box, 14 cores, Scala 3.9.0 (cf820fa7); 3 rounds
2026-09-08	bench-refresh	TextBenchmark	okayJsonWrite	0.4231	us/op	-f 1, each class at its own declared @Warmup/@Measurement, 3 rounds, per-lane MINIMUM, sbt-free launcher (java -cp), one JVM per class	quiet box, 14 cores, Scala 3.9.0 (cf820fa7); 3 rounds
2026-09-08	bench-refresh	TextBenchmark	parseFull	94.4	us/op	-f 1, each class at its own declared @Warmup/@Measurement, 3 rounds, per-lane MINIMUM, sbt-free launcher (java -cp), one JVM per class	quiet box, 14 cores, Scala 3.9.0 (cf820fa7); 3 rounds
2026-09-08	bench-refresh	TextBenchmark	reparseIncremental	42.94	us/op	-f 1, each class at its own declared @Warmup/@Measurement, 3 rounds, per-lane MINIMUM, sbt-free launcher (java -cp), one JVM per class	quiet box, 14 cores, Scala 3.9.0 (cf820fa7); 3 rounds
2026-09-08	bench-refresh	WriterBenchmark	atnosWriter	3386	us/op	-f 1, each class at its own declared @Warmup/@Measurement, 3 rounds, per-lane MINIMUM, sbt-free launcher (java -cp), one JVM per class	quiet box, 14 cores, Scala 3.9.0 (cf820fa7); 3 rounds
2026-09-08	bench-refresh	WriterBenchmark	catsWriterT	1212	us/op	-f 1, each class at its own declared @Warmup/@Measurement, 3 rounds, per-lane MINIMUM, sbt-free launcher (java -cp), one JVM per class	quiet box, 14 cores, Scala 3.9.0 (cf820fa7); 3 rounds
2026-09-08	bench-refresh	WriterBenchmark	kyoEmit	3.697e+05	us/op	-f 1, each class at its own declared @Warmup/@Measurement, 3 rounds, per-lane MINIMUM, sbt-free launcher (java -cp), one JVM per class	quiet box, 14 cores, Scala 3.9.0 (cf820fa7); 3 rounds
2026-09-08	bench-refresh	WriterBenchmark	kyoEmitRec	175.2	us/op	-f 1, each class at its own declared @Warmup/@Measurement, 3 rounds, per-lane MINIMUM, sbt-free launcher (java -cp), one JVM per class	quiet box, 14 cores, Scala 3.9.0 (cf820fa7); 3 rounds
2026-09-08	bench-refresh	WriterBenchmark	okayWriter	213.4	us/op	-f 1, each class at its own declared @Warmup/@Measurement, 3 rounds, per-lane MINIMUM, sbt-free launcher (java -cp), one JVM per class	quiet box, 14 cores, Scala 3.9.0 (cf820fa7); 3 rounds
2026-09-08	bench-refresh	WriterBenchmark	okayWriterRec	161.4	us/op	-f 1, each class at its own declared @Warmup/@Measurement, 3 rounds, per-lane MINIMUM, sbt-free launcher (java -cp), one JVM per class	quiet box, 14 cores, Scala 3.9.0 (cf820fa7); 3 rounds
2026-09-08	lane-fairness	AdversarialBenchmark	cancel1k_cats  shape=16x16  work=100	811.3	us/op	-f 1, class-declared @Warmup/@Measurement, 3 rounds, per-lane MINIMUM, sbt-free launcher, one JVM per class	quiet box 14 cores, AFTER the lane-fairness audit (capacities matched); 3 rounds
2026-09-08	lane-fairness	AdversarialBenchmark	cancel1k_cats  shape=16x16  work=10000	795.4	us/op	-f 1, class-declared @Warmup/@Measurement, 3 rounds, per-lane MINIMUM, sbt-free launcher, one JVM per class	quiet box 14 cores, AFTER the lane-fairness audit (capacities matched); 3 rounds
2026-09-08	lane-fairness	AdversarialBenchmark	cancel1k_cats  shape=4x4  work=100	811.5	us/op	-f 1, class-declared @Warmup/@Measurement, 3 rounds, per-lane MINIMUM, sbt-free launcher, one JVM per class	quiet box 14 cores, AFTER the lane-fairness audit (capacities matched); 3 rounds
2026-09-08	lane-fairness	AdversarialBenchmark	cancel1k_cats  shape=4x4  work=10000	821.8	us/op	-f 1, class-declared @Warmup/@Measurement, 3 rounds, per-lane MINIMUM, sbt-free launcher, one JVM per class	quiet box 14 cores, AFTER the lane-fairness audit (capacities matched); 3 rounds
2026-09-08	lane-fairness	AdversarialBenchmark	cancel1k_okay  shape=16x16  work=100	1126	us/op	-f 1, class-declared @Warmup/@Measurement, 3 rounds, per-lane MINIMUM, sbt-free launcher, one JVM per class	quiet box 14 cores, AFTER the lane-fairness audit (capacities matched); 3 rounds
2026-09-08	lane-fairness	AdversarialBenchmark	cancel1k_okay  shape=16x16  work=10000	1096	us/op	-f 1, class-declared @Warmup/@Measurement, 3 rounds, per-lane MINIMUM, sbt-free launcher, one JVM per class	quiet box 14 cores, AFTER the lane-fairness audit (capacities matched); 3 rounds
2026-09-08	lane-fairness	AdversarialBenchmark	cancel1k_okay  shape=4x4  work=100	1125	us/op	-f 1, class-declared @Warmup/@Measurement, 3 rounds, per-lane MINIMUM, sbt-free launcher, one JVM per class	quiet box 14 cores, AFTER the lane-fairness audit (capacities matched); 3 rounds
2026-09-08	lane-fairness	AdversarialBenchmark	cancel1k_okay  shape=4x4  work=10000	1122	us/op	-f 1, class-declared @Warmup/@Measurement, 3 rounds, per-lane MINIMUM, sbt-free launcher, one JVM per class	quiet box 14 cores, AFTER the lane-fairness audit (capacities matched); 3 rounds
2026-09-08	lane-fairness	AdversarialBenchmark	cancel1k_okayDrive  shape=16x16  work=100	605.9	us/op	-f 1, class-declared @Warmup/@Measurement, 3 rounds, per-lane MINIMUM, sbt-free launcher, one JVM per class	quiet box 14 cores, AFTER the lane-fairness audit (capacities matched); 3 rounds
2026-09-08	lane-fairness	AdversarialBenchmark	cancel1k_okayDrive  shape=16x16  work=10000	609.9	us/op	-f 1, class-declared @Warmup/@Measurement, 3 rounds, per-lane MINIMUM, sbt-free launcher, one JVM per class	quiet box 14 cores, AFTER the lane-fairness audit (capacities matched); 3 rounds
2026-09-08	lane-fairness	AdversarialBenchmark	cancel1k_okayDrive  shape=4x4  work=100	607.2	us/op	-f 1, class-declared @Warmup/@Measurement, 3 rounds, per-lane MINIMUM, sbt-free launcher, one JVM per class	quiet box 14 cores, AFTER the lane-fairness audit (capacities matched); 3 rounds
2026-09-08	lane-fairness	AdversarialBenchmark	cancel1k_okayDrive  shape=4x4  work=10000	592.3	us/op	-f 1, class-declared @Warmup/@Measurement, 3 rounds, per-lane MINIMUM, sbt-free launcher, one JVM per class	quiet box 14 cores, AFTER the lane-fairness audit (capacities matched); 3 rounds
2026-09-08	lane-fairness	AdversarialBenchmark	cancel1k_okayOwn  shape=16x16  work=100	778.8	us/op	-f 1, class-declared @Warmup/@Measurement, 3 rounds, per-lane MINIMUM, sbt-free launcher, one JVM per class	quiet box 14 cores, AFTER the lane-fairness audit (capacities matched); 3 rounds
2026-09-08	lane-fairness	AdversarialBenchmark	cancel1k_okayOwn  shape=16x16  work=10000	779.2	us/op	-f 1, class-declared @Warmup/@Measurement, 3 rounds, per-lane MINIMUM, sbt-free launcher, one JVM per class	quiet box 14 cores, AFTER the lane-fairness audit (capacities matched); 3 rounds
2026-09-08	lane-fairness	AdversarialBenchmark	cancel1k_okayOwn  shape=4x4  work=100	783.5	us/op	-f 1, class-declared @Warmup/@Measurement, 3 rounds, per-lane MINIMUM, sbt-free launcher, one JVM per class	quiet box 14 cores, AFTER the lane-fairness audit (capacities matched); 3 rounds
2026-09-08	lane-fairness	AdversarialBenchmark	cancel1k_okayOwn  shape=4x4  work=10000	772.6	us/op	-f 1, class-declared @Warmup/@Measurement, 3 rounds, per-lane MINIMUM, sbt-free launcher, one JVM per class	quiet box 14 cores, AFTER the lane-fairness audit (capacities matched); 3 rounds
2026-09-08	lane-fairness	AdversarialBenchmark	cancel1k_zio  shape=16x16  work=100	930.2	us/op	-f 1, class-declared @Warmup/@Measurement, 3 rounds, per-lane MINIMUM, sbt-free launcher, one JVM per class	quiet box 14 cores, AFTER the lane-fairness audit (capacities matched); 3 rounds
2026-09-08	lane-fairness	AdversarialBenchmark	cancel1k_zio  shape=16x16  work=10000	994.9	us/op	-f 1, class-declared @Warmup/@Measurement, 3 rounds, per-lane MINIMUM, sbt-free launcher, one JVM per class	quiet box 14 cores, AFTER the lane-fairness audit (capacities matched); 3 rounds
2026-09-08	lane-fairness	AdversarialBenchmark	cancel1k_zio  shape=4x4  work=100	917.7	us/op	-f 1, class-declared @Warmup/@Measurement, 3 rounds, per-lane MINIMUM, sbt-free launcher, one JVM per class	quiet box 14 cores, AFTER the lane-fairness audit (capacities matched); 3 rounds
2026-09-08	lane-fairness	AdversarialBenchmark	cancel1k_zio  shape=4x4  work=10000	900.1	us/op	-f 1, class-declared @Warmup/@Measurement, 3 rounds, per-lane MINIMUM, sbt-free launcher, one JVM per class	quiet box 14 cores, AFTER the lane-fairness audit (capacities matched); 3 rounds
2026-09-08	lane-fairness	AdversarialBenchmark	forkJoin10k_cats  shape=16x16  work=100	2688	us/op	-f 1, class-declared @Warmup/@Measurement, 3 rounds, per-lane MINIMUM, sbt-free launcher, one JVM per class	quiet box 14 cores, AFTER the lane-fairness audit (capacities matched); 3 rounds
2026-09-08	lane-fairness	AdversarialBenchmark	forkJoin10k_cats  shape=16x16  work=10000	4548	us/op	-f 1, class-declared @Warmup/@Measurement, 3 rounds, per-lane MINIMUM, sbt-free launcher, one JVM per class	quiet box 14 cores, AFTER the lane-fairness audit (capacities matched); 3 rounds; WIDE max/min 1.46x -- read as a rank
2026-09-08	lane-fairness	AdversarialBenchmark	forkJoin10k_cats  shape=4x4  work=100	2790	us/op	-f 1, class-declared @Warmup/@Measurement, 3 rounds, per-lane MINIMUM, sbt-free launcher, one JVM per class	quiet box 14 cores, AFTER the lane-fairness audit (capacities matched); 3 rounds; WIDE max/min 1.58x -- read as a rank
2026-09-08	lane-fairness	AdversarialBenchmark	forkJoin10k_cats  shape=4x4  work=10000	4471	us/op	-f 1, class-declared @Warmup/@Measurement, 3 rounds, per-lane MINIMUM, sbt-free launcher, one JVM per class	quiet box 14 cores, AFTER the lane-fairness audit (capacities matched); 3 rounds
2026-09-08	lane-fairness	AdversarialBenchmark	forkJoin10k_kyo  shape=16x16  work=100	904.3	us/op	-f 1, class-declared @Warmup/@Measurement, 3 rounds, per-lane MINIMUM, sbt-free launcher, one JVM per class	quiet box 14 cores, AFTER the lane-fairness audit (capacities matched); 3 rounds
2026-09-08	lane-fairness	AdversarialBenchmark	forkJoin10k_kyo  shape=16x16  work=10000	2.61e+04	us/op	-f 1, class-declared @Warmup/@Measurement, 3 rounds, per-lane MINIMUM, sbt-free launcher, one JVM per class	quiet box 14 cores, AFTER the lane-fairness audit (capacities matched); 3 rounds
2026-09-08	lane-fairness	AdversarialBenchmark	forkJoin10k_kyo  shape=4x4  work=100	907.1	us/op	-f 1, class-declared @Warmup/@Measurement, 3 rounds, per-lane MINIMUM, sbt-free launcher, one JVM per class	quiet box 14 cores, AFTER the lane-fairness audit (capacities matched); 3 rounds
2026-09-08	lane-fairness	AdversarialBenchmark	forkJoin10k_kyo  shape=4x4  work=10000	2.674e+04	us/op	-f 1, class-declared @Warmup/@Measurement, 3 rounds, per-lane MINIMUM, sbt-free launcher, one JVM per class	quiet box 14 cores, AFTER the lane-fairness audit (capacities matched); 3 rounds
2026-09-08	lane-fairness	AdversarialBenchmark	forkJoin10k_kyoEager  shape=16x16  work=100	901.8	us/op	-f 1, class-declared @Warmup/@Measurement, 3 rounds, per-lane MINIMUM, sbt-free launcher, one JVM per class	quiet box 14 cores, AFTER the lane-fairness audit (capacities matched); 3 rounds
2026-09-08	lane-fairness	AdversarialBenchmark	forkJoin10k_kyoEager  shape=16x16  work=10000	3.039e+04	us/op	-f 1, class-declared @Warmup/@Measurement, 3 rounds, per-lane MINIMUM, sbt-free launcher, one JVM per class	quiet box 14 cores, AFTER the lane-fairness audit (capacities matched); 3 rounds
2026-09-08	lane-fairness	AdversarialBenchmark	forkJoin10k_kyoEager  shape=4x4  work=100	853.4	us/op	-f 1, class-declared @Warmup/@Measurement, 3 rounds, per-lane MINIMUM, sbt-free launcher, one JVM per class	quiet box 14 cores, AFTER the lane-fairness audit (capacities matched); 3 rounds
2026-09-08	lane-fairness	AdversarialBenchmark	forkJoin10k_kyoEager  shape=4x4  work=10000	2.898e+04	us/op	-f 1, class-declared @Warmup/@Measurement, 3 rounds, per-lane MINIMUM, sbt-free launcher, one JVM per class	quiet box 14 cores, AFTER the lane-fairness audit (capacities matched); 3 rounds
2026-09-08	lane-fairness	AdversarialBenchmark	forkJoin10k_kyoOutside  shape=16x16  work=100	3.421e+04	us/op	-f 1, class-declared @Warmup/@Measurement, 3 rounds, per-lane MINIMUM, sbt-free launcher, one JVM per class	quiet box 14 cores, AFTER the lane-fairness audit (capacities matched); 3 rounds
2026-09-08	lane-fairness	AdversarialBenchmark	forkJoin10k_kyoOutside  shape=16x16  work=10000	3.735e+04	us/op	-f 1, class-declared @Warmup/@Measurement, 3 rounds, per-lane MINIMUM, sbt-free launcher, one JVM per class	quiet box 14 cores, AFTER the lane-fairness audit (capacities matched); 3 rounds
2026-09-08	lane-fairness	AdversarialBenchmark	forkJoin10k_kyoOutside  shape=4x4  work=100	3.403e+04	us/op	-f 1, class-declared @Warmup/@Measurement, 3 rounds, per-lane MINIMUM, sbt-free launcher, one JVM per class	quiet box 14 cores, AFTER the lane-fairness audit (capacities matched); 3 rounds
2026-09-08	lane-fairness	AdversarialBenchmark	forkJoin10k_kyoOutside  shape=4x4  work=10000	3.781e+04	us/op	-f 1, class-declared @Warmup/@Measurement, 3 rounds, per-lane MINIMUM, sbt-free launcher, one JVM per class	quiet box 14 cores, AFTER the lane-fairness audit (capacities matched); 3 rounds
2026-09-08	lane-fairness	AdversarialBenchmark	forkJoin10k_okay  shape=16x16  work=100	2721	us/op	-f 1, class-declared @Warmup/@Measurement, 3 rounds, per-lane MINIMUM, sbt-free launcher, one JVM per class	quiet box 14 cores, AFTER the lane-fairness audit (capacities matched); 3 rounds
2026-09-08	lane-fairness	AdversarialBenchmark	forkJoin10k_okay  shape=16x16  work=10000	4062	us/op	-f 1, class-declared @Warmup/@Measurement, 3 rounds, per-lane MINIMUM, sbt-free launcher, one JVM per class	quiet box 14 cores, AFTER the lane-fairness audit (capacities matched); 3 rounds
2026-09-08	lane-fairness	AdversarialBenchmark	forkJoin10k_okay  shape=4x4  work=100	1980	us/op	-f 1, class-declared @Warmup/@Measurement, 3 rounds, per-lane MINIMUM, sbt-free launcher, one JVM per class	quiet box 14 cores, AFTER the lane-fairness audit (capacities matched); 3 rounds; WIDE max/min 1.40x -- read as a rank
2026-09-08	lane-fairness	AdversarialBenchmark	forkJoin10k_okay  shape=4x4  work=10000	4218	us/op	-f 1, class-declared @Warmup/@Measurement, 3 rounds, per-lane MINIMUM, sbt-free launcher, one JVM per class	quiet box 14 cores, AFTER the lane-fairness audit (capacities matched); 3 rounds
2026-09-08	lane-fairness	AdversarialBenchmark	forkJoin10k_okayDrive  shape=16x16  work=100	2214	us/op	-f 1, class-declared @Warmup/@Measurement, 3 rounds, per-lane MINIMUM, sbt-free launcher, one JVM per class	quiet box 14 cores, AFTER the lane-fairness audit (capacities matched); 3 rounds
2026-09-08	lane-fairness	AdversarialBenchmark	forkJoin10k_okayDrive  shape=16x16  work=10000	3450	us/op	-f 1, class-declared @Warmup/@Measurement, 3 rounds, per-lane MINIMUM, sbt-free launcher, one JVM per class	quiet box 14 cores, AFTER the lane-fairness audit (capacities matched); 3 rounds
2026-09-08	lane-fairness	AdversarialBenchmark	forkJoin10k_okayDrive  shape=4x4  work=100	2267	us/op	-f 1, class-declared @Warmup/@Measurement, 3 rounds, per-lane MINIMUM, sbt-free launcher, one JVM per class	quiet box 14 cores, AFTER the lane-fairness audit (capacities matched); 3 rounds
2026-09-08	lane-fairness	AdversarialBenchmark	forkJoin10k_okayDrive  shape=4x4  work=10000	3672	us/op	-f 1, class-declared @Warmup/@Measurement, 3 rounds, per-lane MINIMUM, sbt-free launcher, one JVM per class	quiet box 14 cores, AFTER the lane-fairness audit (capacities matched); 3 rounds
2026-09-08	lane-fairness	AdversarialBenchmark	forkJoin10k_okayDriveInside  shape=16x16  work=100	781.4	us/op	-f 1, class-declared @Warmup/@Measurement, 3 rounds, per-lane MINIMUM, sbt-free launcher, one JVM per class	quiet box 14 cores, AFTER the lane-fairness audit (capacities matched); 3 rounds
2026-09-08	lane-fairness	AdversarialBenchmark	forkJoin10k_okayDriveInside  shape=16x16  work=10000	3264	us/op	-f 1, class-declared @Warmup/@Measurement, 3 rounds, per-lane MINIMUM, sbt-free launcher, one JVM per class	quiet box 14 cores, AFTER the lane-fairness audit (capacities matched); 3 rounds
2026-09-08	lane-fairness	AdversarialBenchmark	forkJoin10k_okayDriveInside  shape=4x4  work=100	798.6	us/op	-f 1, class-declared @Warmup/@Measurement, 3 rounds, per-lane MINIMUM, sbt-free launcher, one JVM per class	quiet box 14 cores, AFTER the lane-fairness audit (capacities matched); 3 rounds
2026-09-08	lane-fairness	AdversarialBenchmark	forkJoin10k_okayDriveInside  shape=4x4  work=10000	3202	us/op	-f 1, class-declared @Warmup/@Measurement, 3 rounds, per-lane MINIMUM, sbt-free launcher, one JVM per class	quiet box 14 cores, AFTER the lane-fairness audit (capacities matched); 3 rounds
2026-09-08	lane-fairness	AdversarialBenchmark	forkJoin10k_okayOwn  shape=16x16  work=100	3594	us/op	-f 1, class-declared @Warmup/@Measurement, 3 rounds, per-lane MINIMUM, sbt-free launcher, one JVM per class	quiet box 14 cores, AFTER the lane-fairness audit (capacities matched); 3 rounds
2026-09-08	lane-fairness	AdversarialBenchmark	forkJoin10k_okayOwn  shape=16x16  work=10000	2876	us/op	-f 1, class-declared @Warmup/@Measurement, 3 rounds, per-lane MINIMUM, sbt-free launcher, one JVM per class	quiet box 14 cores, AFTER the lane-fairness audit (capacities matched); 3 rounds
2026-09-08	lane-fairness	AdversarialBenchmark	forkJoin10k_okayOwn  shape=4x4  work=100	3383	us/op	-f 1, class-declared @Warmup/@Measurement, 3 rounds, per-lane MINIMUM, sbt-free launcher, one JVM per class	quiet box 14 cores, AFTER the lane-fairness audit (capacities matched); 3 rounds
2026-09-08	lane-fairness	AdversarialBenchmark	forkJoin10k_okayOwn  shape=4x4  work=10000	2808	us/op	-f 1, class-declared @Warmup/@Measurement, 3 rounds, per-lane MINIMUM, sbt-free launcher, one JVM per class	quiet box 14 cores, AFTER the lane-fairness audit (capacities matched); 3 rounds
2026-09-08	lane-fairness	AdversarialBenchmark	forkJoin10k_okayOwnInside  shape=16x16  work=100	763.1	us/op	-f 1, class-declared @Warmup/@Measurement, 3 rounds, per-lane MINIMUM, sbt-free launcher, one JVM per class	quiet box 14 cores, AFTER the lane-fairness audit (capacities matched); 3 rounds
2026-09-08	lane-fairness	AdversarialBenchmark	forkJoin10k_okayOwnInside  shape=16x16  work=10000	3239	us/op	-f 1, class-declared @Warmup/@Measurement, 3 rounds, per-lane MINIMUM, sbt-free launcher, one JVM per class	quiet box 14 cores, AFTER the lane-fairness audit (capacities matched); 3 rounds
2026-09-08	lane-fairness	AdversarialBenchmark	forkJoin10k_okayOwnInside  shape=4x4  work=100	727.7	us/op	-f 1, class-declared @Warmup/@Measurement, 3 rounds, per-lane MINIMUM, sbt-free launcher, one JVM per class	quiet box 14 cores, AFTER the lane-fairness audit (capacities matched); 3 rounds
2026-09-08	lane-fairness	AdversarialBenchmark	forkJoin10k_okayOwnInside  shape=4x4  work=10000	3260	us/op	-f 1, class-declared @Warmup/@Measurement, 3 rounds, per-lane MINIMUM, sbt-free launcher, one JVM per class	quiet box 14 cores, AFTER the lane-fairness audit (capacities matched); 3 rounds
2026-09-08	lane-fairness	AdversarialBenchmark	forkJoin10k_okayOwnLongInside  shape=16x16  work=100	2651	us/op	-f 1, class-declared @Warmup/@Measurement, 3 rounds, per-lane MINIMUM, sbt-free launcher, one JVM per class	quiet box 14 cores, AFTER the lane-fairness audit (capacities matched); 3 rounds
2026-09-08	lane-fairness	AdversarialBenchmark	forkJoin10k_okayOwnLongInside  shape=16x16  work=10000	3165	us/op	-f 1, class-declared @Warmup/@Measurement, 3 rounds, per-lane MINIMUM, sbt-free launcher, one JVM per class	quiet box 14 cores, AFTER the lane-fairness audit (capacities matched); 3 rounds
2026-09-08	lane-fairness	AdversarialBenchmark	forkJoin10k_okayOwnLongInside  shape=4x4  work=100	2552	us/op	-f 1, class-declared @Warmup/@Measurement, 3 rounds, per-lane MINIMUM, sbt-free launcher, one JVM per class	quiet box 14 cores, AFTER the lane-fairness audit (capacities matched); 3 rounds
2026-09-08	lane-fairness	AdversarialBenchmark	forkJoin10k_okayOwnLongInside  shape=4x4  work=10000	3244	us/op	-f 1, class-declared @Warmup/@Measurement, 3 rounds, per-lane MINIMUM, sbt-free launcher, one JVM per class	quiet box 14 cores, AFTER the lane-fairness audit (capacities matched); 3 rounds
2026-09-08	lane-fairness	AdversarialBenchmark	forkJoin10k_okayOwnShortInside  shape=16x16  work=100	727.9	us/op	-f 1, class-declared @Warmup/@Measurement, 3 rounds, per-lane MINIMUM, sbt-free launcher, one JVM per class	quiet box 14 cores, AFTER the lane-fairness audit (capacities matched); 3 rounds
2026-09-08	lane-fairness	AdversarialBenchmark	forkJoin10k_okayOwnShortInside  shape=16x16  work=10000	2.789e+04	us/op	-f 1, class-declared @Warmup/@Measurement, 3 rounds, per-lane MINIMUM, sbt-free launcher, one JVM per class	quiet box 14 cores, AFTER the lane-fairness audit (capacities matched); 3 rounds
2026-09-08	lane-fairness	AdversarialBenchmark	forkJoin10k_okayOwnShortInside  shape=4x4  work=100	709.2	us/op	-f 1, class-declared @Warmup/@Measurement, 3 rounds, per-lane MINIMUM, sbt-free launcher, one JVM per class	quiet box 14 cores, AFTER the lane-fairness audit (capacities matched); 3 rounds
2026-09-08	lane-fairness	AdversarialBenchmark	forkJoin10k_okayOwnShortInside  shape=4x4  work=10000	2.781e+04	us/op	-f 1, class-declared @Warmup/@Measurement, 3 rounds, per-lane MINIMUM, sbt-free launcher, one JVM per class	quiet box 14 cores, AFTER the lane-fairness audit (capacities matched); 3 rounds
2026-09-08	lane-fairness	AdversarialBenchmark	forkJoin10k_okayPool  shape=16x16  work=100	2256	us/op	-f 1, class-declared @Warmup/@Measurement, 3 rounds, per-lane MINIMUM, sbt-free launcher, one JVM per class	quiet box 14 cores, AFTER the lane-fairness audit (capacities matched); 3 rounds
2026-09-08	lane-fairness	AdversarialBenchmark	forkJoin10k_okayPool  shape=16x16  work=10000	3598	us/op	-f 1, class-declared @Warmup/@Measurement, 3 rounds, per-lane MINIMUM, sbt-free launcher, one JVM per class	quiet box 14 cores, AFTER the lane-fairness audit (capacities matched); 3 rounds
2026-09-08	lane-fairness	AdversarialBenchmark	forkJoin10k_okayPool  shape=4x4  work=100	2246	us/op	-f 1, class-declared @Warmup/@Measurement, 3 rounds, per-lane MINIMUM, sbt-free launcher, one JVM per class	quiet box 14 cores, AFTER the lane-fairness audit (capacities matched); 3 rounds
2026-09-08	lane-fairness	AdversarialBenchmark	forkJoin10k_okayPool  shape=4x4  work=10000	3567	us/op	-f 1, class-declared @Warmup/@Measurement, 3 rounds, per-lane MINIMUM, sbt-free launcher, one JVM per class	quiet box 14 cores, AFTER the lane-fairness audit (capacities matched); 3 rounds
2026-09-08	lane-fairness	AdversarialBenchmark	forkJoin10k_rawLoom  shape=16x16  work=100	2659	us/op	-f 1, class-declared @Warmup/@Measurement, 3 rounds, per-lane MINIMUM, sbt-free launcher, one JVM per class	quiet box 14 cores, AFTER the lane-fairness audit (capacities matched); 3 rounds
2026-09-08	lane-fairness	AdversarialBenchmark	forkJoin10k_rawLoom  shape=16x16  work=10000	4185	us/op	-f 1, class-declared @Warmup/@Measurement, 3 rounds, per-lane MINIMUM, sbt-free launcher, one JVM per class	quiet box 14 cores, AFTER the lane-fairness audit (capacities matched); 3 rounds
2026-09-08	lane-fairness	AdversarialBenchmark	forkJoin10k_rawLoom  shape=4x4  work=100	2646	us/op	-f 1, class-declared @Warmup/@Measurement, 3 rounds, per-lane MINIMUM, sbt-free launcher, one JVM per class	quiet box 14 cores, AFTER the lane-fairness audit (capacities matched); 3 rounds
2026-09-08	lane-fairness	AdversarialBenchmark	forkJoin10k_rawLoom  shape=4x4  work=10000	4249	us/op	-f 1, class-declared @Warmup/@Measurement, 3 rounds, per-lane MINIMUM, sbt-free launcher, one JVM per class	quiet box 14 cores, AFTER the lane-fairness audit (capacities matched); 3 rounds
2026-09-08	lane-fairness	AdversarialBenchmark	forkJoin10k_zio  shape=16x16  work=100	3422	us/op	-f 1, class-declared @Warmup/@Measurement, 3 rounds, per-lane MINIMUM, sbt-free launcher, one JVM per class	quiet box 14 cores, AFTER the lane-fairness audit (capacities matched); 3 rounds
2026-09-08	lane-fairness	AdversarialBenchmark	forkJoin10k_zio  shape=16x16  work=10000	4941	us/op	-f 1, class-declared @Warmup/@Measurement, 3 rounds, per-lane MINIMUM, sbt-free launcher, one JVM per class	quiet box 14 cores, AFTER the lane-fairness audit (capacities matched); 3 rounds
2026-09-08	lane-fairness	AdversarialBenchmark	forkJoin10k_zio  shape=4x4  work=100	3367	us/op	-f 1, class-declared @Warmup/@Measurement, 3 rounds, per-lane MINIMUM, sbt-free launcher, one JVM per class	quiet box 14 cores, AFTER the lane-fairness audit (capacities matched); 3 rounds
2026-09-08	lane-fairness	AdversarialBenchmark	forkJoin10k_zio  shape=4x4  work=10000	4933	us/op	-f 1, class-declared @Warmup/@Measurement, 3 rounds, per-lane MINIMUM, sbt-free launcher, one JVM per class	quiet box 14 cores, AFTER the lane-fairness audit (capacities matched); 3 rounds
2026-09-08	lane-fairness	AdversarialBenchmark	manyToMany_cats  shape=16x16  work=100	8682	us/op	-f 1, class-declared @Warmup/@Measurement, 3 rounds, per-lane MINIMUM, sbt-free launcher, one JVM per class	quiet box 14 cores, AFTER the lane-fairness audit (capacities matched); 3 rounds
2026-09-08	lane-fairness	AdversarialBenchmark	manyToMany_cats  shape=16x16  work=10000	8775	us/op	-f 1, class-declared @Warmup/@Measurement, 3 rounds, per-lane MINIMUM, sbt-free launcher, one JVM per class	quiet box 14 cores, AFTER the lane-fairness audit (capacities matched); 3 rounds
2026-09-08	lane-fairness	AdversarialBenchmark	manyToMany_cats  shape=4x4  work=100	4260	us/op	-f 1, class-declared @Warmup/@Measurement, 3 rounds, per-lane MINIMUM, sbt-free launcher, one JVM per class	quiet box 14 cores, AFTER the lane-fairness audit (capacities matched); 3 rounds
2026-09-08	lane-fairness	AdversarialBenchmark	manyToMany_cats  shape=4x4  work=10000	4253	us/op	-f 1, class-declared @Warmup/@Measurement, 3 rounds, per-lane MINIMUM, sbt-free launcher, one JVM per class	quiet box 14 cores, AFTER the lane-fairness audit (capacities matched); 3 rounds
2026-09-08	lane-fairness	AdversarialBenchmark	manyToMany_okay  shape=16x16  work=100	9199	us/op	-f 1, class-declared @Warmup/@Measurement, 3 rounds, per-lane MINIMUM, sbt-free launcher, one JVM per class	quiet box 14 cores, AFTER the lane-fairness audit (capacities matched); 3 rounds
2026-09-08	lane-fairness	AdversarialBenchmark	manyToMany_okay  shape=16x16  work=10000	9024	us/op	-f 1, class-declared @Warmup/@Measurement, 3 rounds, per-lane MINIMUM, sbt-free launcher, one JVM per class	quiet box 14 cores, AFTER the lane-fairness audit (capacities matched); 3 rounds
2026-09-08	lane-fairness	AdversarialBenchmark	manyToMany_okay  shape=4x4  work=100	4720	us/op	-f 1, class-declared @Warmup/@Measurement, 3 rounds, per-lane MINIMUM, sbt-free launcher, one JVM per class	quiet box 14 cores, AFTER the lane-fairness audit (capacities matched); 3 rounds
2026-09-08	lane-fairness	AdversarialBenchmark	manyToMany_okay  shape=4x4  work=10000	4755	us/op	-f 1, class-declared @Warmup/@Measurement, 3 rounds, per-lane MINIMUM, sbt-free launcher, one JVM per class	quiet box 14 cores, AFTER the lane-fairness audit (capacities matched); 3 rounds
2026-09-08	lane-fairness	AdversarialBenchmark	manyToMany_okayAdaptive  shape=16x16  work=100	2256	us/op	-f 1, class-declared @Warmup/@Measurement, 3 rounds, per-lane MINIMUM, sbt-free launcher, one JVM per class	quiet box 14 cores, AFTER the lane-fairness audit (capacities matched); 3 rounds
2026-09-08	lane-fairness	AdversarialBenchmark	manyToMany_okayAdaptive  shape=16x16  work=10000	2242	us/op	-f 1, class-declared @Warmup/@Measurement, 3 rounds, per-lane MINIMUM, sbt-free launcher, one JVM per class	quiet box 14 cores, AFTER the lane-fairness audit (capacities matched); 3 rounds
2026-09-08	lane-fairness	AdversarialBenchmark	manyToMany_okayAdaptive  shape=4x4  work=100	2986	us/op	-f 1, class-declared @Warmup/@Measurement, 3 rounds, per-lane MINIMUM, sbt-free launcher, one JVM per class	quiet box 14 cores, AFTER the lane-fairness audit (capacities matched); 3 rounds
2026-09-08	lane-fairness	AdversarialBenchmark	manyToMany_okayAdaptive  shape=4x4  work=10000	2940	us/op	-f 1, class-declared @Warmup/@Measurement, 3 rounds, per-lane MINIMUM, sbt-free launcher, one JVM per class	quiet box 14 cores, AFTER the lane-fairness audit (capacities matched); 3 rounds
2026-09-08	lane-fairness	AdversarialBenchmark	manyToMany_zio  shape=16x16  work=100	6723	us/op	-f 1, class-declared @Warmup/@Measurement, 3 rounds, per-lane MINIMUM, sbt-free launcher, one JVM per class	quiet box 14 cores, AFTER the lane-fairness audit (capacities matched); 3 rounds
2026-09-08	lane-fairness	AdversarialBenchmark	manyToMany_zio  shape=16x16  work=10000	6612	us/op	-f 1, class-declared @Warmup/@Measurement, 3 rounds, per-lane MINIMUM, sbt-free launcher, one JVM per class	quiet box 14 cores, AFTER the lane-fairness audit (capacities matched); 3 rounds
2026-09-08	lane-fairness	AdversarialBenchmark	manyToMany_zio  shape=4x4  work=100	3076	us/op	-f 1, class-declared @Warmup/@Measurement, 3 rounds, per-lane MINIMUM, sbt-free launcher, one JVM per class	quiet box 14 cores, AFTER the lane-fairness audit (capacities matched); 3 rounds
2026-09-08	lane-fairness	AdversarialBenchmark	manyToMany_zio  shape=4x4  work=10000	3077	us/op	-f 1, class-declared @Warmup/@Measurement, 3 rounds, per-lane MINIMUM, sbt-free launcher, one JVM per class	quiet box 14 cores, AFTER the lane-fairness audit (capacities matched); 3 rounds
2026-09-08	lane-fairness	AsyncBenchmark	catsIOPar	121.4	us/op	-f 1, class-declared @Warmup/@Measurement, 3 rounds, per-lane MINIMUM, sbt-free launcher, one JVM per class	quiet box 14 cores, AFTER the lane-fairness audit (capacities matched); 3 rounds
2026-09-08	lane-fairness	AsyncBenchmark	kyoAsync	18.47	us/op	-f 1, class-declared @Warmup/@Measurement, 3 rounds, per-lane MINIMUM, sbt-free launcher, one JVM per class	quiet box 14 cores, AFTER the lane-fairness audit (capacities matched); 3 rounds
2026-09-08	lane-fairness	AsyncBenchmark	okaySpawn	24.01	us/op	-f 1, class-declared @Warmup/@Measurement, 3 rounds, per-lane MINIMUM, sbt-free launcher, one JVM per class	quiet box 14 cores, AFTER the lane-fairness audit (capacities matched); 3 rounds
2026-09-08	lane-fairness	AsyncBenchmark	okaySpawnInside	35.75	us/op	-f 1, class-declared @Warmup/@Measurement, 3 rounds, per-lane MINIMUM, sbt-free launcher, one JVM per class	quiet box 14 cores, AFTER the lane-fairness audit (capacities matched); 3 rounds
2026-09-08	lane-fairness	AsyncBenchmark	rawLoom	21.81	us/op	-f 1, class-declared @Warmup/@Measurement, 3 rounds, per-lane MINIMUM, sbt-free launcher, one JVM per class	quiet box 14 cores, AFTER the lane-fairness audit (capacities matched); 3 rounds
2026-09-08	lane-fairness	AsyncBenchmark	zioForkJoin	46.59	us/op	-f 1, class-declared @Warmup/@Measurement, 3 rounds, per-lane MINIMUM, sbt-free launcher, one JVM per class	quiet box 14 cores, AFTER the lane-fairness audit (capacities matched); 3 rounds
2026-09-08	lane-fairness	ChannelGranularityBenchmark	okayChunked	54.75	us/op	-f 1, class-declared @Warmup/@Measurement, 3 rounds, per-lane MINIMUM, sbt-free launcher, one JVM per class	quiet box 14 cores, AFTER the lane-fairness audit (capacities matched); 3 rounds; WIDE max/min 1.46x -- read as a rank
2026-09-08	lane-fairness	ChannelGranularityBenchmark	okayElementwise	151.5	us/op	-f 1, class-declared @Warmup/@Measurement, 3 rounds, per-lane MINIMUM, sbt-free launcher, one JVM per class	quiet box 14 cores, AFTER the lane-fairness audit (capacities matched); 3 rounds
2026-09-08	lane-fairness	ChannelGranularityBenchmark	okaySendBulk	145.8	us/op	-f 1, class-declared @Warmup/@Measurement, 3 rounds, per-lane MINIMUM, sbt-free launcher, one JVM per class	quiet box 14 cores, AFTER the lane-fairness audit (capacities matched); 3 rounds
2026-09-08	lane-fairness	ChannelGranularityBenchmark	okaySendBulkRecvChunk	74.45	us/op	-f 1, class-declared @Warmup/@Measurement, 3 rounds, per-lane MINIMUM, sbt-free launcher, one JVM per class	quiet box 14 cores, AFTER the lane-fairness audit (capacities matched); 3 rounds
2026-09-08	lane-fairness	ChannelGranularityBenchmark	okaySendElem	131.9	us/op	-f 1, class-declared @Warmup/@Measurement, 3 rounds, per-lane MINIMUM, sbt-free launcher, one JVM per class	quiet box 14 cores, AFTER the lane-fairness audit (capacities matched); 3 rounds
2026-09-08	lane-fairness	ChannelGranularityBenchmark	okaySendElemRecvChunk	57.39	us/op	-f 1, class-declared @Warmup/@Measurement, 3 rounds, per-lane MINIMUM, sbt-free launcher, one JVM per class	quiet box 14 cores, AFTER the lane-fairness audit (capacities matched); 3 rounds
2026-09-08	lane-fairness	ChannelGranularityBenchmark	zioChunked	130.7	us/op	-f 1, class-declared @Warmup/@Measurement, 3 rounds, per-lane MINIMUM, sbt-free launcher, one JVM per class	quiet box 14 cores, AFTER the lane-fairness audit (capacities matched); 3 rounds
2026-09-08	lane-fairness	ChannelGranularityBenchmark	zioElementwise	340.9	us/op	-f 1, class-declared @Warmup/@Measurement, 3 rounds, per-lane MINIMUM, sbt-free launcher, one JVM per class	quiet box 14 cores, AFTER the lane-fairness audit (capacities matched); 3 rounds
2026-09-08	lane-fairness	ChannelGuaranteeBenchmark	okayLayeredChunk	60.97	us/op	-f 1, class-declared @Warmup/@Measurement, 3 rounds, per-lane MINIMUM, sbt-free launcher, one JVM per class	quiet box 14 cores, AFTER the lane-fairness audit (capacities matched); 3 rounds
2026-09-08	lane-fairness	ChannelGuaranteeBenchmark	okayLayeredElem	157.7	us/op	-f 1, class-declared @Warmup/@Measurement, 3 rounds, per-lane MINIMUM, sbt-free launcher, one JVM per class	quiet box 14 cores, AFTER the lane-fairness audit (capacities matched); 3 rounds
2026-09-08	lane-fairness	ChannelGuaranteeBenchmark	okaySentinelChunk	69.35	us/op	-f 1, class-declared @Warmup/@Measurement, 3 rounds, per-lane MINIMUM, sbt-free launcher, one JVM per class	quiet box 14 cores, AFTER the lane-fairness audit (capacities matched); 3 rounds
2026-09-08	lane-fairness	ChannelGuaranteeBenchmark	okaySentinelChunkSC	66.12	us/op	-f 1, class-declared @Warmup/@Measurement, 3 rounds, per-lane MINIMUM, sbt-free launcher, one JVM per class	quiet box 14 cores, AFTER the lane-fairness audit (capacities matched); 3 rounds
2026-09-08	lane-fairness	ChannelGuaranteeBenchmark	okaySentinelElem	183.6	us/op	-f 1, class-declared @Warmup/@Measurement, 3 rounds, per-lane MINIMUM, sbt-free launcher, one JVM per class	quiet box 14 cores, AFTER the lane-fairness audit (capacities matched); 3 rounds
2026-09-08	lane-fairness	ChannelGuaranteeBenchmark	okaySentinelElemSC	125.6	us/op	-f 1, class-declared @Warmup/@Measurement, 3 rounds, per-lane MINIMUM, sbt-free launcher, one JVM per class	quiet box 14 cores, AFTER the lane-fairness audit (capacities matched); 3 rounds
2026-09-08	lane-fairness	ChannelGuaranteeBenchmark	okayStmArrayChunk	142	us/op	-f 1, class-declared @Warmup/@Measurement, 3 rounds, per-lane MINIMUM, sbt-free launcher, one JVM per class	quiet box 14 cores, AFTER the lane-fairness audit (capacities matched); 3 rounds
2026-09-08	lane-fairness	ChannelGuaranteeBenchmark	okayStmArrayElem	250.6	us/op	-f 1, class-declared @Warmup/@Measurement, 3 rounds, per-lane MINIMUM, sbt-free launcher, one JVM per class	quiet box 14 cores, AFTER the lane-fairness audit (capacities matched); 3 rounds
2026-09-08	lane-fairness	ChannelGuaranteeBenchmark	okayStmListChunk	121.6	us/op	-f 1, class-declared @Warmup/@Measurement, 3 rounds, per-lane MINIMUM, sbt-free launcher, one JVM per class	quiet box 14 cores, AFTER the lane-fairness audit (capacities matched); 3 rounds
2026-09-08	lane-fairness	ChannelGuaranteeBenchmark	okayStmListElem	253.2	us/op	-f 1, class-declared @Warmup/@Measurement, 3 rounds, per-lane MINIMUM, sbt-free launcher, one JVM per class	quiet box 14 cores, AFTER the lane-fairness audit (capacities matched); 3 rounds
2026-09-08	lane-fairness	ChannelGuaranteeBenchmark	okayStrongChunk	124.7	us/op	-f 1, class-declared @Warmup/@Measurement, 3 rounds, per-lane MINIMUM, sbt-free launcher, one JVM per class	quiet box 14 cores, AFTER the lane-fairness audit (capacities matched); 3 rounds
2026-09-08	lane-fairness	ChannelGuaranteeBenchmark	okayStrongElem	256.1	us/op	-f 1, class-declared @Warmup/@Measurement, 3 rounds, per-lane MINIMUM, sbt-free launcher, one JVM per class	quiet box 14 cores, AFTER the lane-fairness audit (capacities matched); 3 rounds
2026-09-08	lane-fairness	ChannelGuaranteeBenchmark	okayUnboundedChunk	55.98	us/op	-f 1, class-declared @Warmup/@Measurement, 3 rounds, per-lane MINIMUM, sbt-free launcher, one JVM per class	quiet box 14 cores, AFTER the lane-fairness audit (capacities matched); 3 rounds
2026-09-08	lane-fairness	ChannelGuaranteeBenchmark	okayUnboundedElem	111.3	us/op	-f 1, class-declared @Warmup/@Measurement, 3 rounds, per-lane MINIMUM, sbt-free launcher, one JVM per class	quiet box 14 cores, AFTER the lane-fairness audit (capacities matched); 3 rounds
2026-09-08	lane-fairness	ChannelGuaranteeBenchmark	okayWeakChunk	58.09	us/op	-f 1, class-declared @Warmup/@Measurement, 3 rounds, per-lane MINIMUM, sbt-free launcher, one JVM per class	quiet box 14 cores, AFTER the lane-fairness audit (capacities matched); 3 rounds
2026-09-08	lane-fairness	ChannelGuaranteeBenchmark	okayWeakElem	164.3	us/op	-f 1, class-declared @Warmup/@Measurement, 3 rounds, per-lane MINIMUM, sbt-free launcher, one JVM per class	quiet box 14 cores, AFTER the lane-fairness audit (capacities matched); 3 rounds
2026-09-08	lane-fairness	ChannelGuaranteeBenchmark	zioStrongChunk	137.1	us/op	-f 1, class-declared @Warmup/@Measurement, 3 rounds, per-lane MINIMUM, sbt-free launcher, one JVM per class	quiet box 14 cores, AFTER the lane-fairness audit (capacities matched); 3 rounds
2026-09-08	lane-fairness	ChannelGuaranteeBenchmark	zioStrongElem	317.1	us/op	-f 1, class-declared @Warmup/@Measurement, 3 rounds, per-lane MINIMUM, sbt-free launcher, one JVM per class	quiet box 14 cores, AFTER the lane-fairness audit (capacities matched); 3 rounds
2026-09-08	lane-fairness	ChannelGuaranteeBenchmark	zioUnboundedChunk	439.7	us/op	-f 1, class-declared @Warmup/@Measurement, 3 rounds, per-lane MINIMUM, sbt-free launcher, one JVM per class	quiet box 14 cores, AFTER the lane-fairness audit (capacities matched); 3 rounds
2026-09-08	lane-fairness	ChannelGuaranteeBenchmark	zioUnboundedElem	496.7	us/op	-f 1, class-declared @Warmup/@Measurement, 3 rounds, per-lane MINIMUM, sbt-free launcher, one JVM per class	quiet box 14 cores, AFTER the lane-fairness audit (capacities matched); 3 rounds
2026-09-08	lane-fairness	ChannelGuaranteeBenchmark	zioWeakChunk	134.6	us/op	-f 1, class-declared @Warmup/@Measurement, 3 rounds, per-lane MINIMUM, sbt-free launcher, one JVM per class	quiet box 14 cores, AFTER the lane-fairness audit (capacities matched); 3 rounds
2026-09-08	lane-fairness	ChannelGuaranteeBenchmark	zioWeakElem	309.5	us/op	-f 1, class-declared @Warmup/@Measurement, 3 rounds, per-lane MINIMUM, sbt-free launcher, one JVM per class	quiet box 14 cores, AFTER the lane-fairness audit (capacities matched); 3 rounds
2026-09-08	lane-fairness	ChoiceBenchmark	atnosList	5487	us/op	-f 1, class-declared @Warmup/@Measurement, 3 rounds, per-lane MINIMUM, sbt-free launcher, one JVM per class	quiet box 14 cores, AFTER the lane-fairness audit (capacities matched); 3 rounds
2026-09-08	lane-fairness	ChoiceBenchmark	kyoChoice	4185	us/op	-f 1, class-declared @Warmup/@Measurement, 3 rounds, per-lane MINIMUM, sbt-free launcher, one JVM per class	quiet box 14 cores, AFTER the lane-fairness audit (capacities matched); 3 rounds
2026-09-08	lane-fairness	ChoiceBenchmark	okayChoice	1645	us/op	-f 1, class-declared @Warmup/@Measurement, 3 rounds, per-lane MINIMUM, sbt-free launcher, one JVM per class	quiet box 14 cores, AFTER the lane-fairness audit (capacities matched); 3 rounds
2026-09-08	lane-fairness	ChoiceBenchmark	stdList	614.5	us/op	-f 1, class-declared @Warmup/@Measurement, 3 rounds, per-lane MINIMUM, sbt-free launcher, one JVM per class	quiet box 14 cores, AFTER the lane-fairness audit (capacities matched); 3 rounds
2026-09-08	lane-fairness	ChunkFlushBenchmark	bufferDrained  k=1024	220.9	us/op	-f 1, class-declared @Warmup/@Measurement, 3 rounds, per-lane MINIMUM, sbt-free launcher, one JVM per class	quiet box 14 cores, AFTER the lane-fairness audit (capacities matched); 3 rounds
2026-09-08	lane-fairness	ChunkFlushBenchmark	bufferDrained  k=16	218	us/op	-f 1, class-declared @Warmup/@Measurement, 3 rounds, per-lane MINIMUM, sbt-free launcher, one JVM per class	quiet box 14 cores, AFTER the lane-fairness audit (capacities matched); 3 rounds
2026-09-08	lane-fairness	ChunkFlushBenchmark	bufferDrained  k=256	219.8	us/op	-f 1, class-declared @Warmup/@Measurement, 3 rounds, per-lane MINIMUM, sbt-free launcher, one JVM per class	quiet box 14 cores, AFTER the lane-fairness audit (capacities matched); 3 rounds
2026-09-08	lane-fairness	ChunkFlushBenchmark	bufferPerElement  k=1024	640.1	us/op	-f 1, class-declared @Warmup/@Measurement, 3 rounds, per-lane MINIMUM, sbt-free launcher, one JVM per class	quiet box 14 cores, AFTER the lane-fairness audit (capacities matched); 3 rounds
2026-09-08	lane-fairness	ChunkFlushBenchmark	bufferPerElement  k=16	641.7	us/op	-f 1, class-declared @Warmup/@Measurement, 3 rounds, per-lane MINIMUM, sbt-free launcher, one JVM per class	quiet box 14 cores, AFTER the lane-fairness audit (capacities matched); 3 rounds
2026-09-08	lane-fairness	ChunkFlushBenchmark	bufferPerElement  k=256	656.9	us/op	-f 1, class-declared @Warmup/@Measurement, 3 rounds, per-lane MINIMUM, sbt-free launcher, one JVM per class	quiet box 14 cores, AFTER the lane-fairness audit (capacities matched); 3 rounds
2026-09-08	lane-fairness	ChunkFlushBenchmark	chunkedFromList  k=1024	396.6	us/op	-f 1, class-declared @Warmup/@Measurement, 3 rounds, per-lane MINIMUM, sbt-free launcher, one JVM per class	quiet box 14 cores, AFTER the lane-fairness audit (capacities matched); 3 rounds
2026-09-08	lane-fairness	ChunkFlushBenchmark	chunkedFromList  k=16	203.8	us/op	-f 1, class-declared @Warmup/@Measurement, 3 rounds, per-lane MINIMUM, sbt-free launcher, one JVM per class	quiet box 14 cores, AFTER the lane-fairness audit (capacities matched); 3 rounds
2026-09-08	lane-fairness	ChunkFlushBenchmark	chunkedFromList  k=256	241.6	us/op	-f 1, class-declared @Warmup/@Measurement, 3 rounds, per-lane MINIMUM, sbt-free launcher, one JVM per class	quiet box 14 cores, AFTER the lane-fairness audit (capacities matched); 3 rounds
2026-09-08	lane-fairness	ChunkFlushBenchmark	chunkedFromRange  k=1024	356.1	us/op	-f 1, class-declared @Warmup/@Measurement, 3 rounds, per-lane MINIMUM, sbt-free launcher, one JVM per class	quiet box 14 cores, AFTER the lane-fairness audit (capacities matched); 3 rounds
2026-09-08	lane-fairness	ChunkFlushBenchmark	chunkedFromRange  k=16	241.9	us/op	-f 1, class-declared @Warmup/@Measurement, 3 rounds, per-lane MINIMUM, sbt-free launcher, one JVM per class	quiet box 14 cores, AFTER the lane-fairness audit (capacities matched); 3 rounds
2026-09-08	lane-fairness	ChunkFlushBenchmark	chunkedFromRange  k=256	253.8	us/op	-f 1, class-declared @Warmup/@Measurement, 3 rounds, per-lane MINIMUM, sbt-free launcher, one JVM per class	quiet box 14 cores, AFTER the lane-fairness audit (capacities matched); 3 rounds
2026-09-08	lane-fairness	ChunkFlushBenchmark	chunksMergeSize1  k=1024	640	us/op	-f 1, class-declared @Warmup/@Measurement, 3 rounds, per-lane MINIMUM, sbt-free launcher, one JVM per class	quiet box 14 cores, AFTER the lane-fairness audit (capacities matched); 3 rounds
2026-09-08	lane-fairness	ChunkFlushBenchmark	chunksMergeSize1  k=16	663.7	us/op	-f 1, class-declared @Warmup/@Measurement, 3 rounds, per-lane MINIMUM, sbt-free launcher, one JVM per class	quiet box 14 cores, AFTER the lane-fairness audit (capacities matched); 3 rounds
2026-09-08	lane-fairness	ChunkFlushBenchmark	chunksMergeSize1  k=256	626.2	us/op	-f 1, class-declared @Warmup/@Measurement, 3 rounds, per-lane MINIMUM, sbt-free launcher, one JVM per class	quiet box 14 cores, AFTER the lane-fairness audit (capacities matched); 3 rounds
2026-09-08	lane-fairness	ChunkFlushBenchmark	chunksMergeSize16  k=1024	46.85	us/op	-f 1, class-declared @Warmup/@Measurement, 3 rounds, per-lane MINIMUM, sbt-free launcher, one JVM per class	quiet box 14 cores, AFTER the lane-fairness audit (capacities matched); 3 rounds
2026-09-08	lane-fairness	ChunkFlushBenchmark	chunksMergeSize16  k=16	45.58	us/op	-f 1, class-declared @Warmup/@Measurement, 3 rounds, per-lane MINIMUM, sbt-free launcher, one JVM per class	quiet box 14 cores, AFTER the lane-fairness audit (capacities matched); 3 rounds
2026-09-08	lane-fairness	ChunkFlushBenchmark	chunksMergeSize16  k=256	45.01	us/op	-f 1, class-declared @Warmup/@Measurement, 3 rounds, per-lane MINIMUM, sbt-free launcher, one JVM per class	quiet box 14 cores, AFTER the lane-fairness audit (capacities matched); 3 rounds
2026-09-08	lane-fairness	ChunkFlushBenchmark	elementwiseFromRange  k=1024	464.6	us/op	-f 1, class-declared @Warmup/@Measurement, 3 rounds, per-lane MINIMUM, sbt-free launcher, one JVM per class	quiet box 14 cores, AFTER the lane-fairness audit (capacities matched); 3 rounds
2026-09-08	lane-fairness	ChunkFlushBenchmark	elementwiseFromRange  k=16	436.7	us/op	-f 1, class-declared @Warmup/@Measurement, 3 rounds, per-lane MINIMUM, sbt-free launcher, one JVM per class	quiet box 14 cores, AFTER the lane-fairness audit (capacities matched); 3 rounds
2026-09-08	lane-fairness	ChunkFlushBenchmark	elementwiseFromRange  k=256	417.5	us/op	-f 1, class-declared @Warmup/@Measurement, 3 rounds, per-lane MINIMUM, sbt-free launcher, one JVM per class	quiet box 14 cores, AFTER the lane-fairness audit (capacities matched); 3 rounds
2026-09-08	lane-fairness	ChunkFlushBenchmark	fs2ChunkNative  k=1024	138.4	us/op	-f 1, class-declared @Warmup/@Measurement, 3 rounds, per-lane MINIMUM, sbt-free launcher, one JVM per class	quiet box 14 cores, AFTER the lane-fairness audit (capacities matched); 3 rounds
2026-09-08	lane-fairness	ChunkFlushBenchmark	fs2ChunkNative  k=16	133.2	us/op	-f 1, class-declared @Warmup/@Measurement, 3 rounds, per-lane MINIMUM, sbt-free launcher, one JVM per class	quiet box 14 cores, AFTER the lane-fairness audit (capacities matched); 3 rounds
2026-09-08	lane-fairness	ChunkFlushBenchmark	fs2ChunkNative  k=256	133.5	us/op	-f 1, class-declared @Warmup/@Measurement, 3 rounds, per-lane MINIMUM, sbt-free launcher, one JVM per class	quiet box 14 cores, AFTER the lane-fairness audit (capacities matched); 3 rounds
2026-09-08	lane-fairness	ChunkFlushBenchmark	fs2ChunkNative_rangeSource  k=1024	5.126e+04	us/op	-f 1, class-declared @Warmup/@Measurement, 3 rounds, per-lane MINIMUM, sbt-free launcher, one JVM per class	quiet box 14 cores, AFTER the lane-fairness audit (capacities matched); 3 rounds
2026-09-08	lane-fairness	ChunkFlushBenchmark	fs2ChunkNative_rangeSource  k=16	4.915e+04	us/op	-f 1, class-declared @Warmup/@Measurement, 3 rounds, per-lane MINIMUM, sbt-free launcher, one JVM per class	quiet box 14 cores, AFTER the lane-fairness audit (capacities matched); 3 rounds
2026-09-08	lane-fairness	ChunkFlushBenchmark	fs2ChunkNative_rangeSource  k=256	5.012e+04	us/op	-f 1, class-declared @Warmup/@Measurement, 3 rounds, per-lane MINIMUM, sbt-free launcher, one JVM per class	quiet box 14 cores, AFTER the lane-fairness audit (capacities matched); 3 rounds
2026-09-08	lane-fairness	ChunkFlushBenchmark	fs2ChunkedAfterMerge  k=1024	4.48e+04	us/op	-f 1, class-declared @Warmup/@Measurement, 3 rounds, per-lane MINIMUM, sbt-free launcher, one JVM per class	quiet box 14 cores, AFTER the lane-fairness audit (capacities matched); 3 rounds
2026-09-08	lane-fairness	ChunkFlushBenchmark	fs2ChunkedAfterMerge  k=16	4.354e+04	us/op	-f 1, class-declared @Warmup/@Measurement, 3 rounds, per-lane MINIMUM, sbt-free launcher, one JVM per class	quiet box 14 cores, AFTER the lane-fairness audit (capacities matched); 3 rounds
2026-09-08	lane-fairness	ChunkFlushBenchmark	fs2ChunkedAfterMerge  k=256	4.508e+04	us/op	-f 1, class-declared @Warmup/@Measurement, 3 rounds, per-lane MINIMUM, sbt-free launcher, one JVM per class	quiet box 14 cores, AFTER the lane-fairness audit (capacities matched); 3 rounds
2026-09-08	lane-fairness	ChunkFlushBenchmark	fs2ChunkedBeforeMerge  k=1024	157.7	us/op	-f 1, class-declared @Warmup/@Measurement, 3 rounds, per-lane MINIMUM, sbt-free launcher, one JVM per class	quiet box 14 cores, AFTER the lane-fairness audit (capacities matched); 3 rounds
2026-09-08	lane-fairness	ChunkFlushBenchmark	fs2ChunkedBeforeMerge  k=16	2783	us/op	-f 1, class-declared @Warmup/@Measurement, 3 rounds, per-lane MINIMUM, sbt-free launcher, one JVM per class	quiet box 14 cores, AFTER the lane-fairness audit (capacities matched); 3 rounds
2026-09-08	lane-fairness	ChunkFlushBenchmark	fs2ChunkedBeforeMerge  k=256	330	us/op	-f 1, class-declared @Warmup/@Measurement, 3 rounds, per-lane MINIMUM, sbt-free launcher, one JVM per class	quiet box 14 cores, AFTER the lane-fairness audit (capacities matched); 3 rounds
2026-09-08	lane-fairness	ChunkFlushBenchmark	fs2Elementwise  k=1024	4.04e+04	us/op	-f 1, class-declared @Warmup/@Measurement, 3 rounds, per-lane MINIMUM, sbt-free launcher, one JVM per class	quiet box 14 cores, AFTER the lane-fairness audit (capacities matched); 3 rounds
2026-09-08	lane-fairness	ChunkFlushBenchmark	fs2Elementwise  k=16	4.264e+04	us/op	-f 1, class-declared @Warmup/@Measurement, 3 rounds, per-lane MINIMUM, sbt-free launcher, one JVM per class	quiet box 14 cores, AFTER the lane-fairness audit (capacities matched); 3 rounds
2026-09-08	lane-fairness	ChunkFlushBenchmark	fs2Elementwise  k=256	4.199e+04	us/op	-f 1, class-declared @Warmup/@Measurement, 3 rounds, per-lane MINIMUM, sbt-free launcher, one JVM per class	quiet box 14 cores, AFTER the lane-fairness audit (capacities matched); 3 rounds
2026-09-08	lane-fairness	ChunkFlushBenchmark	fs2GroupWithinChunked  k=1024	1.517e+04	us/op	-f 1, class-declared @Warmup/@Measurement, 3 rounds, per-lane MINIMUM, sbt-free launcher, one JVM per class	quiet box 14 cores, AFTER the lane-fairness audit (capacities matched); 3 rounds
2026-09-08	lane-fairness	ChunkFlushBenchmark	fs2GroupWithinChunked  k=16	1.583e+04	us/op	-f 1, class-declared @Warmup/@Measurement, 3 rounds, per-lane MINIMUM, sbt-free launcher, one JVM per class	quiet box 14 cores, AFTER the lane-fairness audit (capacities matched); 3 rounds
2026-09-08	lane-fairness	ChunkFlushBenchmark	fs2GroupWithinChunked  k=256	1.578e+04	us/op	-f 1, class-declared @Warmup/@Measurement, 3 rounds, per-lane MINIMUM, sbt-free launcher, one JVM per class	quiet box 14 cores, AFTER the lane-fairness audit (capacities matched); 3 rounds
2026-09-08	lane-fairness	ChunkFlushBenchmark	fs2GroupWithinSingletons  k=1024	5.72e+04	us/op	-f 1, class-declared @Warmup/@Measurement, 3 rounds, per-lane MINIMUM, sbt-free launcher, one JVM per class	quiet box 14 cores, AFTER the lane-fairness audit (capacities matched); 3 rounds
2026-09-08	lane-fairness	ChunkFlushBenchmark	fs2GroupWithinSingletons  k=16	5.712e+04	us/op	-f 1, class-declared @Warmup/@Measurement, 3 rounds, per-lane MINIMUM, sbt-free launcher, one JVM per class	quiet box 14 cores, AFTER the lane-fairness audit (capacities matched); 3 rounds
2026-09-08	lane-fairness	ChunkFlushBenchmark	fs2GroupWithinSingletons  k=256	5.977e+04	us/op	-f 1, class-declared @Warmup/@Measurement, 3 rounds, per-lane MINIMUM, sbt-free launcher, one JVM per class	quiet box 14 cores, AFTER the lane-fairness audit (capacities matched); 3 rounds
2026-09-08	lane-fairness	ChunkFlushBenchmark	fs2PerElement  k=1024	4.182e+04	us/op	-f 1, class-declared @Warmup/@Measurement, 3 rounds, per-lane MINIMUM, sbt-free launcher, one JVM per class	quiet box 14 cores, AFTER the lane-fairness audit (capacities matched); 3 rounds
2026-09-08	lane-fairness	ChunkFlushBenchmark	fs2PerElement  k=16	4.281e+04	us/op	-f 1, class-declared @Warmup/@Measurement, 3 rounds, per-lane MINIMUM, sbt-free launcher, one JVM per class	quiet box 14 cores, AFTER the lane-fairness audit (capacities matched); 3 rounds
2026-09-08	lane-fairness	ChunkFlushBenchmark	fs2PerElement  k=256	4.323e+04	us/op	-f 1, class-declared @Warmup/@Measurement, 3 rounds, per-lane MINIMUM, sbt-free launcher, one JVM per class	quiet box 14 cores, AFTER the lane-fairness audit (capacities matched); 3 rounds
2026-09-08	lane-fairness	ChunkFlushBenchmark	okayChunked  k=1024	336.9	us/op	-f 1, class-declared @Warmup/@Measurement, 3 rounds, per-lane MINIMUM, sbt-free launcher, one JVM per class	quiet box 14 cores, AFTER the lane-fairness audit (capacities matched); 3 rounds
2026-09-08	lane-fairness	ChunkFlushBenchmark	okayChunked  k=16	339.3	us/op	-f 1, class-declared @Warmup/@Measurement, 3 rounds, per-lane MINIMUM, sbt-free launcher, one JVM per class	quiet box 14 cores, AFTER the lane-fairness audit (capacities matched); 3 rounds
2026-09-08	lane-fairness	ChunkFlushBenchmark	okayChunked  k=256	318.8	us/op	-f 1, class-declared @Warmup/@Measurement, 3 rounds, per-lane MINIMUM, sbt-free launcher, one JVM per class	quiet box 14 cores, AFTER the lane-fairness audit (capacities matched); 3 rounds
2026-09-08	lane-fairness	ChunkFlushBenchmark	okayChunkedComposed  k=1024	458.7	us/op	-f 1, class-declared @Warmup/@Measurement, 3 rounds, per-lane MINIMUM, sbt-free launcher, one JVM per class	quiet box 14 cores, AFTER the lane-fairness audit (capacities matched); 3 rounds
2026-09-08	lane-fairness	ChunkFlushBenchmark	okayChunkedComposed  k=16	274.6	us/op	-f 1, class-declared @Warmup/@Measurement, 3 rounds, per-lane MINIMUM, sbt-free launcher, one JVM per class	quiet box 14 cores, AFTER the lane-fairness audit (capacities matched); 3 rounds
2026-09-08	lane-fairness	ChunkFlushBenchmark	okayChunkedComposed  k=256	305.6	us/op	-f 1, class-declared @Warmup/@Measurement, 3 rounds, per-lane MINIMUM, sbt-free launcher, one JVM per class	quiet box 14 cores, AFTER the lane-fairness audit (capacities matched); 3 rounds
2026-09-08	lane-fairness	ChunkFlushBenchmark	okayChunkedFlush  k=1024	373.1	us/op	-f 1, class-declared @Warmup/@Measurement, 3 rounds, per-lane MINIMUM, sbt-free launcher, one JVM per class	quiet box 14 cores, AFTER the lane-fairness audit (capacities matched); 3 rounds
2026-09-08	lane-fairness	ChunkFlushBenchmark	okayChunkedFlush  k=16	348	us/op	-f 1, class-declared @Warmup/@Measurement, 3 rounds, per-lane MINIMUM, sbt-free launcher, one JVM per class	quiet box 14 cores, AFTER the lane-fairness audit (capacities matched); 3 rounds
2026-09-08	lane-fairness	ChunkFlushBenchmark	okayChunkedFlush  k=256	343.8	us/op	-f 1, class-declared @Warmup/@Measurement, 3 rounds, per-lane MINIMUM, sbt-free launcher, one JVM per class	quiet box 14 cores, AFTER the lane-fairness audit (capacities matched); 3 rounds
2026-09-08	lane-fairness	ChunkFlushBenchmark	okayChunksNative  k=1024	24.08	us/op	-f 1, class-declared @Warmup/@Measurement, 3 rounds, per-lane MINIMUM, sbt-free launcher, one JVM per class	quiet box 14 cores, AFTER the lane-fairness audit (capacities matched); 3 rounds
2026-09-08	lane-fairness	ChunkFlushBenchmark	okayChunksNative  k=16	23.86	us/op	-f 1, class-declared @Warmup/@Measurement, 3 rounds, per-lane MINIMUM, sbt-free launcher, one JVM per class	quiet box 14 cores, AFTER the lane-fairness audit (capacities matched); 3 rounds
2026-09-08	lane-fairness	ChunkFlushBenchmark	okayChunksNative  k=256	23.91	us/op	-f 1, class-declared @Warmup/@Measurement, 3 rounds, per-lane MINIMUM, sbt-free launcher, one JVM per class	quiet box 14 cores, AFTER the lane-fairness audit (capacities matched); 3 rounds
2026-09-08	lane-fairness	ChunkFlushBenchmark	okayElementwise  k=1024	523.1	us/op	-f 1, class-declared @Warmup/@Measurement, 3 rounds, per-lane MINIMUM, sbt-free launcher, one JVM per class	quiet box 14 cores, AFTER the lane-fairness audit (capacities matched); 3 rounds
2026-09-08	lane-fairness	ChunkFlushBenchmark	okayElementwise  k=16	525.4	us/op	-f 1, class-declared @Warmup/@Measurement, 3 rounds, per-lane MINIMUM, sbt-free launcher, one JVM per class	quiet box 14 cores, AFTER the lane-fairness audit (capacities matched); 3 rounds
2026-09-08	lane-fairness	ChunkFlushBenchmark	okayElementwise  k=256	539.9	us/op	-f 1, class-declared @Warmup/@Measurement, 3 rounds, per-lane MINIMUM, sbt-free launcher, one JVM per class	quiet box 14 cores, AFTER the lane-fairness audit (capacities matched); 3 rounds
2026-09-08	lane-fairness	ChunkFlushBenchmark	zioChunked  k=1024	84.32	us/op	-f 1, class-declared @Warmup/@Measurement, 3 rounds, per-lane MINIMUM, sbt-free launcher, one JVM per class	quiet box 14 cores, AFTER the lane-fairness audit (capacities matched); 3 rounds
2026-09-08	lane-fairness	ChunkFlushBenchmark	zioChunked  k=16	149	us/op	-f 1, class-declared @Warmup/@Measurement, 3 rounds, per-lane MINIMUM, sbt-free launcher, one JVM per class	quiet box 14 cores, AFTER the lane-fairness audit (capacities matched); 3 rounds
2026-09-08	lane-fairness	ChunkFlushBenchmark	zioChunked  k=256	85.8	us/op	-f 1, class-declared @Warmup/@Measurement, 3 rounds, per-lane MINIMUM, sbt-free launcher, one JVM per class	quiet box 14 cores, AFTER the lane-fairness audit (capacities matched); 3 rounds
2026-09-08	lane-fairness	ChunkFlushBenchmark	zioElementwise  k=1024	72.56	us/op	-f 1, class-declared @Warmup/@Measurement, 3 rounds, per-lane MINIMUM, sbt-free launcher, one JVM per class	quiet box 14 cores, AFTER the lane-fairness audit (capacities matched); 3 rounds
2026-09-08	lane-fairness	ChunkFlushBenchmark	zioElementwise  k=16	72.54	us/op	-f 1, class-declared @Warmup/@Measurement, 3 rounds, per-lane MINIMUM, sbt-free launcher, one JVM per class	quiet box 14 cores, AFTER the lane-fairness audit (capacities matched); 3 rounds
2026-09-08	lane-fairness	ChunkFlushBenchmark	zioElementwise  k=256	70.85	us/op	-f 1, class-declared @Warmup/@Measurement, 3 rounds, per-lane MINIMUM, sbt-free launcher, one JVM per class	quiet box 14 cores, AFTER the lane-fairness audit (capacities matched); 3 rounds
2026-09-08	lane-fairness	ChunkFlushBenchmark	zioGroupedWithin  k=1024	5475	us/op	-f 1, class-declared @Warmup/@Measurement, 3 rounds, per-lane MINIMUM, sbt-free launcher, one JVM per class	quiet box 14 cores, AFTER the lane-fairness audit (capacities matched); 3 rounds
2026-09-08	lane-fairness	ChunkFlushBenchmark	zioGroupedWithin  k=16	5557	us/op	-f 1, class-declared @Warmup/@Measurement, 3 rounds, per-lane MINIMUM, sbt-free launcher, one JVM per class	quiet box 14 cores, AFTER the lane-fairness audit (capacities matched); 3 rounds
2026-09-08	lane-fairness	ChunkFlushBenchmark	zioGroupedWithin  k=256	5427	us/op	-f 1, class-declared @Warmup/@Measurement, 3 rounds, per-lane MINIMUM, sbt-free launcher, one JVM per class	quiet box 14 cores, AFTER the lane-fairness audit (capacities matched); 3 rounds
2026-09-08	lane-fairness	ChunkFlushBenchmark	zioPerElement  k=1024	1.161e+04	us/op	-f 1, class-declared @Warmup/@Measurement, 3 rounds, per-lane MINIMUM, sbt-free launcher, one JVM per class	quiet box 14 cores, AFTER the lane-fairness audit (capacities matched); 3 rounds
2026-09-08	lane-fairness	ChunkFlushBenchmark	zioPerElement  k=16	1.18e+04	us/op	-f 1, class-declared @Warmup/@Measurement, 3 rounds, per-lane MINIMUM, sbt-free launcher, one JVM per class	quiet box 14 cores, AFTER the lane-fairness audit (capacities matched); 3 rounds
2026-09-08	lane-fairness	ChunkFlushBenchmark	zioPerElement  k=256	1.193e+04	us/op	-f 1, class-declared @Warmup/@Measurement, 3 rounds, per-lane MINIMUM, sbt-free launcher, one JVM per class	quiet box 14 cores, AFTER the lane-fairness audit (capacities matched); 3 rounds
2026-09-08	lane-fairness	CodecBenchmark	cborDecodeInterp	1488	ns/op	-f 1, class-declared @Warmup/@Measurement, 3 rounds, per-lane MINIMUM, sbt-free launcher, one JVM per class	quiet box 14 cores, AFTER the lane-fairness audit (capacities matched); 3 rounds
2026-09-08	lane-fairness	CodecBenchmark	cborDecodeStaged	707.6	ns/op	-f 1, class-declared @Warmup/@Measurement, 3 rounds, per-lane MINIMUM, sbt-free launcher, one JVM per class	quiet box 14 cores, AFTER the lane-fairness audit (capacities matched); 3 rounds
2026-09-08	lane-fairness	CodecBenchmark	cborEncodeInterp	693.2	ns/op	-f 1, class-declared @Warmup/@Measurement, 3 rounds, per-lane MINIMUM, sbt-free launcher, one JVM per class	quiet box 14 cores, AFTER the lane-fairness audit (capacities matched); 3 rounds
2026-09-08	lane-fairness	CodecBenchmark	cborEncodeStaged	321.9	ns/op	-f 1, class-declared @Warmup/@Measurement, 3 rounds, per-lane MINIMUM, sbt-free launcher, one JVM per class	quiet box 14 cores, AFTER the lane-fairness audit (capacities matched); 3 rounds
2026-09-08	lane-fairness	CodecBenchmark	cborEncodeSumInterp	727.1	ns/op	-f 1, class-declared @Warmup/@Measurement, 3 rounds, per-lane MINIMUM, sbt-free launcher, one JVM per class	quiet box 14 cores, AFTER the lane-fairness audit (capacities matched); 3 rounds
2026-09-08	lane-fairness	CodecBenchmark	decodeCirceAst	294.2	ns/op	-f 1, class-declared @Warmup/@Measurement, 3 rounds, per-lane MINIMUM, sbt-free launcher, one JVM per class	quiet box 14 cores, AFTER the lane-fairness audit (capacities matched); 3 rounds
2026-09-08	lane-fairness	CodecBenchmark	decodeHandAst	146.2	ns/op	-f 1, class-declared @Warmup/@Measurement, 3 rounds, per-lane MINIMUM, sbt-free launcher, one JVM per class	quiet box 14 cores, AFTER the lane-fairness audit (capacities matched); 3 rounds
2026-09-08	lane-fairness	CodecBenchmark	decodeInterpAst	681.1	ns/op	-f 1, class-declared @Warmup/@Measurement, 3 rounds, per-lane MINIMUM, sbt-free launcher, one JVM per class	quiet box 14 cores, AFTER the lane-fairness audit (capacities matched); 3 rounds
2026-09-08	lane-fairness	CodecBenchmark	decodeRuntimeStagedAst	237.5	ns/op	-f 1, class-declared @Warmup/@Measurement, 3 rounds, per-lane MINIMUM, sbt-free launcher, one JVM per class	quiet box 14 cores, AFTER the lane-fairness audit (capacities matched); 3 rounds
2026-09-08	lane-fairness	CodecBenchmark	decodeSeamAst	686.2	ns/op	-f 1, class-declared @Warmup/@Measurement, 3 rounds, per-lane MINIMUM, sbt-free launcher, one JVM per class	quiet box 14 cores, AFTER the lane-fairness audit (capacities matched); 3 rounds
2026-09-08	lane-fairness	CodecBenchmark	decodeSeamStagedAst	229.5	ns/op	-f 1, class-declared @Warmup/@Measurement, 3 rounds, per-lane MINIMUM, sbt-free launcher, one JVM per class	quiet box 14 cores, AFTER the lane-fairness audit (capacities matched); 3 rounds
2026-09-08	lane-fairness	CodecBenchmark	decodeStagedAst	245.7	ns/op	-f 1, class-declared @Warmup/@Measurement, 3 rounds, per-lane MINIMUM, sbt-free launcher, one JVM per class	quiet box 14 cores, AFTER the lane-fairness audit (capacities matched); 3 rounds; WIDE max/min 1.53x -- read as a rank
2026-09-08	lane-fairness	CodecBenchmark	decodeSumInterpAst	657.6	ns/op	-f 1, class-declared @Warmup/@Measurement, 3 rounds, per-lane MINIMUM, sbt-free launcher, one JVM per class	quiet box 14 cores, AFTER the lane-fairness audit (capacities matched); 3 rounds
2026-09-08	lane-fairness	CodecBenchmark	encodeCirce	646.9	ns/op	-f 1, class-declared @Warmup/@Measurement, 3 rounds, per-lane MINIMUM, sbt-free launcher, one JVM per class	quiet box 14 cores, AFTER the lane-fairness audit (capacities matched); 3 rounds
2026-09-08	lane-fairness	CodecBenchmark	encodeHand	116.3	ns/op	-f 1, class-declared @Warmup/@Measurement, 3 rounds, per-lane MINIMUM, sbt-free launcher, one JVM per class	quiet box 14 cores, AFTER the lane-fairness audit (capacities matched); 3 rounds
2026-09-08	lane-fairness	CodecBenchmark	encodeInterp	493.8	ns/op	-f 1, class-declared @Warmup/@Measurement, 3 rounds, per-lane MINIMUM, sbt-free launcher, one JVM per class	quiet box 14 cores, AFTER the lane-fairness audit (capacities matched); 3 rounds
2026-09-08	lane-fairness	CodecBenchmark	encodeRuntimeStaged	198	ns/op	-f 1, class-declared @Warmup/@Measurement, 3 rounds, per-lane MINIMUM, sbt-free launcher, one JVM per class	quiet box 14 cores, AFTER the lane-fairness audit (capacities matched); 3 rounds
2026-09-08	lane-fairness	CodecBenchmark	encodeSeam	497.3	ns/op	-f 1, class-declared @Warmup/@Measurement, 3 rounds, per-lane MINIMUM, sbt-free launcher, one JVM per class	quiet box 14 cores, AFTER the lane-fairness audit (capacities matched); 3 rounds
2026-09-08	lane-fairness	CodecBenchmark	encodeSeamStaged	200.2	ns/op	-f 1, class-declared @Warmup/@Measurement, 3 rounds, per-lane MINIMUM, sbt-free launcher, one JVM per class	quiet box 14 cores, AFTER the lane-fairness audit (capacities matched); 3 rounds
2026-09-08	lane-fairness	CodecBenchmark	encodeStaged	135.4	ns/op	-f 1, class-declared @Warmup/@Measurement, 3 rounds, per-lane MINIMUM, sbt-free launcher, one JVM per class	quiet box 14 cores, AFTER the lane-fairness audit (capacities matched); 3 rounds
2026-09-08	lane-fairness	CodecBenchmark	encodeSumInterp	656.9	ns/op	-f 1, class-declared @Warmup/@Measurement, 3 rounds, per-lane MINIMUM, sbt-free launcher, one JVM per class	quiet box 14 cores, AFTER the lane-fairness audit (capacities matched); 3 rounds
2026-09-08	lane-fairness	CodecBenchmark	generateRuntimeStaged	1.208e+07	ns/op	-f 1, class-declared @Warmup/@Measurement, 3 rounds, per-lane MINIMUM, sbt-free launcher, one JVM per class	quiet box 14 cores, AFTER the lane-fairness audit (capacities matched); 3 rounds
2026-09-08	lane-fairness	CodecBenchmark	parseCirce	479	ns/op	-f 1, class-declared @Warmup/@Measurement, 3 rounds, per-lane MINIMUM, sbt-free launcher, one JVM per class	quiet box 14 cores, AFTER the lane-fairness audit (capacities matched); 3 rounds; WIDE max/min 1.42x -- read as a rank
2026-09-08	lane-fairness	CodecBenchmark	parseOnly	241.9	ns/op	-f 1, class-declared @Warmup/@Measurement, 3 rounds, per-lane MINIMUM, sbt-free launcher, one JVM per class	quiet box 14 cores, AFTER the lane-fairness audit (capacities matched); 3 rounds
2026-09-08	lane-fairness	CodecBenchmark	parseValueOnly	245.9	ns/op	-f 1, class-declared @Warmup/@Measurement, 3 rounds, per-lane MINIMUM, sbt-free launcher, one JVM per class	quiet box 14 cores, AFTER the lane-fairness audit (capacities matched); 3 rounds
2026-09-08	lane-fairness	CodecBenchmark	textToOrderCirce	746.7	ns/op	-f 1, class-declared @Warmup/@Measurement, 3 rounds, per-lane MINIMUM, sbt-free launcher, one JVM per class	quiet box 14 cores, AFTER the lane-fairness audit (capacities matched); 3 rounds
2026-09-08	lane-fairness	CodecBenchmark	textToOrderLossless	948.8	ns/op	-f 1, class-declared @Warmup/@Measurement, 3 rounds, per-lane MINIMUM, sbt-free launcher, one JVM per class	quiet box 14 cores, AFTER the lane-fairness audit (capacities matched); 3 rounds
2026-09-08	lane-fairness	CodecBenchmark	textToOrderStaged	488.2	ns/op	-f 1, class-declared @Warmup/@Measurement, 3 rounds, per-lane MINIMUM, sbt-free launcher, one JVM per class	quiet box 14 cores, AFTER the lane-fairness audit (capacities matched); 3 rounds
2026-09-08	lane-fairness	CodecBenchmark	textToOrderStrict	1105	ns/op	-f 1, class-declared @Warmup/@Measurement, 3 rounds, per-lane MINIMUM, sbt-free launcher, one JVM per class	quiet box 14 cores, AFTER the lane-fairness audit (capacities matched); 3 rounds
2026-09-08	lane-fairness	CodecBenchmark	textToOrderStrictRuntimeStaged	405.7	ns/op	-f 1, class-declared @Warmup/@Measurement, 3 rounds, per-lane MINIMUM, sbt-free launcher, one JVM per class	quiet box 14 cores, AFTER the lane-fairness audit (capacities matched); 3 rounds
2026-09-08	lane-fairness	CodecBenchmark	textToOrderStrictStaged	350.3	ns/op	-f 1, class-declared @Warmup/@Measurement, 3 rounds, per-lane MINIMUM, sbt-free launcher, one JVM per class	quiet box 14 cores, AFTER the lane-fairness audit (capacities matched); 3 rounds
2026-09-08	lane-fairness	CompareBenchmark	atnosEff	286.1	us/op	-f 1, class-declared @Warmup/@Measurement, 3 rounds, per-lane MINIMUM, sbt-free launcher, one JVM per class	quiet box 14 cores, AFTER the lane-fairness audit (capacities matched); 3 rounds
2026-09-08	lane-fairness	CompareBenchmark	catsEval	152.7	us/op	-f 1, class-declared @Warmup/@Measurement, 3 rounds, per-lane MINIMUM, sbt-free launcher, one JVM per class	quiet box 14 cores, AFTER the lane-fairness audit (capacities matched); 3 rounds
2026-09-08	lane-fairness	CompareBenchmark	catsFree	116.9	us/op	-f 1, class-declared @Warmup/@Measurement, 3 rounds, per-lane MINIMUM, sbt-free launcher, one JVM per class	quiet box 14 cores, AFTER the lane-fairness audit (capacities matched); 3 rounds
2026-09-08	lane-fairness	CompareBenchmark	catsIO	163.2	us/op	-f 1, class-declared @Warmup/@Measurement, 3 rounds, per-lane MINIMUM, sbt-free launcher, one JVM per class	quiet box 14 cores, AFTER the lane-fairness audit (capacities matched); 3 rounds
2026-09-08	lane-fairness	CompareBenchmark	kyoChain	60.06	us/op	-f 1, class-declared @Warmup/@Measurement, 3 rounds, per-lane MINIMUM, sbt-free launcher, one JVM per class	quiet box 14 cores, AFTER the lane-fairness audit (capacities matched); 3 rounds
2026-09-08	lane-fairness	CompareBenchmark	okayCont	94.93	us/op	-f 1, class-declared @Warmup/@Measurement, 3 rounds, per-lane MINIMUM, sbt-free launcher, one JVM per class	quiet box 14 cores, AFTER the lane-fairness audit (capacities matched); 3 rounds
2026-09-08	lane-fairness	CompareBenchmark	okayEager	5.483	us/op	-f 1, class-declared @Warmup/@Measurement, 3 rounds, per-lane MINIMUM, sbt-free launcher, one JVM per class	quiet box 14 cores, AFTER the lane-fairness audit (capacities matched); 3 rounds
2026-09-08	lane-fairness	CompareBenchmark	okayFree	112.3	us/op	-f 1, class-declared @Warmup/@Measurement, 3 rounds, per-lane MINIMUM, sbt-free launcher, one JVM per class	quiet box 14 cores, AFTER the lane-fairness audit (capacities matched); 3 rounds
2026-09-08	lane-fairness	CompareBenchmark	zioChain	193.2	us/op	-f 1, class-declared @Warmup/@Measurement, 3 rounds, per-lane MINIMUM, sbt-free launcher, one JVM per class	quiet box 14 cores, AFTER the lane-fairness audit (capacities matched); 3 rounds
2026-09-08	lane-fairness	DirectBenchmark	kyoDirect	175.9	us/op	-f 1, class-declared @Warmup/@Measurement, 3 rounds, per-lane MINIMUM, sbt-free launcher, one JVM per class	quiet box 14 cores, AFTER the lane-fairness audit (capacities matched); 3 rounds
2026-09-08	lane-fairness	DirectBenchmark	kyoFlatMap	56.14	us/op	-f 1, class-declared @Warmup/@Measurement, 3 rounds, per-lane MINIMUM, sbt-free launcher, one JVM per class	quiet box 14 cores, AFTER the lane-fairness audit (capacities matched); 3 rounds; WIDE max/min 1.29x -- read as a rank
2026-09-08	lane-fairness	DirectBenchmark	okayDirect	108.8	us/op	-f 1, class-declared @Warmup/@Measurement, 3 rounds, per-lane MINIMUM, sbt-free launcher, one JVM per class	quiet box 14 cores, AFTER the lane-fairness audit (capacities matched); 3 rounds
2026-09-08	lane-fairness	DirectBenchmark	okayDirectRec	61.8	us/op	-f 1, class-declared @Warmup/@Measurement, 3 rounds, per-lane MINIMUM, sbt-free launcher, one JVM per class	quiet box 14 cores, AFTER the lane-fairness audit (capacities matched); 3 rounds
2026-09-08	lane-fairness	DirectBenchmark	okayFlatMap	103.5	us/op	-f 1, class-declared @Warmup/@Measurement, 3 rounds, per-lane MINIMUM, sbt-free launcher, one JVM per class	quiet box 14 cores, AFTER the lane-fairness audit (capacities matched); 3 rounds
2026-09-08	lane-fairness	DirectBenchmark	zioDirect	127.4	us/op	-f 1, class-declared @Warmup/@Measurement, 3 rounds, per-lane MINIMUM, sbt-free launcher, one JVM per class	quiet box 14 cores, AFTER the lane-fairness audit (capacities matched); 3 rounds
2026-09-08	lane-fairness	DirectBenchmark	zioFlatMap	195.5	us/op	-f 1, class-declared @Warmup/@Measurement, 3 rounds, per-lane MINIMUM, sbt-free launcher, one JVM per class	quiet box 14 cores, AFTER the lane-fairness audit (capacities matched); 3 rounds
2026-09-08	lane-fairness	FairnessProbeBenchmark	chain_catsIO_delay	161.4	us/op	-f 1, class-declared @Warmup/@Measurement, 3 rounds, per-lane MINIMUM, sbt-free launcher, one JVM per class	quiet box 14 cores, AFTER the lane-fairness audit (capacities matched); 3 rounds
2026-09-08	lane-fairness	FairnessProbeBenchmark	chain_catsIO_pure	138.4	us/op	-f 1, class-declared @Warmup/@Measurement, 3 rounds, per-lane MINIMUM, sbt-free launcher, one JVM per class	quiet box 14 cores, AFTER the lane-fairness audit (capacities matched); 3 rounds
2026-09-08	lane-fairness	FairnessProbeBenchmark	chain_okayCont	94.71	us/op	-f 1, class-declared @Warmup/@Measurement, 3 rounds, per-lane MINIMUM, sbt-free launcher, one JVM per class	quiet box 14 cores, AFTER the lane-fairness audit (capacities matched); 3 rounds
2026-09-08	lane-fairness	FairnessProbeBenchmark	chain_zio_exit	186.3	us/op	-f 1, class-declared @Warmup/@Measurement, 3 rounds, per-lane MINIMUM, sbt-free launcher, one JVM per class	quiet box 14 cores, AFTER the lane-fairness audit (capacities matched); 3 rounds
2026-09-08	lane-fairness	FairnessProbeBenchmark	chain_zio_succeed	193.8	us/op	-f 1, class-declared @Warmup/@Measurement, 3 rounds, per-lane MINIMUM, sbt-free launcher, one JVM per class	quiet box 14 cores, AFTER the lane-fairness audit (capacities matched); 3 rounds
2026-09-08	lane-fairness	FairnessProbeBenchmark	floor_catsIO	8.437	us/op	-f 1, class-declared @Warmup/@Measurement, 3 rounds, per-lane MINIMUM, sbt-free launcher, one JVM per class	quiet box 14 cores, AFTER the lane-fairness audit (capacities matched); 3 rounds
2026-09-08	lane-fairness	FairnessProbeBenchmark	floor_kyoEval	0.004818	us/op	-f 1, class-declared @Warmup/@Measurement, 3 rounds, per-lane MINIMUM, sbt-free launcher, one JVM per class	quiet box 14 cores, AFTER the lane-fairness audit (capacities matched); 3 rounds
2026-09-08	lane-fairness	FairnessProbeBenchmark	floor_kyoRunAndBlock	8.083	us/op	-f 1, class-declared @Warmup/@Measurement, 3 rounds, per-lane MINIMUM, sbt-free launcher, one JVM per class	quiet box 14 cores, AFTER the lane-fairness audit (capacities matched); 3 rounds
2026-09-08	lane-fairness	FairnessProbeBenchmark	floor_okay	0.002141	us/op	-f 1, class-declared @Warmup/@Measurement, 3 rounds, per-lane MINIMUM, sbt-free launcher, one JVM per class	quiet box 14 cores, AFTER the lane-fairness audit (capacities matched); 3 rounds
2026-09-08	lane-fairness	FairnessProbeBenchmark	floor_zio	0.04342	us/op	-f 1, class-declared @Warmup/@Measurement, 3 rounds, per-lane MINIMUM, sbt-free launcher, one JVM per class	quiet box 14 cores, AFTER the lane-fairness audit (capacities matched); 3 rounds
2026-09-08	lane-fairness	FairnessProbeBenchmark	merge_fs2_chunkedBefore	985.4	us/op	-f 1, class-declared @Warmup/@Measurement, 3 rounds, per-lane MINIMUM, sbt-free launcher, one JVM per class	quiet box 14 cores, AFTER the lane-fairness audit (capacities matched); 3 rounds
2026-09-08	lane-fairness	FairnessProbeBenchmark	merge_fs2_emitsBefore	327	us/op	-f 1, class-declared @Warmup/@Measurement, 3 rounds, per-lane MINIMUM, sbt-free launcher, one JVM per class	quiet box 14 cores, AFTER the lane-fairness audit (capacities matched); 3 rounds
2026-09-08	lane-fairness	FairnessProbeBenchmark	merge_fs2_singletons	4.097e+04	us/op	-f 1, class-declared @Warmup/@Measurement, 3 rounds, per-lane MINIMUM, sbt-free launcher, one JVM per class	quiet box 14 cores, AFTER the lane-fairness audit (capacities matched); 3 rounds
2026-09-08	lane-fairness	FairnessProbeBenchmark	merge_zio_range	73.37	us/op	-f 1, class-declared @Warmup/@Measurement, 3 rounds, per-lane MINIMUM, sbt-free launcher, one JVM per class	quiet box 14 cores, AFTER the lane-fairness audit (capacities matched); 3 rounds
2026-09-08	lane-fairness	FairnessProbeBenchmark	pipeline_fs2EmitsPure	21.66	us/op	-f 1, class-declared @Warmup/@Measurement, 3 rounds, per-lane MINIMUM, sbt-free launcher, one JVM per class	quiet box 14 cores, AFTER the lane-fairness audit (capacities matched); 3 rounds
2026-09-08	lane-fairness	FairnessProbeBenchmark	pipeline_fs2IterateIO	1877	us/op	-f 1, class-declared @Warmup/@Measurement, 3 rounds, per-lane MINIMUM, sbt-free launcher, one JVM per class	quiet box 14 cores, AFTER the lane-fairness audit (capacities matched); 3 rounds
2026-09-08	lane-fairness	FairnessProbeBenchmark	pipeline_fs2RangeIO	1851	us/op	-f 1, class-declared @Warmup/@Measurement, 3 rounds, per-lane MINIMUM, sbt-free launcher, one JVM per class	quiet box 14 cores, AFTER the lane-fairness audit (capacities matched); 3 rounds
2026-09-08	lane-fairness	FairnessProbeBenchmark	pipeline_fs2RangePure	1506	us/op	-f 1, class-declared @Warmup/@Measurement, 3 rounds, per-lane MINIMUM, sbt-free launcher, one JVM per class	quiet box 14 cores, AFTER the lane-fairness audit (capacities matched); 3 rounds
2026-09-08	lane-fairness	FairnessProbeBenchmark	pipeline_stdIterator	14.92	us/op	-f 1, class-declared @Warmup/@Measurement, 3 rounds, per-lane MINIMUM, sbt-free launcher, one JVM per class	quiet box 14 cores, AFTER the lane-fairness audit (capacities matched); 3 rounds
2026-09-08	lane-fairness	FairnessProbeBenchmark	pipeline_zioIterate	695.3	us/op	-f 1, class-declared @Warmup/@Measurement, 3 rounds, per-lane MINIMUM, sbt-free launcher, one JVM per class	quiet box 14 cores, AFTER the lane-fairness audit (capacities matched); 3 rounds
2026-09-08	lane-fairness	FairnessProbeBenchmark	pipeline_zioRange	40.72	us/op	-f 1, class-declared @Warmup/@Measurement, 3 rounds, per-lane MINIMUM, sbt-free launcher, one JVM per class	quiet box 14 cores, AFTER the lane-fairness audit (capacities matched); 3 rounds
2026-09-08	lane-fairness	FairnessProbeBenchmark	producer_cats_fs2EvalMap	4317	us/op	-f 1, class-declared @Warmup/@Measurement, 3 rounds, per-lane MINIMUM, sbt-free launcher, one JVM per class	quiet box 14 cores, AFTER the lane-fairness audit (capacities matched); 3 rounds
2026-09-08	lane-fairness	FairnessProbeBenchmark	producer_cats_ioLoop	3131	us/op	-f 1, class-declared @Warmup/@Measurement, 3 rounds, per-lane MINIMUM, sbt-free launcher, one JVM per class	quiet box 14 cores, AFTER the lane-fairness audit (capacities matched); 3 rounds
2026-09-08	lane-fairness	FairnessProbeBenchmark	producer_zio_foreach	243.8	us/op	-f 1, class-declared @Warmup/@Measurement, 3 rounds, per-lane MINIMUM, sbt-free launcher, one JVM per class	quiet box 14 cores, AFTER the lane-fairness audit (capacities matched); 3 rounds
2026-09-08	lane-fairness	FairnessProbeBenchmark	queue_okay_chunkNative	22.45	us/op	-f 1, class-declared @Warmup/@Measurement, 3 rounds, per-lane MINIMUM, sbt-free launcher, one JVM per class	quiet box 14 cores, AFTER the lane-fairness audit (capacities matched); 3 rounds
2026-09-08	lane-fairness	FairnessProbeBenchmark	queue_zio_refUpdate	128.3	us/op	-f 1, class-declared @Warmup/@Measurement, 3 rounds, per-lane MINIMUM, sbt-free launcher, one JVM per class	quiet box 14 cores, AFTER the lane-fairness audit (capacities matched); 3 rounds
2026-09-08	lane-fairness	FairnessProbeBenchmark	queue_zio_runSum	177.7	us/op	-f 1, class-declared @Warmup/@Measurement, 3 rounds, per-lane MINIMUM, sbt-free launcher, one JVM per class	quiet box 14 cores, AFTER the lane-fairness audit (capacities matched); 3 rounds
2026-09-08	lane-fairness	FairnessProbeBenchmark	queue_zio_varSum	120.4	us/op	-f 1, class-declared @Warmup/@Measurement, 3 rounds, per-lane MINIMUM, sbt-free launcher, one JVM per class	quiet box 14 cores, AFTER the lane-fairness audit (capacities matched); 3 rounds
2026-09-08	lane-fairness	GeneratorBenchmark	fs2Stream	268.4	us/op	-f 1, class-declared @Warmup/@Measurement, 3 rounds, per-lane MINIMUM, sbt-free launcher, one JVM per class	quiet box 14 cores, AFTER the lane-fairness audit (capacities matched); 3 rounds
2026-09-08	lane-fairness	GeneratorBenchmark	kyoStream	70.72	us/op	-f 1, class-declared @Warmup/@Measurement, 3 rounds, per-lane MINIMUM, sbt-free launcher, one JVM per class	quiet box 14 cores, AFTER the lane-fairness audit (capacities matched); 3 rounds
2026-09-08	lane-fairness	GeneratorBenchmark	okayLazyList	35.53	us/op	-f 1, class-declared @Warmup/@Measurement, 3 rounds, per-lane MINIMUM, sbt-free launcher, one JVM per class	quiet box 14 cores, AFTER the lane-fairness audit (capacities matched); 3 rounds
2026-09-08	lane-fairness	GeneratorBenchmark	okayProducer	19.22	us/op	-f 1, class-declared @Warmup/@Measurement, 3 rounds, per-lane MINIMUM, sbt-free launcher, one JVM per class	quiet box 14 cores, AFTER the lane-fairness audit (capacities matched); 3 rounds
2026-09-08	lane-fairness	GeneratorBenchmark	stdIterator	11.68	us/op	-f 1, class-declared @Warmup/@Measurement, 3 rounds, per-lane MINIMUM, sbt-free launcher, one JVM per class	quiet box 14 cores, AFTER the lane-fairness audit (capacities matched); 3 rounds
2026-09-08	lane-fairness	GeneratorBenchmark	stdLazyList	16.21	us/op	-f 1, class-declared @Warmup/@Measurement, 3 rounds, per-lane MINIMUM, sbt-free launcher, one JVM per class	quiet box 14 cores, AFTER the lane-fairness audit (capacities matched); 3 rounds
2026-09-08	lane-fairness	GeneratorBenchmark	zioStream	175.1	us/op	-f 1, class-declared @Warmup/@Measurement, 3 rounds, per-lane MINIMUM, sbt-free launcher, one JVM per class	quiet box 14 cores, AFTER the lane-fairness audit (capacities matched); 3 rounds
2026-09-08	lane-fairness	IdiomaticApiBenchmark	okayChannelForeach_chunkNative_runForeach	21.47	us/op	-f 1, class-declared @Warmup/@Measurement, 3 rounds, per-lane MINIMUM, sbt-free launcher, one JVM per class	quiet box 14 cores, AFTER the lane-fairness audit (capacities matched); 3 rounds
2026-09-08	lane-fairness	IdiomaticApiBenchmark	okayChannelForeach_chunk_fold	370.7	us/op	-f 1, class-declared @Warmup/@Measurement, 3 rounds, per-lane MINIMUM, sbt-free launcher, one JVM per class	quiet box 14 cores, AFTER the lane-fairness audit (capacities matched); 3 rounds
2026-09-08	lane-fairness	IdiomaticApiBenchmark	okayChannelForeach_elem_lazyList	236.9	us/op	-f 1, class-declared @Warmup/@Measurement, 3 rounds, per-lane MINIMUM, sbt-free launcher, one JVM per class	quiet box 14 cores, AFTER the lane-fairness audit (capacities matched); 3 rounds
2026-09-08	lane-fairness	IdiomaticApiBenchmark	okayChannelForeach_elem_runForeach	200	us/op	-f 1, class-declared @Warmup/@Measurement, 3 rounds, per-lane MINIMUM, sbt-free launcher, one JVM per class	quiet box 14 cores, AFTER the lane-fairness audit (capacities matched); 3 rounds
2026-09-08	lane-fairness	IdiomaticApiBenchmark	okayCollectionForeach_chunk_fold	11.45	us/op	-f 1, class-declared @Warmup/@Measurement, 3 rounds, per-lane MINIMUM, sbt-free launcher, one JVM per class	quiet box 14 cores, AFTER the lane-fairness audit (capacities matched); 3 rounds
2026-09-08	lane-fairness	IdiomaticApiBenchmark	okayCollectionForeach_elem_lazyList	150.2	us/op	-f 1, class-declared @Warmup/@Measurement, 3 rounds, per-lane MINIMUM, sbt-free launcher, one JVM per class	quiet box 14 cores, AFTER the lane-fairness audit (capacities matched); 3 rounds
2026-09-08	lane-fairness	IdiomaticApiBenchmark	okayCollectionForeach_elem_runForeach	111.1	us/op	-f 1, class-declared @Warmup/@Measurement, 3 rounds, per-lane MINIMUM, sbt-free launcher, one JVM per class	quiet box 14 cores, AFTER the lane-fairness audit (capacities matched); 3 rounds
2026-09-08	lane-fairness	IdiomaticApiBenchmark	okayCollection_chunk_fold	11.63	us/op	-f 1, class-declared @Warmup/@Measurement, 3 rounds, per-lane MINIMUM, sbt-free launcher, one JVM per class	quiet box 14 cores, AFTER the lane-fairness audit (capacities matched); 3 rounds
2026-09-08	lane-fairness	IdiomaticApiBenchmark	okayCollection_elem_lazyList	162.9	us/op	-f 1, class-declared @Warmup/@Measurement, 3 rounds, per-lane MINIMUM, sbt-free launcher, one JVM per class	quiet box 14 cores, AFTER the lane-fairness audit (capacities matched); 3 rounds
2026-09-08	lane-fairness	IdiomaticApiBenchmark	okayCollection_elem_runCollect	128.8	us/op	-f 1, class-declared @Warmup/@Measurement, 3 rounds, per-lane MINIMUM, sbt-free launcher, one JVM per class	quiet box 14 cores, AFTER the lane-fairness audit (capacities matched); 3 rounds
2026-09-08	lane-fairness	IdiomaticApiBenchmark	okayStep_elem_lazyList	89.77	us/op	-f 1, class-declared @Warmup/@Measurement, 3 rounds, per-lane MINIMUM, sbt-free launcher, one JVM per class	quiet box 14 cores, AFTER the lane-fairness audit (capacities matched); 3 rounds
2026-09-08	lane-fairness	IdiomaticApiBenchmark	okayStep_elem_unfold_lazyList	104.3	us/op	-f 1, class-declared @Warmup/@Measurement, 3 rounds, per-lane MINIMUM, sbt-free launcher, one JVM per class	quiet box 14 cores, AFTER the lane-fairness audit (capacities matched); 3 rounds
2026-09-08	lane-fairness	IdiomaticApiBenchmark	zioChannelForeach_chunk_runForeach	130.1	us/op	-f 1, class-declared @Warmup/@Measurement, 3 rounds, per-lane MINIMUM, sbt-free launcher, one JVM per class	quiet box 14 cores, AFTER the lane-fairness audit (capacities matched); 3 rounds
2026-09-08	lane-fairness	IdiomaticApiBenchmark	zioCollectionForeach_chunk_runForeach	94.34	us/op	-f 1, class-declared @Warmup/@Measurement, 3 rounds, per-lane MINIMUM, sbt-free launcher, one JVM per class	quiet box 14 cores, AFTER the lane-fairness audit (capacities matched); 3 rounds
2026-09-08	lane-fairness	IdiomaticApiBenchmark	zioCollection_chunk_runSum	58.6	us/op	-f 1, class-declared @Warmup/@Measurement, 3 rounds, per-lane MINIMUM, sbt-free launcher, one JVM per class	quiet box 14 cores, AFTER the lane-fairness audit (capacities matched); 3 rounds
2026-09-08	lane-fairness	IdiomaticApiBenchmark	zioStep_elem_runSum	280.4	us/op	-f 1, class-declared @Warmup/@Measurement, 3 rounds, per-lane MINIMUM, sbt-free launcher, one JVM per class	quiet box 14 cores, AFTER the lane-fairness audit (capacities matched); 3 rounds
2026-09-08	lane-fairness	LazinessBenchmark	catsIOBuild	21.33	us/op	-f 1, class-declared @Warmup/@Measurement, 3 rounds, per-lane MINIMUM, sbt-free launcher, one JVM per class	quiet box 14 cores, AFTER the lane-fairness audit (capacities matched); 3 rounds
2026-09-08	lane-fairness	LazinessBenchmark	kyoBuild	60.95	us/op	-f 1, class-declared @Warmup/@Measurement, 3 rounds, per-lane MINIMUM, sbt-free launcher, one JVM per class	quiet box 14 cores, AFTER the lane-fairness audit (capacities matched); 3 rounds
2026-09-08	lane-fairness	LazinessBenchmark	okayBuild	13.45	us/op	-f 1, class-declared @Warmup/@Measurement, 3 rounds, per-lane MINIMUM, sbt-free launcher, one JVM per class	quiet box 14 cores, AFTER the lane-fairness audit (capacities matched); 3 rounds
2026-09-08	lane-fairness	ManyProducersBenchmark	adaptiveManyConsumers  consumers=1  producers=1	721.8	us/op	-f 1, class-declared @Warmup/@Measurement, 3 rounds, per-lane MINIMUM, sbt-free launcher, one JVM per class	quiet box 14 cores, AFTER the lane-fairness audit (capacities matched); 3 rounds
2026-09-08	lane-fairness	ManyProducersBenchmark	adaptiveManyConsumers  consumers=1  producers=16	559.5	us/op	-f 1, class-declared @Warmup/@Measurement, 3 rounds, per-lane MINIMUM, sbt-free launcher, one JVM per class	quiet box 14 cores, AFTER the lane-fairness audit (capacities matched); 3 rounds
2026-09-08	lane-fairness	ManyProducersBenchmark	adaptiveManyConsumers  consumers=1  producers=4	542.3	us/op	-f 1, class-declared @Warmup/@Measurement, 3 rounds, per-lane MINIMUM, sbt-free launcher, one JVM per class	quiet box 14 cores, AFTER the lane-fairness audit (capacities matched); 3 rounds
2026-09-08	lane-fairness	ManyProducersBenchmark	adaptiveManyConsumers  consumers=4  producers=1	1531	us/op	-f 1, class-declared @Warmup/@Measurement, 3 rounds, per-lane MINIMUM, sbt-free launcher, one JVM per class	quiet box 14 cores, AFTER the lane-fairness audit (capacities matched); 3 rounds
2026-09-08	lane-fairness	ManyProducersBenchmark	adaptiveManyConsumers  consumers=4  producers=16	1161	us/op	-f 1, class-declared @Warmup/@Measurement, 3 rounds, per-lane MINIMUM, sbt-free launcher, one JVM per class	quiet box 14 cores, AFTER the lane-fairness audit (capacities matched); 3 rounds
2026-09-08	lane-fairness	ManyProducersBenchmark	adaptiveManyConsumers  consumers=4  producers=4	1207	us/op	-f 1, class-declared @Warmup/@Measurement, 3 rounds, per-lane MINIMUM, sbt-free launcher, one JVM per class	quiet box 14 cores, AFTER the lane-fairness audit (capacities matched); 3 rounds
2026-09-08	lane-fairness	ManyProducersBenchmark	adaptiveUnbounded_chunk  consumers=1  producers=1	161.7	us/op	-f 1, class-declared @Warmup/@Measurement, 3 rounds, per-lane MINIMUM, sbt-free launcher, one JVM per class	quiet box 14 cores, AFTER the lane-fairness audit (capacities matched); 3 rounds
2026-09-08	lane-fairness	ManyProducersBenchmark	adaptiveUnbounded_chunk  consumers=1  producers=16	108.7	us/op	-f 1, class-declared @Warmup/@Measurement, 3 rounds, per-lane MINIMUM, sbt-free launcher, one JVM per class	quiet box 14 cores, AFTER the lane-fairness audit (capacities matched); 3 rounds
2026-09-08	lane-fairness	ManyProducersBenchmark	adaptiveUnbounded_chunk  consumers=1  producers=4	130.9	us/op	-f 1, class-declared @Warmup/@Measurement, 3 rounds, per-lane MINIMUM, sbt-free launcher, one JVM per class	quiet box 14 cores, AFTER the lane-fairness audit (capacities matched); 3 rounds
2026-09-08	lane-fairness	ManyProducersBenchmark	adaptiveUnbounded_chunk  consumers=4  producers=1	160	us/op	-f 1, class-declared @Warmup/@Measurement, 3 rounds, per-lane MINIMUM, sbt-free launcher, one JVM per class	quiet box 14 cores, AFTER the lane-fairness audit (capacities matched); 3 rounds
2026-09-08	lane-fairness	ManyProducersBenchmark	adaptiveUnbounded_chunk  consumers=4  producers=16	110.1	us/op	-f 1, class-declared @Warmup/@Measurement, 3 rounds, per-lane MINIMUM, sbt-free launcher, one JVM per class	quiet box 14 cores, AFTER the lane-fairness audit (capacities matched); 3 rounds
2026-09-08	lane-fairness	ManyProducersBenchmark	adaptiveUnbounded_chunk  consumers=4  producers=4	126	us/op	-f 1, class-declared @Warmup/@Measurement, 3 rounds, per-lane MINIMUM, sbt-free launcher, one JVM per class	quiet box 14 cores, AFTER the lane-fairness audit (capacities matched); 3 rounds
2026-09-08	lane-fairness	ManyProducersBenchmark	adaptiveWide_chunk  consumers=1  producers=1	169.4	us/op	-f 1, class-declared @Warmup/@Measurement, 3 rounds, per-lane MINIMUM, sbt-free launcher, one JVM per class	quiet box 14 cores, AFTER the lane-fairness audit (capacities matched); 3 rounds
2026-09-08	lane-fairness	ManyProducersBenchmark	adaptiveWide_chunk  consumers=1  producers=16	115.1	us/op	-f 1, class-declared @Warmup/@Measurement, 3 rounds, per-lane MINIMUM, sbt-free launcher, one JVM per class	quiet box 14 cores, AFTER the lane-fairness audit (capacities matched); 3 rounds
2026-09-08	lane-fairness	ManyProducersBenchmark	adaptiveWide_chunk  consumers=1  producers=4	166	us/op	-f 1, class-declared @Warmup/@Measurement, 3 rounds, per-lane MINIMUM, sbt-free launcher, one JVM per class	quiet box 14 cores, AFTER the lane-fairness audit (capacities matched); 3 rounds
2026-09-08	lane-fairness	ManyProducersBenchmark	adaptiveWide_chunk  consumers=4  producers=1	172.8	us/op	-f 1, class-declared @Warmup/@Measurement, 3 rounds, per-lane MINIMUM, sbt-free launcher, one JVM per class	quiet box 14 cores, AFTER the lane-fairness audit (capacities matched); 3 rounds
2026-09-08	lane-fairness	ManyProducersBenchmark	adaptiveWide_chunk  consumers=4  producers=16	113.7	us/op	-f 1, class-declared @Warmup/@Measurement, 3 rounds, per-lane MINIMUM, sbt-free launcher, one JVM per class	quiet box 14 cores, AFTER the lane-fairness audit (capacities matched); 3 rounds
2026-09-08	lane-fairness	ManyProducersBenchmark	adaptiveWide_chunk  consumers=4  producers=4	162.4	us/op	-f 1, class-declared @Warmup/@Measurement, 3 rounds, per-lane MINIMUM, sbt-free launcher, one JVM per class	quiet box 14 cores, AFTER the lane-fairness audit (capacities matched); 3 rounds
2026-09-08	lane-fairness	ManyProducersBenchmark	adaptive_chunk  consumers=1  producers=1	1119	us/op	-f 1, class-declared @Warmup/@Measurement, 3 rounds, per-lane MINIMUM, sbt-free launcher, one JVM per class	quiet box 14 cores, AFTER the lane-fairness audit (capacities matched); 3 rounds
2026-09-08	lane-fairness	ManyProducersBenchmark	adaptive_chunk  consumers=1  producers=16	407.6	us/op	-f 1, class-declared @Warmup/@Measurement, 3 rounds, per-lane MINIMUM, sbt-free launcher, one JVM per class	quiet box 14 cores, AFTER the lane-fairness audit (capacities matched); 3 rounds
2026-09-08	lane-fairness	ManyProducersBenchmark	adaptive_chunk  consumers=1  producers=4	558.6	us/op	-f 1, class-declared @Warmup/@Measurement, 3 rounds, per-lane MINIMUM, sbt-free launcher, one JVM per class	quiet box 14 cores, AFTER the lane-fairness audit (capacities matched); 3 rounds
2026-09-08	lane-fairness	ManyProducersBenchmark	adaptive_chunk  consumers=4  producers=1	1109	us/op	-f 1, class-declared @Warmup/@Measurement, 3 rounds, per-lane MINIMUM, sbt-free launcher, one JVM per class	quiet box 14 cores, AFTER the lane-fairness audit (capacities matched); 3 rounds
2026-09-08	lane-fairness	ManyProducersBenchmark	adaptive_chunk  consumers=4  producers=16	413.1	us/op	-f 1, class-declared @Warmup/@Measurement, 3 rounds, per-lane MINIMUM, sbt-free launcher, one JVM per class	quiet box 14 cores, AFTER the lane-fairness audit (capacities matched); 3 rounds
2026-09-08	lane-fairness	ManyProducersBenchmark	adaptive_chunk  consumers=4  producers=4	549.7	us/op	-f 1, class-declared @Warmup/@Measurement, 3 rounds, per-lane MINIMUM, sbt-free launcher, one JVM per class	quiet box 14 cores, AFTER the lane-fairness audit (capacities matched); 3 rounds
2026-09-08	lane-fairness	ManyProducersBenchmark	catsQueue_chunk  consumers=1  producers=1	4158	us/op	-f 1, class-declared @Warmup/@Measurement, 3 rounds, per-lane MINIMUM, sbt-free launcher, one JVM per class	quiet box 14 cores, AFTER the lane-fairness audit (capacities matched); 3 rounds; WIDE max/min 3.12x -- read as a rank
2026-09-08	lane-fairness	ManyProducersBenchmark	catsQueue_chunk  consumers=1  producers=16	7675	us/op	-f 1, class-declared @Warmup/@Measurement, 3 rounds, per-lane MINIMUM, sbt-free launcher, one JVM per class	quiet box 14 cores, AFTER the lane-fairness audit (capacities matched); 3 rounds
2026-09-08	lane-fairness	ManyProducersBenchmark	catsQueue_chunk  consumers=1  producers=4	4396	us/op	-f 1, class-declared @Warmup/@Measurement, 3 rounds, per-lane MINIMUM, sbt-free launcher, one JVM per class	quiet box 14 cores, AFTER the lane-fairness audit (capacities matched); 3 rounds
2026-09-08	lane-fairness	ManyProducersBenchmark	catsQueue_chunk  consumers=4  producers=1	4254	us/op	-f 1, class-declared @Warmup/@Measurement, 3 rounds, per-lane MINIMUM, sbt-free launcher, one JVM per class	quiet box 14 cores, AFTER the lane-fairness audit (capacities matched); 3 rounds
2026-09-08	lane-fairness	ManyProducersBenchmark	catsQueue_chunk  consumers=4  producers=16	7473	us/op	-f 1, class-declared @Warmup/@Measurement, 3 rounds, per-lane MINIMUM, sbt-free launcher, one JVM per class	quiet box 14 cores, AFTER the lane-fairness audit (capacities matched); 3 rounds
2026-09-08	lane-fairness	ManyProducersBenchmark	catsQueue_chunk  consumers=4  producers=4	4572	us/op	-f 1, class-declared @Warmup/@Measurement, 3 rounds, per-lane MINIMUM, sbt-free launcher, one JVM per class	quiet box 14 cores, AFTER the lane-fairness audit (capacities matched); 3 rounds
2026-09-08	lane-fairness	ManyProducersBenchmark	forwarded_chunk  consumers=1  producers=1	140.3	us/op	-f 1, class-declared @Warmup/@Measurement, 3 rounds, per-lane MINIMUM, sbt-free launcher, one JVM per class	quiet box 14 cores, AFTER the lane-fairness audit (capacities matched); 3 rounds
2026-09-08	lane-fairness	ManyProducersBenchmark	forwarded_chunk  consumers=1  producers=16	2832	us/op	-f 1, class-declared @Warmup/@Measurement, 3 rounds, per-lane MINIMUM, sbt-free launcher, one JVM per class	quiet box 14 cores, AFTER the lane-fairness audit (capacities matched); 3 rounds
2026-09-08	lane-fairness	ManyProducersBenchmark	forwarded_chunk  consumers=1  producers=4	1233	us/op	-f 1, class-declared @Warmup/@Measurement, 3 rounds, per-lane MINIMUM, sbt-free launcher, one JVM per class	quiet box 14 cores, AFTER the lane-fairness audit (capacities matched); 3 rounds
2026-09-08	lane-fairness	ManyProducersBenchmark	forwarded_chunk  consumers=4  producers=1	156.4	us/op	-f 1, class-declared @Warmup/@Measurement, 3 rounds, per-lane MINIMUM, sbt-free launcher, one JVM per class	quiet box 14 cores, AFTER the lane-fairness audit (capacities matched); 3 rounds
2026-09-08	lane-fairness	ManyProducersBenchmark	forwarded_chunk  consumers=4  producers=16	2810	us/op	-f 1, class-declared @Warmup/@Measurement, 3 rounds, per-lane MINIMUM, sbt-free launcher, one JVM per class	quiet box 14 cores, AFTER the lane-fairness audit (capacities matched); 3 rounds
2026-09-08	lane-fairness	ManyProducersBenchmark	forwarded_chunk  consumers=4  producers=4	1229	us/op	-f 1, class-declared @Warmup/@Measurement, 3 rounds, per-lane MINIMUM, sbt-free launcher, one JVM per class	quiet box 14 cores, AFTER the lane-fairness audit (capacities matched); 3 rounds
2026-09-08	lane-fairness	ManyProducersBenchmark	growing_chunk  consumers=1  producers=1	170.6	us/op	-f 1, class-declared @Warmup/@Measurement, 3 rounds, per-lane MINIMUM, sbt-free launcher, one JVM per class	quiet box 14 cores, AFTER the lane-fairness audit (capacities matched); 3 rounds
2026-09-08	lane-fairness	ManyProducersBenchmark	growing_chunk  consumers=1  producers=16	393.6	us/op	-f 1, class-declared @Warmup/@Measurement, 3 rounds, per-lane MINIMUM, sbt-free launcher, one JVM per class	quiet box 14 cores, AFTER the lane-fairness audit (capacities matched); 3 rounds
2026-09-08	lane-fairness	ManyProducersBenchmark	growing_chunk  consumers=1  producers=4	527.6	us/op	-f 1, class-declared @Warmup/@Measurement, 3 rounds, per-lane MINIMUM, sbt-free launcher, one JVM per class	quiet box 14 cores, AFTER the lane-fairness audit (capacities matched); 3 rounds
2026-09-08	lane-fairness	ManyProducersBenchmark	growing_chunk  consumers=4  producers=1	170.9	us/op	-f 1, class-declared @Warmup/@Measurement, 3 rounds, per-lane MINIMUM, sbt-free launcher, one JVM per class	quiet box 14 cores, AFTER the lane-fairness audit (capacities matched); 3 rounds
2026-09-08	lane-fairness	ManyProducersBenchmark	growing_chunk  consumers=4  producers=16	424.2	us/op	-f 1, class-declared @Warmup/@Measurement, 3 rounds, per-lane MINIMUM, sbt-free launcher, one JVM per class	quiet box 14 cores, AFTER the lane-fairness audit (capacities matched); 3 rounds
2026-09-08	lane-fairness	ManyProducersBenchmark	growing_chunk  consumers=4  producers=4	528.9	us/op	-f 1, class-declared @Warmup/@Measurement, 3 rounds, per-lane MINIMUM, sbt-free launcher, one JVM per class	quiet box 14 cores, AFTER the lane-fairness audit (capacities matched); 3 rounds
2026-09-08	lane-fairness	ManyProducersBenchmark	onePart_chunk  consumers=1  producers=1	177.2	us/op	-f 1, class-declared @Warmup/@Measurement, 3 rounds, per-lane MINIMUM, sbt-free launcher, one JVM per class	quiet box 14 cores, AFTER the lane-fairness audit (capacities matched); 3 rounds
2026-09-08	lane-fairness	ManyProducersBenchmark	onePart_chunk  consumers=1  producers=16	2881	us/op	-f 1, class-declared @Warmup/@Measurement, 3 rounds, per-lane MINIMUM, sbt-free launcher, one JVM per class	quiet box 14 cores, AFTER the lane-fairness audit (capacities matched); 3 rounds
2026-09-08	lane-fairness	ManyProducersBenchmark	onePart_chunk  consumers=1  producers=4	1240	us/op	-f 1, class-declared @Warmup/@Measurement, 3 rounds, per-lane MINIMUM, sbt-free launcher, one JVM per class	quiet box 14 cores, AFTER the lane-fairness audit (capacities matched); 3 rounds
2026-09-08	lane-fairness	ManyProducersBenchmark	onePart_chunk  consumers=4  producers=1	181.1	us/op	-f 1, class-declared @Warmup/@Measurement, 3 rounds, per-lane MINIMUM, sbt-free launcher, one JVM per class	quiet box 14 cores, AFTER the lane-fairness audit (capacities matched); 3 rounds
2026-09-08	lane-fairness	ManyProducersBenchmark	onePart_chunk  consumers=4  producers=16	2975	us/op	-f 1, class-declared @Warmup/@Measurement, 3 rounds, per-lane MINIMUM, sbt-free launcher, one JVM per class	quiet box 14 cores, AFTER the lane-fairness audit (capacities matched); 3 rounds; WIDE max/min 1.44x -- read as a rank
2026-09-08	lane-fairness	ManyProducersBenchmark	onePart_chunk  consumers=4  producers=4	1251	us/op	-f 1, class-declared @Warmup/@Measurement, 3 rounds, per-lane MINIMUM, sbt-free launcher, one JVM per class	quiet box 14 cores, AFTER the lane-fairness audit (capacities matched); 3 rounds
2026-09-08	lane-fairness	ManyProducersBenchmark	oneRing_chunk  consumers=1  producers=1	169.4	us/op	-f 1, class-declared @Warmup/@Measurement, 3 rounds, per-lane MINIMUM, sbt-free launcher, one JVM per class	quiet box 14 cores, AFTER the lane-fairness audit (capacities matched); 3 rounds
2026-09-08	lane-fairness	ManyProducersBenchmark	oneRing_chunk  consumers=1  producers=16	2828	us/op	-f 1, class-declared @Warmup/@Measurement, 3 rounds, per-lane MINIMUM, sbt-free launcher, one JVM per class	quiet box 14 cores, AFTER the lane-fairness audit (capacities matched); 3 rounds; WIDE max/min 1.29x -- read as a rank
2026-09-08	lane-fairness	ManyProducersBenchmark	oneRing_chunk  consumers=1  producers=4	1257	us/op	-f 1, class-declared @Warmup/@Measurement, 3 rounds, per-lane MINIMUM, sbt-free launcher, one JVM per class	quiet box 14 cores, AFTER the lane-fairness audit (capacities matched); 3 rounds
2026-09-08	lane-fairness	ManyProducersBenchmark	oneRing_chunk  consumers=4  producers=1	135.3	us/op	-f 1, class-declared @Warmup/@Measurement, 3 rounds, per-lane MINIMUM, sbt-free launcher, one JVM per class	quiet box 14 cores, AFTER the lane-fairness audit (capacities matched); 3 rounds
2026-09-08	lane-fairness	ManyProducersBenchmark	oneRing_chunk  consumers=4  producers=16	2990	us/op	-f 1, class-declared @Warmup/@Measurement, 3 rounds, per-lane MINIMUM, sbt-free launcher, one JVM per class	quiet box 14 cores, AFTER the lane-fairness audit (capacities matched); 3 rounds; WIDE max/min 1.31x -- read as a rank
2026-09-08	lane-fairness	ManyProducersBenchmark	oneRing_chunk  consumers=4  producers=4	1255	us/op	-f 1, class-declared @Warmup/@Measurement, 3 rounds, per-lane MINIMUM, sbt-free launcher, one JVM per class	quiet box 14 cores, AFTER the lane-fairness audit (capacities matched); 3 rounds
2026-09-08	lane-fairness	ManyProducersBenchmark	oneRing_elem  consumers=1  producers=1	384.8	us/op	-f 1, class-declared @Warmup/@Measurement, 3 rounds, per-lane MINIMUM, sbt-free launcher, one JVM per class	quiet box 14 cores, AFTER the lane-fairness audit (capacities matched); 3 rounds
2026-09-08	lane-fairness	ManyProducersBenchmark	oneRing_elem  consumers=1  producers=16	2918	us/op	-f 1, class-declared @Warmup/@Measurement, 3 rounds, per-lane MINIMUM, sbt-free launcher, one JVM per class	quiet box 14 cores, AFTER the lane-fairness audit (capacities matched); 3 rounds
2026-09-08	lane-fairness	ManyProducersBenchmark	oneRing_elem  consumers=1  producers=4	1392	us/op	-f 1, class-declared @Warmup/@Measurement, 3 rounds, per-lane MINIMUM, sbt-free launcher, one JVM per class	quiet box 14 cores, AFTER the lane-fairness audit (capacities matched); 3 rounds
2026-09-08	lane-fairness	ManyProducersBenchmark	oneRing_elem  consumers=4  producers=1	377.6	us/op	-f 1, class-declared @Warmup/@Measurement, 3 rounds, per-lane MINIMUM, sbt-free launcher, one JVM per class	quiet box 14 cores, AFTER the lane-fairness audit (capacities matched); 3 rounds
2026-09-08	lane-fairness	ManyProducersBenchmark	oneRing_elem  consumers=4  producers=16	2941	us/op	-f 1, class-declared @Warmup/@Measurement, 3 rounds, per-lane MINIMUM, sbt-free launcher, one JVM per class	quiet box 14 cores, AFTER the lane-fairness audit (capacities matched); 3 rounds
2026-09-08	lane-fairness	ManyProducersBenchmark	oneRing_elem  consumers=4  producers=4	1379	us/op	-f 1, class-declared @Warmup/@Measurement, 3 rounds, per-lane MINIMUM, sbt-free launcher, one JVM per class	quiet box 14 cores, AFTER the lane-fairness audit (capacities matched); 3 rounds
2026-09-08	lane-fairness	ManyProducersBenchmark	oneUnbounded_chunk  consumers=1  producers=1	134.7	us/op	-f 1, class-declared @Warmup/@Measurement, 3 rounds, per-lane MINIMUM, sbt-free launcher, one JVM per class	quiet box 14 cores, AFTER the lane-fairness audit (capacities matched); 3 rounds
2026-09-08	lane-fairness	ManyProducersBenchmark	oneUnbounded_chunk  consumers=1  producers=16	682.8	us/op	-f 1, class-declared @Warmup/@Measurement, 3 rounds, per-lane MINIMUM, sbt-free launcher, one JVM per class	quiet box 14 cores, AFTER the lane-fairness audit (capacities matched); 3 rounds
2026-09-08	lane-fairness	ManyProducersBenchmark	oneUnbounded_chunk  consumers=1  producers=4	661.6	us/op	-f 1, class-declared @Warmup/@Measurement, 3 rounds, per-lane MINIMUM, sbt-free launcher, one JVM per class	quiet box 14 cores, AFTER the lane-fairness audit (capacities matched); 3 rounds
2026-09-08	lane-fairness	ManyProducersBenchmark	oneUnbounded_chunk  consumers=4  producers=1	134.3	us/op	-f 1, class-declared @Warmup/@Measurement, 3 rounds, per-lane MINIMUM, sbt-free launcher, one JVM per class	quiet box 14 cores, AFTER the lane-fairness audit (capacities matched); 3 rounds
2026-09-08	lane-fairness	ManyProducersBenchmark	oneUnbounded_chunk  consumers=4  producers=16	681.4	us/op	-f 1, class-declared @Warmup/@Measurement, 3 rounds, per-lane MINIMUM, sbt-free launcher, one JVM per class	quiet box 14 cores, AFTER the lane-fairness audit (capacities matched); 3 rounds
2026-09-08	lane-fairness	ManyProducersBenchmark	oneUnbounded_chunk  consumers=4  producers=4	667.4	us/op	-f 1, class-declared @Warmup/@Measurement, 3 rounds, per-lane MINIMUM, sbt-free launcher, one JVM per class	quiet box 14 cores, AFTER the lane-fairness audit (capacities matched); 3 rounds
2026-09-08	lane-fairness	ManyProducersBenchmark	oneUnbounded_elem  consumers=1  producers=1	229.6	us/op	-f 1, class-declared @Warmup/@Measurement, 3 rounds, per-lane MINIMUM, sbt-free launcher, one JVM per class	quiet box 14 cores, AFTER the lane-fairness audit (capacities matched); 3 rounds
2026-09-08	lane-fairness	ManyProducersBenchmark	oneUnbounded_elem  consumers=1  producers=16	751.5	us/op	-f 1, class-declared @Warmup/@Measurement, 3 rounds, per-lane MINIMUM, sbt-free launcher, one JVM per class	quiet box 14 cores, AFTER the lane-fairness audit (capacities matched); 3 rounds
2026-09-08	lane-fairness	ManyProducersBenchmark	oneUnbounded_elem  consumers=1  producers=4	693.2	us/op	-f 1, class-declared @Warmup/@Measurement, 3 rounds, per-lane MINIMUM, sbt-free launcher, one JVM per class	quiet box 14 cores, AFTER the lane-fairness audit (capacities matched); 3 rounds
2026-09-08	lane-fairness	ManyProducersBenchmark	oneUnbounded_elem  consumers=4  producers=1	223.1	us/op	-f 1, class-declared @Warmup/@Measurement, 3 rounds, per-lane MINIMUM, sbt-free launcher, one JVM per class	quiet box 14 cores, AFTER the lane-fairness audit (capacities matched); 3 rounds
2026-09-08	lane-fairness	ManyProducersBenchmark	oneUnbounded_elem  consumers=4  producers=16	752.4	us/op	-f 1, class-declared @Warmup/@Measurement, 3 rounds, per-lane MINIMUM, sbt-free launcher, one JVM per class	quiet box 14 cores, AFTER the lane-fairness audit (capacities matched); 3 rounds
2026-09-08	lane-fairness	ManyProducersBenchmark	oneUnbounded_elem  consumers=4  producers=4	685.4	us/op	-f 1, class-declared @Warmup/@Measurement, 3 rounds, per-lane MINIMUM, sbt-free launcher, one JVM per class	quiet box 14 cores, AFTER the lane-fairness audit (capacities matched); 3 rounds
2026-09-08	lane-fairness	ManyProducersBenchmark	relaxedUnbounded_chunk  consumers=1  producers=1	154.2	us/op	-f 1, class-declared @Warmup/@Measurement, 3 rounds, per-lane MINIMUM, sbt-free launcher, one JVM per class	quiet box 14 cores, AFTER the lane-fairness audit (capacities matched); 3 rounds
2026-09-08	lane-fairness	ManyProducersBenchmark	relaxedUnbounded_chunk  consumers=1  producers=16	134.9	us/op	-f 1, class-declared @Warmup/@Measurement, 3 rounds, per-lane MINIMUM, sbt-free launcher, one JVM per class	quiet box 14 cores, AFTER the lane-fairness audit (capacities matched); 3 rounds
2026-09-08	lane-fairness	ManyProducersBenchmark	relaxedUnbounded_chunk  consumers=1  producers=4	196.8	us/op	-f 1, class-declared @Warmup/@Measurement, 3 rounds, per-lane MINIMUM, sbt-free launcher, one JVM per class	quiet box 14 cores, AFTER the lane-fairness audit (capacities matched); 3 rounds
2026-09-08	lane-fairness	ManyProducersBenchmark	relaxedUnbounded_chunk  consumers=4  producers=1	154.8	us/op	-f 1, class-declared @Warmup/@Measurement, 3 rounds, per-lane MINIMUM, sbt-free launcher, one JVM per class	quiet box 14 cores, AFTER the lane-fairness audit (capacities matched); 3 rounds
2026-09-08	lane-fairness	ManyProducersBenchmark	relaxedUnbounded_chunk  consumers=4  producers=16	132.8	us/op	-f 1, class-declared @Warmup/@Measurement, 3 rounds, per-lane MINIMUM, sbt-free launcher, one JVM per class	quiet box 14 cores, AFTER the lane-fairness audit (capacities matched); 3 rounds
2026-09-08	lane-fairness	ManyProducersBenchmark	relaxedUnbounded_chunk  consumers=4  producers=4	192.1	us/op	-f 1, class-declared @Warmup/@Measurement, 3 rounds, per-lane MINIMUM, sbt-free launcher, one JVM per class	quiet box 14 cores, AFTER the lane-fairness audit (capacities matched); 3 rounds
2026-09-08	lane-fairness	ManyProducersBenchmark	relaxedUnbounded_elem  consumers=1  producers=1	296.1	us/op	-f 1, class-declared @Warmup/@Measurement, 3 rounds, per-lane MINIMUM, sbt-free launcher, one JVM per class	quiet box 14 cores, AFTER the lane-fairness audit (capacities matched); 3 rounds
2026-09-08	lane-fairness	ManyProducersBenchmark	relaxedUnbounded_elem  consumers=1  producers=16	216.8	us/op	-f 1, class-declared @Warmup/@Measurement, 3 rounds, per-lane MINIMUM, sbt-free launcher, one JVM per class	quiet box 14 cores, AFTER the lane-fairness audit (capacities matched); 3 rounds
2026-09-08	lane-fairness	ManyProducersBenchmark	relaxedUnbounded_elem  consumers=1  producers=4	297.6	us/op	-f 1, class-declared @Warmup/@Measurement, 3 rounds, per-lane MINIMUM, sbt-free launcher, one JVM per class	quiet box 14 cores, AFTER the lane-fairness audit (capacities matched); 3 rounds
2026-09-08	lane-fairness	ManyProducersBenchmark	relaxedUnbounded_elem  consumers=4  producers=1	282.5	us/op	-f 1, class-declared @Warmup/@Measurement, 3 rounds, per-lane MINIMUM, sbt-free launcher, one JVM per class	quiet box 14 cores, AFTER the lane-fairness audit (capacities matched); 3 rounds
2026-09-08	lane-fairness	ManyProducersBenchmark	relaxedUnbounded_elem  consumers=4  producers=16	210.3	us/op	-f 1, class-declared @Warmup/@Measurement, 3 rounds, per-lane MINIMUM, sbt-free launcher, one JVM per class	quiet box 14 cores, AFTER the lane-fairness audit (capacities matched); 3 rounds
2026-09-08	lane-fairness	ManyProducersBenchmark	relaxedUnbounded_elem  consumers=4  producers=4	291.5	us/op	-f 1, class-declared @Warmup/@Measurement, 3 rounds, per-lane MINIMUM, sbt-free launcher, one JVM per class	quiet box 14 cores, AFTER the lane-fairness audit (capacities matched); 3 rounds
2026-09-08	lane-fairness	ManyProducersBenchmark	relaxed_chunk  consumers=1  producers=1	183.1	us/op	-f 1, class-declared @Warmup/@Measurement, 3 rounds, per-lane MINIMUM, sbt-free launcher, one JVM per class	quiet box 14 cores, AFTER the lane-fairness audit (capacities matched); 3 rounds
2026-09-08	lane-fairness	ManyProducersBenchmark	relaxed_chunk  consumers=1  producers=16	438.4	us/op	-f 1, class-declared @Warmup/@Measurement, 3 rounds, per-lane MINIMUM, sbt-free launcher, one JVM per class	quiet box 14 cores, AFTER the lane-fairness audit (capacities matched); 3 rounds
2026-09-08	lane-fairness	ManyProducersBenchmark	relaxed_chunk  consumers=1  producers=4	284.9	us/op	-f 1, class-declared @Warmup/@Measurement, 3 rounds, per-lane MINIMUM, sbt-free launcher, one JVM per class	quiet box 14 cores, AFTER the lane-fairness audit (capacities matched); 3 rounds
2026-09-08	lane-fairness	ManyProducersBenchmark	relaxed_chunk  consumers=4  producers=1	181.3	us/op	-f 1, class-declared @Warmup/@Measurement, 3 rounds, per-lane MINIMUM, sbt-free launcher, one JVM per class	quiet box 14 cores, AFTER the lane-fairness audit (capacities matched); 3 rounds
2026-09-08	lane-fairness	ManyProducersBenchmark	relaxed_chunk  consumers=4  producers=16	430.7	us/op	-f 1, class-declared @Warmup/@Measurement, 3 rounds, per-lane MINIMUM, sbt-free launcher, one JVM per class	quiet box 14 cores, AFTER the lane-fairness audit (capacities matched); 3 rounds
2026-09-08	lane-fairness	ManyProducersBenchmark	relaxed_chunk  consumers=4  producers=4	293	us/op	-f 1, class-declared @Warmup/@Measurement, 3 rounds, per-lane MINIMUM, sbt-free launcher, one JVM per class	quiet box 14 cores, AFTER the lane-fairness audit (capacities matched); 3 rounds
2026-09-08	lane-fairness	ManyProducersBenchmark	relaxed_elem  consumers=1  producers=1	434.4	us/op	-f 1, class-declared @Warmup/@Measurement, 3 rounds, per-lane MINIMUM, sbt-free launcher, one JVM per class	quiet box 14 cores, AFTER the lane-fairness audit (capacities matched); 3 rounds
2026-09-08	lane-fairness	ManyProducersBenchmark	relaxed_elem  consumers=1  producers=16	494.7	us/op	-f 1, class-declared @Warmup/@Measurement, 3 rounds, per-lane MINIMUM, sbt-free launcher, one JVM per class	quiet box 14 cores, AFTER the lane-fairness audit (capacities matched); 3 rounds
2026-09-08	lane-fairness	ManyProducersBenchmark	relaxed_elem  consumers=1  producers=4	494.8	us/op	-f 1, class-declared @Warmup/@Measurement, 3 rounds, per-lane MINIMUM, sbt-free launcher, one JVM per class	quiet box 14 cores, AFTER the lane-fairness audit (capacities matched); 3 rounds
2026-09-08	lane-fairness	ManyProducersBenchmark	relaxed_elem  consumers=4  producers=1	465	us/op	-f 1, class-declared @Warmup/@Measurement, 3 rounds, per-lane MINIMUM, sbt-free launcher, one JVM per class	quiet box 14 cores, AFTER the lane-fairness audit (capacities matched); 3 rounds
2026-09-08	lane-fairness	ManyProducersBenchmark	relaxed_elem  consumers=4  producers=16	497.6	us/op	-f 1, class-declared @Warmup/@Measurement, 3 rounds, per-lane MINIMUM, sbt-free launcher, one JVM per class	quiet box 14 cores, AFTER the lane-fairness audit (capacities matched); 3 rounds
2026-09-08	lane-fairness	ManyProducersBenchmark	relaxed_elem  consumers=4  producers=4	506.5	us/op	-f 1, class-declared @Warmup/@Measurement, 3 rounds, per-lane MINIMUM, sbt-free launcher, one JVM per class	quiet box 14 cores, AFTER the lane-fairness audit (capacities matched); 3 rounds
2026-09-08	lane-fairness	ManyProducersBenchmark	ringManyConsumers  consumers=1  producers=1	355.7	us/op	-f 1, class-declared @Warmup/@Measurement, 3 rounds, per-lane MINIMUM, sbt-free launcher, one JVM per class	quiet box 14 cores, AFTER the lane-fairness audit (capacities matched); 3 rounds
2026-09-08	lane-fairness	ManyProducersBenchmark	ringManyConsumers  consumers=1  producers=16	2817	us/op	-f 1, class-declared @Warmup/@Measurement, 3 rounds, per-lane MINIMUM, sbt-free launcher, one JVM per class	quiet box 14 cores, AFTER the lane-fairness audit (capacities matched); 3 rounds
2026-09-08	lane-fairness	ManyProducersBenchmark	ringManyConsumers  consumers=1  producers=4	1359	us/op	-f 1, class-declared @Warmup/@Measurement, 3 rounds, per-lane MINIMUM, sbt-free launcher, one JVM per class	quiet box 14 cores, AFTER the lane-fairness audit (capacities matched); 3 rounds
2026-09-08	lane-fairness	ManyProducersBenchmark	ringManyConsumers  consumers=4  producers=1	1536	us/op	-f 1, class-declared @Warmup/@Measurement, 3 rounds, per-lane MINIMUM, sbt-free launcher, one JVM per class	quiet box 14 cores, AFTER the lane-fairness audit (capacities matched); 3 rounds
2026-09-08	lane-fairness	ManyProducersBenchmark	ringManyConsumers  consumers=4  producers=16	4504	us/op	-f 1, class-declared @Warmup/@Measurement, 3 rounds, per-lane MINIMUM, sbt-free launcher, one JVM per class	quiet box 14 cores, AFTER the lane-fairness audit (capacities matched); 3 rounds
2026-09-08	lane-fairness	ManyProducersBenchmark	ringManyConsumers  consumers=4  producers=4	2196	us/op	-f 1, class-declared @Warmup/@Measurement, 3 rounds, per-lane MINIMUM, sbt-free launcher, one JVM per class	quiet box 14 cores, AFTER the lane-fairness audit (capacities matched); 3 rounds
2026-09-08	lane-fairness	ManyProducersBenchmark	zioQueue_chunk  consumers=1  producers=1	267.8	us/op	-f 1, class-declared @Warmup/@Measurement, 3 rounds, per-lane MINIMUM, sbt-free launcher, one JVM per class	quiet box 14 cores, AFTER the lane-fairness audit (capacities matched); 3 rounds
2026-09-08	lane-fairness	ManyProducersBenchmark	zioQueue_chunk  consumers=1  producers=16	2662	us/op	-f 1, class-declared @Warmup/@Measurement, 3 rounds, per-lane MINIMUM, sbt-free launcher, one JVM per class	quiet box 14 cores, AFTER the lane-fairness audit (capacities matched); 3 rounds
2026-09-08	lane-fairness	ManyProducersBenchmark	zioQueue_chunk  consumers=1  producers=4	1104	us/op	-f 1, class-declared @Warmup/@Measurement, 3 rounds, per-lane MINIMUM, sbt-free launcher, one JVM per class	quiet box 14 cores, AFTER the lane-fairness audit (capacities matched); 3 rounds
2026-09-08	lane-fairness	ManyProducersBenchmark	zioQueue_chunk  consumers=4  producers=1	269	us/op	-f 1, class-declared @Warmup/@Measurement, 3 rounds, per-lane MINIMUM, sbt-free launcher, one JVM per class	quiet box 14 cores, AFTER the lane-fairness audit (capacities matched); 3 rounds
2026-09-08	lane-fairness	ManyProducersBenchmark	zioQueue_chunk  consumers=4  producers=16	2595	us/op	-f 1, class-declared @Warmup/@Measurement, 3 rounds, per-lane MINIMUM, sbt-free launcher, one JVM per class	quiet box 14 cores, AFTER the lane-fairness audit (capacities matched); 3 rounds
2026-09-08	lane-fairness	ManyProducersBenchmark	zioQueue_chunk  consumers=4  producers=4	1150	us/op	-f 1, class-declared @Warmup/@Measurement, 3 rounds, per-lane MINIMUM, sbt-free launcher, one JVM per class	quiet box 14 cores, AFTER the lane-fairness audit (capacities matched); 3 rounds
2026-09-08	lane-fairness	MergeBenchmark	fs2MergeChunkNative	92.66	us/op	-f 1, class-declared @Warmup/@Measurement, 3 rounds, per-lane MINIMUM, sbt-free launcher, one JVM per class	quiet box 14 cores, AFTER the lane-fairness audit (capacities matched); 3 rounds
2026-09-08	lane-fairness	MergeBenchmark	fs2MergeSingletons	1.015e+04	us/op	-f 1, class-declared @Warmup/@Measurement, 3 rounds, per-lane MINIMUM, sbt-free launcher, one JVM per class	quiet box 14 cores, AFTER the lane-fairness audit (capacities matched); 3 rounds
2026-09-08	lane-fairness	MergeBenchmark	okayChannelMerge	80.35	us/op	-f 1, class-declared @Warmup/@Measurement, 3 rounds, per-lane MINIMUM, sbt-free launcher, one JVM per class	quiet box 14 cores, AFTER the lane-fairness audit (capacities matched); 3 rounds
2026-09-08	lane-fairness	MergeBenchmark	okayChunksMerge	13.1	us/op	-f 1, class-declared @Warmup/@Measurement, 3 rounds, per-lane MINIMUM, sbt-free launcher, one JVM per class	quiet box 14 cores, AFTER the lane-fairness audit (capacities matched); 3 rounds
2026-09-08	lane-fairness	MergeBenchmark	okaySourceMerge	124.6	us/op	-f 1, class-declared @Warmup/@Measurement, 3 rounds, per-lane MINIMUM, sbt-free launcher, one JVM per class	quiet box 14 cores, AFTER the lane-fairness audit (capacities matched); 3 rounds
2026-09-08	lane-fairness	MergeBenchmark	okaySourceSingleDrain	48.52	us/op	-f 1, class-declared @Warmup/@Measurement, 3 rounds, per-lane MINIMUM, sbt-free launcher, one JVM per class	quiet box 14 cores, AFTER the lane-fairness audit (capacities matched); 3 rounds
2026-09-08	lane-fairness	MergeBenchmark	rawLazyListDrain	13.64	us/op	-f 1, class-declared @Warmup/@Measurement, 3 rounds, per-lane MINIMUM, sbt-free launcher, one JVM per class	quiet box 14 cores, AFTER the lane-fairness audit (capacities matched); 3 rounds
2026-09-08	lane-fairness	MergeBenchmark	zioMerge	51.8	us/op	-f 1, class-declared @Warmup/@Measurement, 3 rounds, per-lane MINIMUM, sbt-free launcher, one JVM per class	quiet box 14 cores, AFTER the lane-fairness audit (capacities matched); 3 rounds
2026-09-08	lane-fairness	RagBenchmark	indexFoldNoRefs	210.2	us/op	-f 1, class-declared @Warmup/@Measurement, 3 rounds, per-lane MINIMUM, sbt-free launcher, one JVM per class	quiet box 14 cores, AFTER the lane-fairness audit (capacities matched); 3 rounds
2026-09-08	lane-fairness	RagBenchmark	indexFoldOnly	232.4	us/op	-f 1, class-declared @Warmup/@Measurement, 3 rounds, per-lane MINIMUM, sbt-free launcher, one JVM per class	quiet box 14 cores, AFTER the lane-fairness audit (capacities matched); 3 rounds
2026-09-08	lane-fairness	RagBenchmark	indexFull	662.1	us/op	-f 1, class-declared @Warmup/@Measurement, 3 rounds, per-lane MINIMUM, sbt-free launcher, one JVM per class	quiet box 14 cores, AFTER the lane-fairness audit (capacities matched); 3 rounds
2026-09-08	lane-fairness	RagBenchmark	indexFullPython	464.6	us/op	-f 1, class-declared @Warmup/@Measurement, 3 rounds, per-lane MINIMUM, sbt-free launcher, one JVM per class	quiet box 14 cores, AFTER the lane-fairness audit (capacities matched); 3 rounds
2026-09-08	lane-fairness	RagBenchmark	indexKeyword	83.33	us/op	-f 1, class-declared @Warmup/@Measurement, 3 rounds, per-lane MINIMUM, sbt-free launcher, one JVM per class	quiet box 14 cores, AFTER the lane-fairness audit (capacities matched); 3 rounds
2026-09-08	lane-fairness	RagBenchmark	indexParseOnly	415.2	us/op	-f 1, class-declared @Warmup/@Measurement, 3 rounds, per-lane MINIMUM, sbt-free launcher, one JVM per class	quiet box 14 cores, AFTER the lane-fairness audit (capacities matched); 3 rounds
2026-09-08	lane-fairness	RagBenchmark	keywordTerms	39.33	us/op	-f 1, class-declared @Warmup/@Measurement, 3 rounds, per-lane MINIMUM, sbt-free launcher, one JVM per class	quiet box 14 cores, AFTER the lane-fairness audit (capacities matched); 3 rounds
2026-09-08	lane-fairness	RagBenchmark	reindexEdit	115.8	us/op	-f 1, class-declared @Warmup/@Measurement, 3 rounds, per-lane MINIMUM, sbt-free launcher, one JVM per class	quiet box 14 cores, AFTER the lane-fairness audit (capacities matched); 3 rounds
2026-09-08	lane-fairness	RagBenchmark	reindexFull	417	us/op	-f 1, class-declared @Warmup/@Measurement, 3 rounds, per-lane MINIMUM, sbt-free launcher, one JVM per class	quiet box 14 cores, AFTER the lane-fairness audit (capacities matched); 3 rounds
2026-09-08	lane-fairness	RagBenchmark	retrieveAndAssemble	18.72	us/op	-f 1, class-declared @Warmup/@Measurement, 3 rounds, per-lane MINIMUM, sbt-free launcher, one JVM per class	quiet box 14 cores, AFTER the lane-fairness audit (capacities matched); 3 rounds
2026-09-08	lane-fairness	RagBenchmark	retrieveHybrid	19.25	us/op	-f 1, class-declared @Warmup/@Measurement, 3 rounds, per-lane MINIMUM, sbt-free launcher, one JVM per class	quiet box 14 cores, AFTER the lane-fairness audit (capacities matched); 3 rounds
2026-09-08	lane-fairness	RagBenchmark	retrieveKeyword	11.26	us/op	-f 1, class-declared @Warmup/@Measurement, 3 rounds, per-lane MINIMUM, sbt-free launcher, one JVM per class	quiet box 14 cores, AFTER the lane-fairness audit (capacities matched); 3 rounds
2026-09-08	lane-fairness	RagBenchmark	retrieveSymbols	0.5645	us/op	-f 1, class-declared @Warmup/@Measurement, 3 rounds, per-lane MINIMUM, sbt-free launcher, one JVM per class	quiet box 14 cores, AFTER the lane-fairness audit (capacities matched); 3 rounds
2026-09-08	lane-fairness	RagBenchmark	searchVectors	373.7	us/op	-f 1, class-declared @Warmup/@Measurement, 3 rounds, per-lane MINIMUM, sbt-free launcher, one JVM per class	quiet box 14 cores, AFTER the lane-fairness audit (capacities matched); 3 rounds
2026-09-08	lane-fairness	RagBenchmark	splitStructural	708.9	us/op	-f 1, class-declared @Warmup/@Measurement, 3 rounds, per-lane MINIMUM, sbt-free launcher, one JVM per class	quiet box 14 cores, AFTER the lane-fairness audit (capacities matched); 3 rounds
2026-09-08	lane-fairness	RagBenchmark	splitWindows	333.7	us/op	-f 1, class-declared @Warmup/@Measurement, 3 rounds, per-lane MINIMUM, sbt-free launcher, one JVM per class	quiet box 14 cores, AFTER the lane-fairness audit (capacities matched); 3 rounds
2026-09-08	lane-fairness	ReaderBenchmark	atnosReader	1469	us/op	-f 1, class-declared @Warmup/@Measurement, 3 rounds, per-lane MINIMUM, sbt-free launcher, one JVM per class	quiet box 14 cores, AFTER the lane-fairness audit (capacities matched); 3 rounds
2026-09-08	lane-fairness	ReaderBenchmark	catsKleisli	346.1	us/op	-f 1, class-declared @Warmup/@Measurement, 3 rounds, per-lane MINIMUM, sbt-free launcher, one JVM per class	quiet box 14 cores, AFTER the lane-fairness audit (capacities matched); 3 rounds
2026-09-08	lane-fairness	ReaderBenchmark	kyoEnv	3.828e+05	us/op	-f 1, class-declared @Warmup/@Measurement, 3 rounds, per-lane MINIMUM, sbt-free launcher, one JVM per class	quiet box 14 cores, AFTER the lane-fairness audit (capacities matched); 3 rounds
2026-09-08	lane-fairness	ReaderBenchmark	kyoEnvRec	252.7	us/op	-f 1, class-declared @Warmup/@Measurement, 3 rounds, per-lane MINIMUM, sbt-free launcher, one JVM per class	quiet box 14 cores, AFTER the lane-fairness audit (capacities matched); 3 rounds
2026-09-08	lane-fairness	ReaderBenchmark	okayCtxDirect	0.3471	us/op	-f 1, class-declared @Warmup/@Measurement, 3 rounds, per-lane MINIMUM, sbt-free launcher, one JVM per class	quiet box 14 cores, AFTER the lane-fairness audit (capacities matched); 3 rounds
2026-09-08	lane-fairness	ReaderBenchmark	okayCtxMonad	4.647	us/op	-f 1, class-declared @Warmup/@Measurement, 3 rounds, per-lane MINIMUM, sbt-free launcher, one JVM per class	quiet box 14 cores, AFTER the lane-fairness audit (capacities matched); 3 rounds
2026-09-08	lane-fairness	ReaderBenchmark	okayReader	116.2	us/op	-f 1, class-declared @Warmup/@Measurement, 3 rounds, per-lane MINIMUM, sbt-free launcher, one JVM per class	quiet box 14 cores, AFTER the lane-fairness audit (capacities matched); 3 rounds
2026-09-08	lane-fairness	ReaderBenchmark	okayReaderRec	78.88	us/op	-f 1, class-declared @Warmup/@Measurement, 3 rounds, per-lane MINIMUM, sbt-free launcher, one JVM per class	quiet box 14 cores, AFTER the lane-fairness audit (capacities matched); 3 rounds
2026-09-08	lane-fairness	ReaderBenchmark	zioService	258.4	us/op	-f 1, class-declared @Warmup/@Measurement, 3 rounds, per-lane MINIMUM, sbt-free launcher, one JVM per class	quiet box 14 cores, AFTER the lane-fairness audit (capacities matched); 3 rounds
2026-09-08	lane-fairness	ResourceBenchmark	catsIOBracket	224.6	us/op	-f 1, class-declared @Warmup/@Measurement, 3 rounds, per-lane MINIMUM, sbt-free launcher, one JVM per class	quiet box 14 cores, AFTER the lane-fairness audit (capacities matched); 3 rounds
2026-09-08	lane-fairness	ResourceBenchmark	kyoResource	7912	us/op	-f 1, class-declared @Warmup/@Measurement, 3 rounds, per-lane MINIMUM, sbt-free launcher, one JVM per class	quiet box 14 cores, AFTER the lane-fairness audit (capacities matched); 3 rounds
2026-09-08	lane-fairness	ResourceBenchmark	kyoResourceRec	696.1	us/op	-f 1, class-declared @Warmup/@Measurement, 3 rounds, per-lane MINIMUM, sbt-free launcher, one JVM per class	quiet box 14 cores, AFTER the lane-fairness audit (capacities matched); 3 rounds
2026-09-08	lane-fairness	ResourceBenchmark	okayBracket	28.55	us/op	-f 1, class-declared @Warmup/@Measurement, 3 rounds, per-lane MINIMUM, sbt-free launcher, one JVM per class	quiet box 14 cores, AFTER the lane-fairness audit (capacities matched); 3 rounds
2026-09-08	lane-fairness	ResourceBenchmark	okayResource	22.45	us/op	-f 1, class-declared @Warmup/@Measurement, 3 rounds, per-lane MINIMUM, sbt-free launcher, one JVM per class	quiet box 14 cores, AFTER the lane-fairness audit (capacities matched); 3 rounds
2026-09-08	lane-fairness	ResourceBenchmark	okayResourceRec	15.19	us/op	-f 1, class-declared @Warmup/@Measurement, 3 rounds, per-lane MINIMUM, sbt-free launcher, one JVM per class	quiet box 14 cores, AFTER the lane-fairness audit (capacities matched); 3 rounds
2026-09-08	lane-fairness	ResourceBenchmark	zioAcquireRelease	115.8	us/op	-f 1, class-declared @Warmup/@Measurement, 3 rounds, per-lane MINIMUM, sbt-free launcher, one JVM per class	quiet box 14 cores, AFTER the lane-fairness audit (capacities matched); 3 rounds
2026-09-08	lane-fairness	ScalingBenchmark	channelMerge  n=1000	164.5	us/op	-f 1, class-declared @Warmup/@Measurement, 3 rounds, per-lane MINIMUM, sbt-free launcher, one JVM per class	quiet box 14 cores, AFTER the lane-fairness audit (capacities matched); 3 rounds
2026-09-08	lane-fairness	ScalingBenchmark	channelMerge  n=2000	378.5	us/op	-f 1, class-declared @Warmup/@Measurement, 3 rounds, per-lane MINIMUM, sbt-free launcher, one JVM per class	quiet box 14 cores, AFTER the lane-fairness audit (capacities matched); 3 rounds
2026-09-08	lane-fairness	ScalingBenchmark	channelMerge  n=250	44.67	us/op	-f 1, class-declared @Warmup/@Measurement, 3 rounds, per-lane MINIMUM, sbt-free launcher, one JVM per class	quiet box 14 cores, AFTER the lane-fairness audit (capacities matched); 3 rounds
2026-09-08	lane-fairness	ScalingBenchmark	channelMerge  n=500	83.97	us/op	-f 1, class-declared @Warmup/@Measurement, 3 rounds, per-lane MINIMUM, sbt-free launcher, one JVM per class	quiet box 14 cores, AFTER the lane-fairness audit (capacities matched); 3 rounds
2026-09-08	lane-fairness	ScalingBenchmark	rawLazyListDrain  n=1000	27.09	us/op	-f 1, class-declared @Warmup/@Measurement, 3 rounds, per-lane MINIMUM, sbt-free launcher, one JVM per class	quiet box 14 cores, AFTER the lane-fairness audit (capacities matched); 3 rounds
2026-09-08	lane-fairness	ScalingBenchmark	rawLazyListDrain  n=2000	51.57	us/op	-f 1, class-declared @Warmup/@Measurement, 3 rounds, per-lane MINIMUM, sbt-free launcher, one JVM per class	quiet box 14 cores, AFTER the lane-fairness audit (capacities matched); 3 rounds
2026-09-08	lane-fairness	ScalingBenchmark	rawLazyListDrain  n=250	7.033	us/op	-f 1, class-declared @Warmup/@Measurement, 3 rounds, per-lane MINIMUM, sbt-free launcher, one JVM per class	quiet box 14 cores, AFTER the lane-fairness audit (capacities matched); 3 rounds
2026-09-08	lane-fairness	ScalingBenchmark	rawLazyListDrain  n=500	13.89	us/op	-f 1, class-declared @Warmup/@Measurement, 3 rounds, per-lane MINIMUM, sbt-free launcher, one JVM per class	quiet box 14 cores, AFTER the lane-fairness audit (capacities matched); 3 rounds
2026-09-08	lane-fairness	ScalingBenchmark	sourceMerge  n=1000	243.9	us/op	-f 1, class-declared @Warmup/@Measurement, 3 rounds, per-lane MINIMUM, sbt-free launcher, one JVM per class	quiet box 14 cores, AFTER the lane-fairness audit (capacities matched); 3 rounds
2026-09-08	lane-fairness	ScalingBenchmark	sourceMerge  n=2000	552.7	us/op	-f 1, class-declared @Warmup/@Measurement, 3 rounds, per-lane MINIMUM, sbt-free launcher, one JVM per class	quiet box 14 cores, AFTER the lane-fairness audit (capacities matched); 3 rounds
2026-09-08	lane-fairness	ScalingBenchmark	sourceMerge  n=250	68.62	us/op	-f 1, class-declared @Warmup/@Measurement, 3 rounds, per-lane MINIMUM, sbt-free launcher, one JVM per class	quiet box 14 cores, AFTER the lane-fairness audit (capacities matched); 3 rounds
2026-09-08	lane-fairness	ScalingBenchmark	sourceMerge  n=500	129.7	us/op	-f 1, class-declared @Warmup/@Measurement, 3 rounds, per-lane MINIMUM, sbt-free launcher, one JVM per class	quiet box 14 cores, AFTER the lane-fairness audit (capacities matched); 3 rounds
2026-09-08	lane-fairness	ScalingBenchmark	sourceSingleDrain  n=1000	90.13	us/op	-f 1, class-declared @Warmup/@Measurement, 3 rounds, per-lane MINIMUM, sbt-free launcher, one JVM per class	quiet box 14 cores, AFTER the lane-fairness audit (capacities matched); 3 rounds
2026-09-08	lane-fairness	ScalingBenchmark	sourceSingleDrain  n=2000	190.2	us/op	-f 1, class-declared @Warmup/@Measurement, 3 rounds, per-lane MINIMUM, sbt-free launcher, one JVM per class	quiet box 14 cores, AFTER the lane-fairness audit (capacities matched); 3 rounds
2026-09-08	lane-fairness	ScalingBenchmark	sourceSingleDrain  n=250	26.01	us/op	-f 1, class-declared @Warmup/@Measurement, 3 rounds, per-lane MINIMUM, sbt-free launcher, one JVM per class	quiet box 14 cores, AFTER the lane-fairness audit (capacities matched); 3 rounds
2026-09-08	lane-fairness	ScalingBenchmark	sourceSingleDrain  n=500	48.8	us/op	-f 1, class-declared @Warmup/@Measurement, 3 rounds, per-lane MINIMUM, sbt-free launcher, one JVM per class	quiet box 14 cores, AFTER the lane-fairness audit (capacities matched); 3 rounds
2026-09-08	lane-fairness	StreamOpsBenchmark	fs2Stream	1510	us/op	-f 1, class-declared @Warmup/@Measurement, 3 rounds, per-lane MINIMUM, sbt-free launcher, one JVM per class	quiet box 14 cores, AFTER the lane-fairness audit (capacities matched); 3 rounds
2026-09-08	lane-fairness	StreamOpsBenchmark	fs2StreamEmits	21.94	us/op	-f 1, class-declared @Warmup/@Measurement, 3 rounds, per-lane MINIMUM, sbt-free launcher, one JVM per class	quiet box 14 cores, AFTER the lane-fairness audit (capacities matched); 3 rounds
2026-09-08	lane-fairness	StreamOpsBenchmark	kyoStream	265.8	us/op	-f 1, class-declared @Warmup/@Measurement, 3 rounds, per-lane MINIMUM, sbt-free launcher, one JVM per class	quiet box 14 cores, AFTER the lane-fairness audit (capacities matched); 3 rounds
2026-09-08	lane-fairness	StreamOpsBenchmark	kyoStreamRange	65.92	us/op	-f 1, class-declared @Warmup/@Measurement, 3 rounds, per-lane MINIMUM, sbt-free launcher, one JVM per class	quiet box 14 cores, AFTER the lane-fairness audit (capacities matched); 3 rounds
2026-09-08	lane-fairness	StreamOpsBenchmark	okayChunks	24.47	us/op	-f 1, class-declared @Warmup/@Measurement, 3 rounds, per-lane MINIMUM, sbt-free launcher, one JVM per class	quiet box 14 cores, AFTER the lane-fairness audit (capacities matched); 3 rounds
2026-09-08	lane-fairness	StreamOpsBenchmark	okayChunksTransform	10.21	us/op	-f 1, class-declared @Warmup/@Measurement, 3 rounds, per-lane MINIMUM, sbt-free launcher, one JVM per class	quiet box 14 cores, AFTER the lane-fairness audit (capacities matched); 3 rounds
2026-09-08	lane-fairness	StreamOpsBenchmark	okayChunksTransformWide	8.221	us/op	-f 1, class-declared @Warmup/@Measurement, 3 rounds, per-lane MINIMUM, sbt-free launcher, one JVM per class	quiet box 14 cores, AFTER the lane-fairness audit (capacities matched); 3 rounds
2026-09-08	lane-fairness	StreamOpsBenchmark	okayIterator	54.2	us/op	-f 1, class-declared @Warmup/@Measurement, 3 rounds, per-lane MINIMUM, sbt-free launcher, one JVM per class	quiet box 14 cores, AFTER the lane-fairness audit (capacities matched); 3 rounds
2026-09-08	lane-fairness	StreamOpsBenchmark	okayLazyList	171.8	us/op	-f 1, class-declared @Warmup/@Measurement, 3 rounds, per-lane MINIMUM, sbt-free launcher, one JVM per class	quiet box 14 cores, AFTER the lane-fairness audit (capacities matched); 3 rounds
2026-09-08	lane-fairness	StreamOpsBenchmark	okayProducer	181.8	us/op	-f 1, class-declared @Warmup/@Measurement, 3 rounds, per-lane MINIMUM, sbt-free launcher, one JVM per class	quiet box 14 cores, AFTER the lane-fairness audit (capacities matched); 3 rounds
2026-09-08	lane-fairness	StreamOpsBenchmark	okayStaged	1.697	us/op	-f 1, class-declared @Warmup/@Measurement, 3 rounds, per-lane MINIMUM, sbt-free launcher, one JVM per class	quiet box 14 cores, AFTER the lane-fairness audit (capacities matched); 3 rounds
2026-09-08	lane-fairness	StreamOpsBenchmark	stdIterator	15.21	us/op	-f 1, class-declared @Warmup/@Measurement, 3 rounds, per-lane MINIMUM, sbt-free launcher, one JVM per class	quiet box 14 cores, AFTER the lane-fairness audit (capacities matched); 3 rounds
2026-09-08	lane-fairness	StreamOpsBenchmark	zioStream	700	us/op	-f 1, class-declared @Warmup/@Measurement, 3 rounds, per-lane MINIMUM, sbt-free launcher, one JVM per class	quiet box 14 cores, AFTER the lane-fairness audit (capacities matched); 3 rounds
2026-09-08	lane-fairness	StreamOpsBenchmark	zioStreamRange	35.81	us/op	-f 1, class-declared @Warmup/@Measurement, 3 rounds, per-lane MINIMUM, sbt-free launcher, one JVM per class	quiet box 14 cores, AFTER the lane-fairness audit (capacities matched); 3 rounds
2026-09-08	lane-fairness	TextBenchmark	bpeScan	175.4	us/op	-f 1, class-declared @Warmup/@Measurement, 3 rounds, per-lane MINIMUM, sbt-free launcher, one JVM per class	quiet box 14 cores, AFTER the lane-fairness audit (capacities matched); 3 rounds
2026-09-08	lane-fairness	TextBenchmark	buildOnly	21.51	us/op	-f 1, class-declared @Warmup/@Measurement, 3 rounds, per-lane MINIMUM, sbt-free launcher, one JVM per class	quiet box 14 cores, AFTER the lane-fairness audit (capacities matched); 3 rounds
2026-09-08	lane-fairness	TextBenchmark	circeRead	0.5581	us/op	-f 1, class-declared @Warmup/@Measurement, 3 rounds, per-lane MINIMUM, sbt-free launcher, one JVM per class	quiet box 14 cores, AFTER the lane-fairness audit (capacities matched); 3 rounds; WIDE max/min 1.28x -- read as a rank
2026-09-08	lane-fairness	TextBenchmark	circeWrite	0.4375	us/op	-f 1, class-declared @Warmup/@Measurement, 3 rounds, per-lane MINIMUM, sbt-free launcher, one JVM per class	quiet box 14 cores, AFTER the lane-fairness audit (capacities matched); 3 rounds
2026-09-08	lane-fairness	TextBenchmark	jsonDecode	0.4528	us/op	-f 1, class-declared @Warmup/@Measurement, 3 rounds, per-lane MINIMUM, sbt-free launcher, one JVM per class	quiet box 14 cores, AFTER the lane-fairness audit (capacities matched); 3 rounds
2026-09-08	lane-fairness	TextBenchmark	jsonProject	0.3248	us/op	-f 1, class-declared @Warmup/@Measurement, 3 rounds, per-lane MINIMUM, sbt-free launcher, one JVM per class	quiet box 14 cores, AFTER the lane-fairness audit (capacities matched); 3 rounds
2026-09-08	lane-fairness	TextBenchmark	jsonToCst	3.595	us/op	-f 1, class-declared @Warmup/@Measurement, 3 rounds, per-lane MINIMUM, sbt-free launcher, one JVM per class	quiet box 14 cores, AFTER the lane-fairness audit (capacities matched); 3 rounds
2026-09-08	lane-fairness	TextBenchmark	lexChunked	58.81	us/op	-f 1, class-declared @Warmup/@Measurement, 3 rounds, per-lane MINIMUM, sbt-free launcher, one JVM per class	quiet box 14 cores, AFTER the lane-fairness audit (capacities matched); 3 rounds
2026-09-08	lane-fairness	TextBenchmark	lexChunked512	58.4	us/op	-f 1, class-declared @Warmup/@Measurement, 3 rounds, per-lane MINIMUM, sbt-free launcher, one JVM per class	quiet box 14 cores, AFTER the lane-fairness audit (capacities matched); 3 rounds
2026-09-08	lane-fairness	TextBenchmark	lexChunked8	77.98	us/op	-f 1, class-declared @Warmup/@Measurement, 3 rounds, per-lane MINIMUM, sbt-free launcher, one JVM per class	quiet box 14 cores, AFTER the lane-fairness audit (capacities matched); 3 rounds
2026-09-08	lane-fairness	TextBenchmark	lexChunkedChars	57.08	us/op	-f 1, class-declared @Warmup/@Measurement, 3 rounds, per-lane MINIMUM, sbt-free launcher, one JVM per class	quiet box 14 cores, AFTER the lane-fairness audit (capacities matched); 3 rounds
2026-09-08	lane-fairness	TextBenchmark	lexElementwise	49.3	us/op	-f 1, class-declared @Warmup/@Measurement, 3 rounds, per-lane MINIMUM, sbt-free launcher, one JVM per class	quiet box 14 cores, AFTER the lane-fairness audit (capacities matched); 3 rounds
2026-09-08	lane-fairness	TextBenchmark	okayCborRead	1.01	us/op	-f 1, class-declared @Warmup/@Measurement, 3 rounds, per-lane MINIMUM, sbt-free launcher, one JVM per class	quiet box 14 cores, AFTER the lane-fairness audit (capacities matched); 3 rounds
2026-09-08	lane-fairness	TextBenchmark	okayCborWrite	0.4645	us/op	-f 1, class-declared @Warmup/@Measurement, 3 rounds, per-lane MINIMUM, sbt-free launcher, one JVM per class	quiet box 14 cores, AFTER the lane-fairness audit (capacities matched); 3 rounds
2026-09-08	lane-fairness	TextBenchmark	okayJsonRead	0.6637	us/op	-f 1, class-declared @Warmup/@Measurement, 3 rounds, per-lane MINIMUM, sbt-free launcher, one JVM per class	quiet box 14 cores, AFTER the lane-fairness audit (capacities matched); 3 rounds
2026-09-08	lane-fairness	TextBenchmark	okayJsonWrite	0.4259	us/op	-f 1, class-declared @Warmup/@Measurement, 3 rounds, per-lane MINIMUM, sbt-free launcher, one JVM per class	quiet box 14 cores, AFTER the lane-fairness audit (capacities matched); 3 rounds
2026-09-08	lane-fairness	TextBenchmark	parseFull	93.69	us/op	-f 1, class-declared @Warmup/@Measurement, 3 rounds, per-lane MINIMUM, sbt-free launcher, one JVM per class	quiet box 14 cores, AFTER the lane-fairness audit (capacities matched); 3 rounds
2026-09-08	lane-fairness	TextBenchmark	reparseIncremental	43.36	us/op	-f 1, class-declared @Warmup/@Measurement, 3 rounds, per-lane MINIMUM, sbt-free launcher, one JVM per class	quiet box 14 cores, AFTER the lane-fairness audit (capacities matched); 3 rounds
2026-09-08	lane-fairness	WriterBenchmark	atnosWriter	3385	us/op	-f 1, class-declared @Warmup/@Measurement, 3 rounds, per-lane MINIMUM, sbt-free launcher, one JVM per class	quiet box 14 cores, AFTER the lane-fairness audit (capacities matched); 3 rounds
2026-09-08	lane-fairness	WriterBenchmark	catsWriterT	1222	us/op	-f 1, class-declared @Warmup/@Measurement, 3 rounds, per-lane MINIMUM, sbt-free launcher, one JVM per class	quiet box 14 cores, AFTER the lane-fairness audit (capacities matched); 3 rounds
2026-09-08	lane-fairness	WriterBenchmark	kyoEmit	3.754e+05	us/op	-f 1, class-declared @Warmup/@Measurement, 3 rounds, per-lane MINIMUM, sbt-free launcher, one JVM per class	quiet box 14 cores, AFTER the lane-fairness audit (capacities matched); 3 rounds
2026-09-08	lane-fairness	WriterBenchmark	kyoEmitRec	177.6	us/op	-f 1, class-declared @Warmup/@Measurement, 3 rounds, per-lane MINIMUM, sbt-free launcher, one JVM per class	quiet box 14 cores, AFTER the lane-fairness audit (capacities matched); 3 rounds
2026-09-08	lane-fairness	WriterBenchmark	okayWriter	216.8	us/op	-f 1, class-declared @Warmup/@Measurement, 3 rounds, per-lane MINIMUM, sbt-free launcher, one JVM per class	quiet box 14 cores, AFTER the lane-fairness audit (capacities matched); 3 rounds
2026-09-08	lane-fairness	WriterBenchmark	okayWriterRec	158.8	us/op	-f 1, class-declared @Warmup/@Measurement, 3 rounds, per-lane MINIMUM, sbt-free launcher, one JVM per class	quiet box 14 cores, AFTER the lane-fairness audit (capacities matched); 3 rounds
2026-09-09	queue-swap	BufferPushBenchmark	ring_fillDrain	9.036	us/op	-f 1, class-declared @Warmup/@Measurement, 3 rounds, per-lane MINIMUM, sbt-free launcher, one JVM per class	single thread, 1024 push+pop on a pre-boxed element; the instrument the channel lanes are too noisy to be (queue-swap); bars under 1%
2026-09-09	queue-swap	BufferPushBenchmark	forwarding_fillDrain	9.057	us/op	-f 1, class-declared @Warmup/@Measurement, 3 rounds, per-lane MINIMUM, sbt-free launcher, one JVM per class	single thread, 1024 push+pop on a pre-boxed element; the instrument the channel lanes are too noisy to be (queue-swap); bars under 1%
2026-09-09	queue-swap	BufferPushBenchmark	noSample_fillDrain	9.053	us/op	-f 1, class-declared @Warmup/@Measurement, 3 rounds, per-lane MINIMUM, sbt-free launcher, one JVM per class	single thread, 1024 push+pop on a pre-boxed element; the instrument the channel lanes are too noisy to be (queue-swap); bars under 1%
2026-09-09	queue-swap	BufferPushBenchmark	growing_fillDrain	9.913	us/op	-f 1, class-declared @Warmup/@Measurement, 3 rounds, per-lane MINIMUM, sbt-free launcher, one JVM per class	single thread, 1024 push+pop on a pre-boxed element; the instrument the channel lanes are too noisy to be (queue-swap); bars under 1%
2026-09-09	queue-swap	BufferPushBenchmark	adaptiveLazy_fillDrain	10.058	us/op	-f 1, class-declared @Warmup/@Measurement, 3 rounds, per-lane MINIMUM, sbt-free launcher, one JVM per class	single thread, 1024 push+pop on a pre-boxed element; the instrument the channel lanes are too noisy to be (queue-swap); bars under 1%
2026-09-09	queue-swap	BufferPushBenchmark	growingCheap_fillDrain	10.479	us/op	-f 1, class-declared @Warmup/@Measurement, 3 rounds, per-lane MINIMUM, sbt-free launcher, one JVM per class	single thread, 1024 push+pop on a pre-boxed element; the instrument the channel lanes are too noisy to be (queue-swap); bars under 1%
