#
# A fatal error has been detected by the Java Runtime Environment:
#
#  SIGSEGV (0xb) at pc=0x00000001085c063c, pid=92250, tid=259
#
# JRE version: OpenJDK Runtime Environment Temurin-21.0.7+6 (21.0.7+6) (build 21.0.7+6-LTS)
# Java VM: OpenJDK 64-Bit Server VM Temurin-21.0.7+6 (21.0.7+6-LTS, mixed mode, sharing, tiered, compressed oops, compressed class ptrs, g1 gc, bsd-aarch64)
# Problematic frame:
# V  [libjvm.dylib+0x53863c]  JNI_ArgumentPusher::JNI_ArgumentPusher(Method*)+0x48
#
# No core dump will be written. Core dumps have been disabled. To enable core dumping, try "ulimit -c unlimited" before starting Java again
#
# If you would like to submit a bug report, please visit:
#   https://github.com/adoptium/adoptium-support/issues
#

---------------  S U M M A R Y ------------

Command Line: -Xmx6g -Xss8m -XX:MaxMetaspaceSize=1g -Dsbt.script=/Users/sergiy/Library/Caches/Coursier/arc/https/github.com/sbt/sbt/releases/download/v2.0.1/sbt-2.0.1.zip/sbt/bin/sbt -Dscala.ext.dirs=/Users/sergiy/.sbt/1.0/java9-rt-ext-eclipse_adoptium_21_0_7 /Users/sergiy/Library/Caches/Coursier/arc/https/github.com/sbt/sbt/releases/download/v2.0.1/sbt-2.0.1.zip/sbt/bin/sbt-launch.jar okayHttpJVM/test okayJS/test okayJVM/test okayJava/test okayJdbc/test okayJetty/test okayKafka/test okayKyo/test okayLangchain4j/test

Host: "Mac16,6" arm64, 14 cores, 36G, Darwin 25.5.0, macOS 26.5.2 (25F84)
Time: Wed Sep  2 16:13:54 2026 CEST elapsed time: 108.701232 seconds (0d 0h 1m 48s)

---------------  T H R E A D  ---------------

Current thread is native thread

Stack: [0x000000016d128000,0x000000016d924000],  sp=0x000000016d91fea0,  free space=8159k
Native frames: (J=compiled Java code, j=interpreted, Vv=VM code, C=native code)
V  [libjvm.dylib+0x53863c]  JNI_ArgumentPusher::JNI_ArgumentPusher(Method*)+0x48
V  [libjvm.dylib+0x51b424]  jni_NewObjectV+0x238
C  [10010758317901540017-libswoval-files0.dylib+0x5684]  JNIEnv_::NewObject(_jclass*, _jmethodID*, ...)+0x24
C  [10010758317901540017-libswoval-files0.dylib+0x4d8c]  swoval::jni_callback(std::__1::unique_ptr<std::__1::vector<std::__1::pair<std::__1::basic_string<char, std::__1::char_traits<char>, std::__1::allocator<char>>, int>, std::__1::allocator<std::__1::pair<std::__1::basic_string<char, std::__1::char_traits<char>, std::__1::allocator<char>>, int>>>, std::__1::default_delete<std::__1::vector<std::__1::pair<std::__1::basic_string<char, std::__1::char_traits<char>, std::__1::allocator<char>>, int>, std::__1::allocator<std::__1::pair<std::__1::basic_string<char, std::__1::char_traits<char>, std::__1::allocator<char>>, int>>>>>, swoval::handle<swoval::service_handle>*, std::__1::unique_lock<std::__1::mutex>)+0xb0
C  [10010758317901540017-libswoval-files0.dylib+0x6ff8]  swoval::handle<swoval::service_handle>::defaultCallback(__FSEventStream const*, void*, unsigned long, void*, unsigned int const*, unsigned long long const*)+0x310
C  [FSEvents+0x4e04]  root_dir_event_callback+0x80
C  [FSEvents+0x74e8]  server_gone_StreamRef_callback+0x394
C  [CoreFoundation+0xef154]  ____CFMachPortChecker_block_invoke+0x54
C  [libdispatch.dylib+0x1a28]  _dispatch_call_block_and_release+0x20
C  [libdispatch.dylib+0x1b4b0]  _dispatch_client_callout+0x10
C  [libdispatch.dylib+0x393f0]  _dispatch_main_queue_drain.cold.6+0x340
C  [libdispatch.dylib+0x109e4]  _dispatch_main_queue_drain+0xb0
C  [libdispatch.dylib+0x10924]  _dispatch_main_queue_callback_4CF+0x2c
C  [CoreFoundation+0xba724]  __CFRUNLOOP_IS_SERVICING_THE_MAIN_DISPATCH_QUEUE__+0x10
C  [CoreFoundation+0x7ccb8]  __CFRunLoopRun+0x798
C  [CoreFoundation+0x14f1c4]  _CFRunLoopRunSpecificWithOptions+0x214
C  [libjli.dylib+0xced4]  CreateExecutionEnvironment+0x194
C  [libjli.dylib+0x8be0]  JLI_Launch+0x480
C  [java+0x3ba4]  main+0x194
C  [dyld+0x1fe00]  start+0x1b50

siginfo: si_signo: 11 (SIGSEGV), si_code: 2 (SEGV_ACCERR), si_addr: 0x0000000000000328

Registers:
 x0=0x00000007417c3b08  x1=0x000000013110a608  x2=0x0000000a6c77d9b8  x3=0x0000000000000000
 x4=0x0000000000000001  x5=0x00000007401e1500  x6=0x0000000000000067  x7=0xfffff0007ffff800
 x8=0x0000000000000000  x9=0x0000000131109fc8 x10=0x0000008800000000 x11=0x0000000000000000
x12=0x000000000000006e x13=0x000000016d91ff07 x14=0x00000001027803f0 x15=0x0000000000000000
x16=0x0000000000000048 x17=0x00000007417c3ac0 x18=0x0000000000000000 x19=0x000000016d91ff28
x20=0x000000013110a608 x21=0x0000000737e18c48 x22=0x00000088004973e8 x23=0x0000000737e29d40
x24=0x00000007401e18b8 x25=0x000000073f300800 x26=0x000000016d920000 x27=0x00000000ffffff80
x28=0x0000000000000001  fp=0x000000016d91ff10  lr=0x00000001085c0634  sp=0x000000016d91fea0
pc=0x00000001085c063c cpsr=0x0000000020000000

Top of Stack: (sp=0x000000016d91fea0)
0x000000016d91fea0:   000000013110a608 0000000000000000
0x000000016d91feb0:   000000016d91ff10 0000000108510070
0x000000016d91fec0:   0000000108d6c680 00000007401e1500
0x000000016d91fed0:   0000008801ab3880 0000000000000003
0x000000016d91fee0:   00000007401e18b8 0000000102b5fd72
0x000000016d91fef0:   000000016d91fff0 0000000737e18c48
0x000000016d91ff00:   0000000000000001 00000007401e1500
0x000000016d91ff10:   000000016d91ffc0 00000001085a3424
0x000000016d91ff20:   000000016d91ff90 000100010893307c
0x000000016d91ff30:   000000016d920000 000000073f300800
0x000000016d91ff40:   000000073f300780 000000016d920164
0x000000016d91ff50:   00000007401e18b8 0000000c0000000e
0x000000016d91ff60:   000000073f300780 00000007401e1500
0x000000016d91ff70:   0000000000000000 0000000c42044000
0x000000016d91ff80:   0000000000000001 00000007401e1500
0x000000016d91ff90:   000000073f300780 000000016d920164
0x000000016d91ffa0:   0000000737e29d48 00000007401e18b8
0x000000016d91ffb0:   000000073f3007e0 0000000102b636e0
0x000000016d91ffc0:   000000016d91ffe0 000000010268d684
0x000000016d91ffd0:   000000073f3007e0 000000016d91fff0
0x000000016d91ffe0:   000000016d920060 000000010268cd8c
0x000000016d91fff0:   0000000737e29d48 0000000000000005
0x000000016d920000:   0000000c42044000 000000000000002c
0x000000016d920010:   8000000000000030 0000000000000005
0x000000016d920020:   0000000000000000 0000000000000000
0x000000016d920030:   000000073f300780 000000016d920164
0x000000016d920040:   0000000000000005 000000016d920168
0x000000016d920050:   000000016d9200b8 0000000000000001
0x000000016d920060:   000000016d920140 000000010268eff8
0x000000016d920070:   0000000102b636e0 0000000102b63740
0x000000016d920080:   000000016d9200b8 000000073f300780
0x000000016d920090:   0000000000000001 0000000102b63740 

Instructions: (pc=0x00000001085c063c)
0x00000001085c053c:   08 01 3f 91 01 01 40 f9 10 00 00 14 68 41 00 f0
0x00000001085c054c:   08 e1 3e 91 08 01 40 f9 69 41 00 f0 29 21 37 91
0x00000001085c055c:   29 01 40 f9 29 fd 55 d3 29 95 54 8a 0a 15 40 f9
0x00000001085c056c:   49 79 69 f8 6a 41 00 f0 4a 01 3f 91 4a 01 40 f9
0x00000001085c057c:   3f 01 00 f1 41 01 88 9a c7 c7 16 94 88 16 7a 92
0x00000001085c058c:   69 41 00 f0 29 41 38 91 29 01 40 f9 08 bc 70 b3
0x00000001085c059c:   08 01 09 aa 1f cd 70 f2 80 f7 ff 54 08 05 7c b2
0x00000001085c05ac:   e9 03 14 aa 68 7e a9 c8 3f 01 14 eb e0 f6 ff 54
0x00000001085c05bc:   aa 02 40 f9 f4 03 09 aa 5f 01 09 ea 41 ff ff 54
0x00000001085c05cc:   b2 ff ff 17 fd 7b bf a9 fd 03 00 91 00 00 40 f9
0x00000001085c05dc:   fd 7b c1 a8 c0 03 5f d6 00 00 00 00 00 00 00 00
0x00000001085c05ec:   00 00 00 00 00 00 00 00 ff 03 02 d1 f6 57 05 a9
0x00000001085c05fc:   f4 4f 06 a9 fd 7b 07 a9 fd c3 01 91 f4 03 01 aa
0x00000001085c060c:   f3 03 00 aa 28 04 40 f9 09 05 40 f9 08 4d 40 79
0x00000001085c061c:   28 0d 08 8b 16 25 40 f9 80 3f 00 d0 00 c0 0a 91
0x00000001085c062c:   08 00 40 f9 00 01 3f d6 08 00 40 f9 e1 23 00 a9
0x00000001085c063c:   15 95 41 f9 a8 26 40 29 1f 01 09 6b a1 01 00 54
0x00000001085c064c:   09 05 00 11 3f 01 08 6a 0a 00 80 12 04 01 4a 7a
0x00000001085c065c:   29 11 c0 5a e9 03 09 4b 2a 00 80 52 49 21 c9 1a
0x00000001085c066c:   21 d5 88 1a e0 03 15 aa 93 8f fc 97 a8 02 40 b9
0x00000001085c067c:   09 05 00 11 a9 02 00 b9 a9 06 40 f9 34 d9 28 f8
0x00000001085c068c:   e8 03 40 f9 09 05 40 f9 2a 05 40 f9 29 4d 40 79
0x00000001085c069c:   49 0d 09 8b 29 25 40 f9 e9 0b 00 f9 74 0c 80 52
0x00000001085c06ac:   f4 1b 00 b9 ff 13 00 f9 e8 23 00 f9 e0 43 00 91
0x00000001085c06bc:   01 00 80 52 03 0c 10 94 e1 13 40 f9 76 06 00 f9
0x00000001085c06cc:   74 12 00 b9 7f 0e 00 f9 61 00 00 b4 60 22 00 91
0x00000001085c06dc:   31 0a 10 94 e0 03 00 91 7f 5f fc 97 08 3d 00 f0
0x00000001085c06ec:   08 e1 32 91 68 02 00 f9 7f 12 00 f9 e0 03 13 aa
0x00000001085c06fc:   fd 7b 47 a9 f4 4f 46 a9 f6 57 45 a9 ff 03 02 91
0x00000001085c070c:   c0 03 5f d6 ff 83 01 d1 f6 57 03 a9 f4 4f 04 a9
0x00000001085c071c:   fd 7b 05 a9 fd 43 01 91 f3 03 00 aa 01 10 00 f9
0x00000001085c072c:   08 0c 40 f9 09 05 00 d1 3f 09 00 b1 e2 01 00 54 



---------------  P R O C E S S  ---------------

VM state: not at safepoint (normal execution)

VM Mutex/Monitor currently owned by a thread: None

Heap address: 0x0000000a3e800000, size: 6144 MB, Compressed Oops mode: Non-zero based: 0x0000000a3e000000, Oop shift amount: 3

CDS archive(s) mapped at: [0x0000008800000000-0x0000008800c90000-0x0000008800c90000), size 13172736, SharedBaseAddress: 0x0000008800000000, ArchiveRelocationMode: 1.
Compressed class space mapped at: 0x0000008801000000-0x0000008835000000, reserved size: 872415232
Narrow klass base: 0x0000008800000000, Narrow klass shift: 0, Narrow klass range: 0x100000000

GC Precious Log:
<Skipped>

Heap:
 garbage-first heap   total 1572864K, used 1231439K [0x0000000a3e800000, 0x0000000bbe800000)
  region size 4096K, 200 young (819200K), 24 survivors (98304K)
 Metaspace       used 137834K, committed 138944K, reserved 983040K
  class space    used 18648K, committed 19136K, reserved 851968K

Heap Regions: E=young(eden), S=young(survivor), O=old, HS=humongous(starts), HC=humongous(continues), CS=collection set, F=free, TAMS=top-at-mark-start, PB=parsable bottom
|   0|0x0000000a3e800000, 0x0000000a3ec00000, 0x0000000a3ec00000|100%|HS|  |TAMS 0x0000000a3e800000| PB 0x0000000a3e800000| Complete 
|   1|0x0000000a3ec00000, 0x0000000a3f000000, 0x0000000a3f000000|100%| O|  |TAMS 0x0000000a3ec00000| PB 0x0000000a3ec00000| Untracked 
|   2|0x0000000a3f000000, 0x0000000a3f400000, 0x0000000a3f400000|100%| O|  |TAMS 0x0000000a3f000000| PB 0x0000000a3f000000| Untracked 
|   3|0x0000000a3f400000, 0x0000000a3f800000, 0x0000000a3f800000|100%| O|  |TAMS 0x0000000a3f400000| PB 0x0000000a3f400000| Untracked 
|   4|0x0000000a3f800000, 0x0000000a3fc00000, 0x0000000a3fc00000|100%| O|  |TAMS 0x0000000a3f800000| PB 0x0000000a3f800000| Untracked 
|   5|0x0000000a3fc00000, 0x0000000a40000000, 0x0000000a40000000|100%| O|  |TAMS 0x0000000a3fc00000| PB 0x0000000a3fc00000| Untracked 
|   6|0x0000000a40000000, 0x0000000a40400000, 0x0000000a40400000|100%| O|  |TAMS 0x0000000a40000000| PB 0x0000000a40000000| Untracked 
|   7|0x0000000a40400000, 0x0000000a40800000, 0x0000000a40800000|100%| O|  |TAMS 0x0000000a40400000| PB 0x0000000a40400000| Untracked 
|   8|0x0000000a40800000, 0x0000000a40c00000, 0x0000000a40c00000|100%| O|  |TAMS 0x0000000a40800000| PB 0x0000000a40800000| Untracked 
|   9|0x0000000a40c00000, 0x0000000a41000000, 0x0000000a41000000|100%| O|  |TAMS 0x0000000a40c00000| PB 0x0000000a40c00000| Untracked 
|  10|0x0000000a41000000, 0x0000000a41400000, 0x0000000a41400000|100%| O|  |TAMS 0x0000000a41000000| PB 0x0000000a41000000| Untracked 
|  11|0x0000000a41400000, 0x0000000a41800000, 0x0000000a41800000|100%| O|Cm|TAMS 0x0000000a41400000| PB 0x0000000a41400000| Complete 
|  12|0x0000000a41800000, 0x0000000a41c00000, 0x0000000a41c00000|100%| O|  |TAMS 0x0000000a41800000| PB 0x0000000a41800000| Untracked 
|  13|0x0000000a41c00000, 0x0000000a42000000, 0x0000000a42000000|100%| O|  |TAMS 0x0000000a41c00000| PB 0x0000000a41c00000| Untracked 
|  14|0x0000000a42000000, 0x0000000a42400000, 0x0000000a42400000|100%| O|  |TAMS 0x0000000a42000000| PB 0x0000000a42000000| Untracked 
|  15|0x0000000a42400000, 0x0000000a42800000, 0x0000000a42800000|100%| O|  |TAMS 0x0000000a42400000| PB 0x0000000a42400000| Untracked 
|  16|0x0000000a42800000, 0x0000000a42c00000, 0x0000000a42c00000|100%| O|  |TAMS 0x0000000a42800000| PB 0x0000000a42800000| Untracked 
|  17|0x0000000a42c00000, 0x0000000a43000000, 0x0000000a43000000|100%| O|  |TAMS 0x0000000a42c00000| PB 0x0000000a42c00000| Untracked 
|  18|0x0000000a43000000, 0x0000000a43400000, 0x0000000a43400000|100%| O|  |TAMS 0x0000000a43000000| PB 0x0000000a43000000| Untracked 
|  19|0x0000000a43400000, 0x0000000a43800000, 0x0000000a43800000|100%| O|  |TAMS 0x0000000a43400000| PB 0x0000000a43400000| Untracked 
|  20|0x0000000a43800000, 0x0000000a43c00000, 0x0000000a43c00000|100%| O|  |TAMS 0x0000000a43800000| PB 0x0000000a43800000| Untracked 
|  21|0x0000000a43c00000, 0x0000000a44000000, 0x0000000a44000000|100%| O|  |TAMS 0x0000000a43c00000| PB 0x0000000a43c00000| Untracked 
|  22|0x0000000a44000000, 0x0000000a44400000, 0x0000000a44400000|100%| O|  |TAMS 0x0000000a44000000| PB 0x0000000a44000000| Untracked 
|  23|0x0000000a44400000, 0x0000000a44800000, 0x0000000a44800000|100%| O|  |TAMS 0x0000000a44400000| PB 0x0000000a44400000| Untracked 
|  24|0x0000000a44800000, 0x0000000a44c00000, 0x0000000a44c00000|100%| O|  |TAMS 0x0000000a44800000| PB 0x0000000a44800000| Untracked 
|  25|0x0000000a44c00000, 0x0000000a45000000, 0x0000000a45000000|100%| O|  |TAMS 0x0000000a44c00000| PB 0x0000000a44c00000| Untracked 
|  26|0x0000000a45000000, 0x0000000a45400000, 0x0000000a45400000|100%| O|Cm|TAMS 0x0000000a45000000| PB 0x0000000a45000000| Complete 
|  27|0x0000000a45400000, 0x0000000a45800000, 0x0000000a45800000|100%| O|Cm|TAMS 0x0000000a45400000| PB 0x0000000a45400000| Complete 
|  28|0x0000000a45800000, 0x0000000a45c00000, 0x0000000a45c00000|100%| O|  |TAMS 0x0000000a45800000| PB 0x0000000a45800000| Untracked 
|  29|0x0000000a45c00000, 0x0000000a46000000, 0x0000000a46000000|100%| O|Cm|TAMS 0x0000000a45c00000| PB 0x0000000a45c00000| Complete 
|  30|0x0000000a46000000, 0x0000000a46400000, 0x0000000a46400000|100%| O|Cm|TAMS 0x0000000a46000000| PB 0x0000000a46000000| Complete 
|  31|0x0000000a46400000, 0x0000000a46800000, 0x0000000a46800000|100%| O|  |TAMS 0x0000000a46400000| PB 0x0000000a46400000| Untracked 
|  32|0x0000000a46800000, 0x0000000a46c00000, 0x0000000a46c00000|100%| O|  |TAMS 0x0000000a46800000| PB 0x0000000a46800000| Untracked 
|  33|0x0000000a46c00000, 0x0000000a47000000, 0x0000000a47000000|100%| O|  |TAMS 0x0000000a46c00000| PB 0x0000000a46c00000| Untracked 
|  34|0x0000000a47000000, 0x0000000a47400000, 0x0000000a47400000|100%| O|  |TAMS 0x0000000a47000000| PB 0x0000000a47000000| Untracked 
|  35|0x0000000a47400000, 0x0000000a47800000, 0x0000000a47800000|100%| O|  |TAMS 0x0000000a47400000| PB 0x0000000a47400000| Untracked 
|  36|0x0000000a47800000, 0x0000000a47c00000, 0x0000000a47c00000|100%| O|  |TAMS 0x0000000a47800000| PB 0x0000000a47800000| Untracked 
|  37|0x0000000a47c00000, 0x0000000a48000000, 0x0000000a48000000|100%| O|  |TAMS 0x0000000a47c00000| PB 0x0000000a47c00000| Untracked 
|  38|0x0000000a48000000, 0x0000000a48400000, 0x0000000a48400000|100%| O|  |TAMS 0x0000000a48000000| PB 0x0000000a48000000| Untracked 
|  39|0x0000000a48400000, 0x0000000a48800000, 0x0000000a48800000|100%| O|  |TAMS 0x0000000a48400000| PB 0x0000000a48400000| Untracked 
|  40|0x0000000a48800000, 0x0000000a48c00000, 0x0000000a48c00000|100%| O|  |TAMS 0x0000000a48800000| PB 0x0000000a48800000| Untracked 
|  41|0x0000000a48c00000, 0x0000000a49000000, 0x0000000a49000000|100%| O|  |TAMS 0x0000000a48c00000| PB 0x0000000a48c00000| Untracked 
|  42|0x0000000a49000000, 0x0000000a49400000, 0x0000000a49400000|100%| O|  |TAMS 0x0000000a49000000| PB 0x0000000a49000000| Untracked 
|  43|0x0000000a49400000, 0x0000000a49800000, 0x0000000a49800000|100%| O|  |TAMS 0x0000000a49400000| PB 0x0000000a49400000| Untracked 
|  44|0x0000000a49800000, 0x0000000a49c00000, 0x0000000a49c00000|100%| O|  |TAMS 0x0000000a49800000| PB 0x0000000a49800000| Untracked 
|  45|0x0000000a49c00000, 0x0000000a4a000000, 0x0000000a4a000000|100%| O|  |TAMS 0x0000000a49c00000| PB 0x0000000a49c00000| Untracked 
|  46|0x0000000a4a000000, 0x0000000a4a400000, 0x0000000a4a400000|100%| O|  |TAMS 0x0000000a4a000000| PB 0x0000000a4a000000| Untracked 
|  47|0x0000000a4a400000, 0x0000000a4a800000, 0x0000000a4a800000|100%| O|  |TAMS 0x0000000a4a400000| PB 0x0000000a4a400000| Untracked 
|  48|0x0000000a4a800000, 0x0000000a4ac00000, 0x0000000a4ac00000|100%| O|  |TAMS 0x0000000a4a800000| PB 0x0000000a4a800000| Untracked 
|  49|0x0000000a4ac00000, 0x0000000a4b000000, 0x0000000a4b000000|100%| O|  |TAMS 0x0000000a4ac00000| PB 0x0000000a4ac00000| Untracked 
|  50|0x0000000a4b000000, 0x0000000a4b400000, 0x0000000a4b400000|100%| O|  |TAMS 0x0000000a4b000000| PB 0x0000000a4b000000| Untracked 
|  51|0x0000000a4b400000, 0x0000000a4b800000, 0x0000000a4b800000|100%| O|  |TAMS 0x0000000a4b400000| PB 0x0000000a4b400000| Untracked 
|  52|0x0000000a4b800000, 0x0000000a4bc00000, 0x0000000a4bc00000|100%| O|  |TAMS 0x0000000a4b800000| PB 0x0000000a4b800000| Untracked 
|  53|0x0000000a4bc00000, 0x0000000a4c000000, 0x0000000a4c000000|100%| O|Cm|TAMS 0x0000000a4bc00000| PB 0x0000000a4bc00000| Complete 
|  54|0x0000000a4c000000, 0x0000000a4c400000, 0x0000000a4c400000|100%| O|Cm|TAMS 0x0000000a4c000000| PB 0x0000000a4c000000| Complete 
|  55|0x0000000a4c400000, 0x0000000a4c800000, 0x0000000a4c800000|100%| O|Cm|TAMS 0x0000000a4c400000| PB 0x0000000a4c400000| Complete 
|  56|0x0000000a4c800000, 0x0000000a4cc00000, 0x0000000a4cc00000|100%| O|  |TAMS 0x0000000a4c800000| PB 0x0000000a4c800000| Untracked 
|  57|0x0000000a4cc00000, 0x0000000a4d000000, 0x0000000a4d000000|100%| O|  |TAMS 0x0000000a4cc00000| PB 0x0000000a4cc00000| Untracked 
|  58|0x0000000a4d000000, 0x0000000a4d400000, 0x0000000a4d400000|100%| O|  |TAMS 0x0000000a4d000000| PB 0x0000000a4d000000| Untracked 
|  59|0x0000000a4d400000, 0x0000000a4d800000, 0x0000000a4d800000|100%| O|Cm|TAMS 0x0000000a4d400000| PB 0x0000000a4d400000| Complete 
|  60|0x0000000a4d800000, 0x0000000a4dc00000, 0x0000000a4dc00000|100%| O|Cm|TAMS 0x0000000a4d800000| PB 0x0000000a4d800000| Complete 
|  61|0x0000000a4dc00000, 0x0000000a4e000000, 0x0000000a4e000000|100%| O|Cm|TAMS 0x0000000a4dc00000| PB 0x0000000a4dc00000| Complete 
|  62|0x0000000a4e000000, 0x0000000a4e400000, 0x0000000a4e400000|100%| O|Cm|TAMS 0x0000000a4e000000| PB 0x0000000a4e000000| Complete 
|  63|0x0000000a4e400000, 0x0000000a4e800000, 0x0000000a4e800000|100%| O|  |TAMS 0x0000000a4e400000| PB 0x0000000a4e400000| Untracked 
|  64|0x0000000a4e800000, 0x0000000a4ec00000, 0x0000000a4ec00000|100%| O|Cm|TAMS 0x0000000a4e800000| PB 0x0000000a4e800000| Complete 
|  65|0x0000000a4ec00000, 0x0000000a4f000000, 0x0000000a4f000000|100%| O|Cm|TAMS 0x0000000a4ec00000| PB 0x0000000a4ec00000| Complete 
|  66|0x0000000a4f000000, 0x0000000a4f400000, 0x0000000a4f400000|100%| O|  |TAMS 0x0000000a4f000000| PB 0x0000000a4f000000| Untracked 
|  67|0x0000000a4f400000, 0x0000000a4f800000, 0x0000000a4f800000|100%| O|  |TAMS 0x0000000a4f400000| PB 0x0000000a4f400000| Untracked 
|  68|0x0000000a4f800000, 0x0000000a4fc00000, 0x0000000a4fc00000|100%| O|  |TAMS 0x0000000a4f800000| PB 0x0000000a4f800000| Untracked 
|  69|0x0000000a4fc00000, 0x0000000a50000000, 0x0000000a50000000|100%| O|  |TAMS 0x0000000a4fc00000| PB 0x0000000a4fc00000| Untracked 
|  70|0x0000000a50000000, 0x0000000a50400000, 0x0000000a50400000|100%| O|  |TAMS 0x0000000a50000000| PB 0x0000000a50000000| Untracked 
|  71|0x0000000a50400000, 0x0000000a50800000, 0x0000000a50800000|100%| O|  |TAMS 0x0000000a50400000| PB 0x0000000a50400000| Untracked 
|  72|0x0000000a50800000, 0x0000000a50c00000, 0x0000000a50c00000|100%| O|  |TAMS 0x0000000a50800000| PB 0x0000000a50800000| Untracked 
|  73|0x0000000a50c00000, 0x0000000a51000000, 0x0000000a51000000|100%| O|  |TAMS 0x0000000a50c00000| PB 0x0000000a50c00000| Untracked 
|  74|0x0000000a51000000, 0x0000000a51400000, 0x0000000a51400000|100%| O|  |TAMS 0x0000000a51000000| PB 0x0000000a51000000| Untracked 
|  75|0x0000000a51400000, 0x0000000a51800000, 0x0000000a51800000|100%| O|  |TAMS 0x0000000a51400000| PB 0x0000000a51400000| Untracked 
|  76|0x0000000a51800000, 0x0000000a51c00000, 0x0000000a51c00000|100%| O|  |TAMS 0x0000000a51800000| PB 0x0000000a51800000| Untracked 
|  77|0x0000000a51c00000, 0x0000000a52000000, 0x0000000a52000000|100%| O|  |TAMS 0x0000000a51c00000| PB 0x0000000a51c00000| Untracked 
|  78|0x0000000a52000000, 0x0000000a52400000, 0x0000000a52400000|100%| O|  |TAMS 0x0000000a52000000| PB 0x0000000a52000000| Untracked 
|  79|0x0000000a52400000, 0x0000000a52800000, 0x0000000a52800000|100%| O|  |TAMS 0x0000000a52400000| PB 0x0000000a52400000| Untracked 
|  80|0x0000000a52800000, 0x0000000a52c00000, 0x0000000a52c00000|100%| O|  |TAMS 0x0000000a52800000| PB 0x0000000a52800000| Untracked 
|  81|0x0000000a52c00000, 0x0000000a53000000, 0x0000000a53000000|100%| O|  |TAMS 0x0000000a52c00000| PB 0x0000000a52c00000| Untracked 
|  82|0x0000000a53000000, 0x0000000a53400000, 0x0000000a53400000|100%| O|  |TAMS 0x0000000a53000000| PB 0x0000000a53000000| Untracked 
|  83|0x0000000a53400000, 0x0000000a535e6900, 0x0000000a53800000| 47%| O|Cm|TAMS 0x0000000a53400000| PB 0x0000000a53400000| Complete 
|  84|0x0000000a53800000, 0x0000000a53c00000, 0x0000000a53c00000|100%|HS|  |TAMS 0x0000000a53800000| PB 0x0000000a53800000| Complete 
|  85|0x0000000a53c00000, 0x0000000a54000000, 0x0000000a54000000|100%|HC|  |TAMS 0x0000000a53c00000| PB 0x0000000a53c00000| Complete 
|  86|0x0000000a54000000, 0x0000000a54400000, 0x0000000a54400000|100%|HC|  |TAMS 0x0000000a54000000| PB 0x0000000a54000000| Complete 
|  87|0x0000000a54400000, 0x0000000a54800000, 0x0000000a54800000|100%|HS|  |TAMS 0x0000000a54400000| PB 0x0000000a54400000| Complete 
|  88|0x0000000a54800000, 0x0000000a54c00000, 0x0000000a54c00000|100%|HC|  |TAMS 0x0000000a54800000| PB 0x0000000a54800000| Complete 
|  89|0x0000000a54c00000, 0x0000000a55000000, 0x0000000a55000000|100%|HS|  |TAMS 0x0000000a54c00000| PB 0x0000000a54c00000| Complete 
|  90|0x0000000a55000000, 0x0000000a55400000, 0x0000000a55400000|100%|HS|  |TAMS 0x0000000a55000000| PB 0x0000000a55000000| Complete 
|  91|0x0000000a55400000, 0x0000000a55800000, 0x0000000a55800000|100%|HC|  |TAMS 0x0000000a55400000| PB 0x0000000a55400000| Complete 
|  92|0x0000000a55800000, 0x0000000a55c00000, 0x0000000a55c00000|100%|HC|  |TAMS 0x0000000a55800000| PB 0x0000000a55800000| Complete 
|  93|0x0000000a55c00000, 0x0000000a56000000, 0x0000000a56000000|100%|HS|  |TAMS 0x0000000a55c00000| PB 0x0000000a55c00000| Complete 
|  94|0x0000000a56000000, 0x0000000a56400000, 0x0000000a56400000|100%|HC|  |TAMS 0x0000000a56000000| PB 0x0000000a56000000| Complete 
|  95|0x0000000a56400000, 0x0000000a56800000, 0x0000000a56800000|100%|HS|  |TAMS 0x0000000a56400000| PB 0x0000000a56400000| Complete 
|  96|0x0000000a56800000, 0x0000000a56800000, 0x0000000a56c00000|  0%| F|  |TAMS 0x0000000a56800000| PB 0x0000000a56800000| Untracked 
|  97|0x0000000a56c00000, 0x0000000a56c00000, 0x0000000a57000000|  0%| F|  |TAMS 0x0000000a56c00000| PB 0x0000000a56c00000| Untracked 
|  98|0x0000000a57000000, 0x0000000a57000000, 0x0000000a57400000|  0%| F|  |TAMS 0x0000000a57000000| PB 0x0000000a57000000| Untracked 
|  99|0x0000000a57400000, 0x0000000a57400000, 0x0000000a57800000|  0%| F|  |TAMS 0x0000000a57400000| PB 0x0000000a57400000| Untracked 
| 100|0x0000000a57800000, 0x0000000a57800000, 0x0000000a57c00000|  0%| F|  |TAMS 0x0000000a57800000| PB 0x0000000a57800000| Untracked 
| 101|0x0000000a57c00000, 0x0000000a57c00000, 0x0000000a58000000|  0%| F|  |TAMS 0x0000000a57c00000| PB 0x0000000a57c00000| Untracked 
| 102|0x0000000a58000000, 0x0000000a58000000, 0x0000000a58400000|  0%| F|  |TAMS 0x0000000a58000000| PB 0x0000000a58000000| Untracked 
| 103|0x0000000a58400000, 0x0000000a58400000, 0x0000000a58800000|  0%| F|  |TAMS 0x0000000a58400000| PB 0x0000000a58400000| Untracked 
| 104|0x0000000a58800000, 0x0000000a58800000, 0x0000000a58c00000|  0%| F|  |TAMS 0x0000000a58800000| PB 0x0000000a58800000| Untracked 
| 105|0x0000000a58c00000, 0x0000000a58c00000, 0x0000000a59000000|  0%| F|  |TAMS 0x0000000a58c00000| PB 0x0000000a58c00000| Untracked 
| 106|0x0000000a59000000, 0x0000000a59000000, 0x0000000a59400000|  0%| F|  |TAMS 0x0000000a59000000| PB 0x0000000a59000000| Untracked 
| 107|0x0000000a59400000, 0x0000000a59400000, 0x0000000a59800000|  0%| F|  |TAMS 0x0000000a59400000| PB 0x0000000a59400000| Untracked 
| 108|0x0000000a59800000, 0x0000000a59800000, 0x0000000a59c00000|  0%| F|  |TAMS 0x0000000a59800000| PB 0x0000000a59800000| Untracked 
| 109|0x0000000a59c00000, 0x0000000a59c00000, 0x0000000a5a000000|  0%| F|  |TAMS 0x0000000a59c00000| PB 0x0000000a59c00000| Untracked 
| 110|0x0000000a5a000000, 0x0000000a5a000000, 0x0000000a5a400000|  0%| F|  |TAMS 0x0000000a5a000000| PB 0x0000000a5a000000| Untracked 
| 111|0x0000000a5a400000, 0x0000000a5a400000, 0x0000000a5a800000|  0%| F|  |TAMS 0x0000000a5a400000| PB 0x0000000a5a400000| Untracked 
| 112|0x0000000a5a800000, 0x0000000a5a800000, 0x0000000a5ac00000|  0%| F|  |TAMS 0x0000000a5a800000| PB 0x0000000a5a800000| Untracked 
| 113|0x0000000a5ac00000, 0x0000000a5ac00000, 0x0000000a5b000000|  0%| F|  |TAMS 0x0000000a5ac00000| PB 0x0000000a5ac00000| Untracked 
| 114|0x0000000a5b000000, 0x0000000a5b000000, 0x0000000a5b400000|  0%| F|  |TAMS 0x0000000a5b000000| PB 0x0000000a5b000000| Untracked 
| 115|0x0000000a5b400000, 0x0000000a5b400000, 0x0000000a5b800000|  0%| F|  |TAMS 0x0000000a5b400000| PB 0x0000000a5b400000| Untracked 
| 116|0x0000000a5b800000, 0x0000000a5b800000, 0x0000000a5bc00000|  0%| F|  |TAMS 0x0000000a5b800000| PB 0x0000000a5b800000| Untracked 
| 117|0x0000000a5bc00000, 0x0000000a5bc00000, 0x0000000a5c000000|  0%| F|  |TAMS 0x0000000a5bc00000| PB 0x0000000a5bc00000| Untracked 
| 118|0x0000000a5c000000, 0x0000000a5c000000, 0x0000000a5c400000|  0%| F|  |TAMS 0x0000000a5c000000| PB 0x0000000a5c000000| Untracked 
| 119|0x0000000a5c400000, 0x0000000a5c400000, 0x0000000a5c800000|  0%| F|  |TAMS 0x0000000a5c400000| PB 0x0000000a5c400000| Untracked 
| 120|0x0000000a5c800000, 0x0000000a5c800000, 0x0000000a5cc00000|  0%| F|  |TAMS 0x0000000a5c800000| PB 0x0000000a5c800000| Untracked 
| 121|0x0000000a5cc00000, 0x0000000a5cc00000, 0x0000000a5d000000|  0%| F|  |TAMS 0x0000000a5cc00000| PB 0x0000000a5cc00000| Untracked 
| 122|0x0000000a5d000000, 0x0000000a5d000000, 0x0000000a5d400000|  0%| F|  |TAMS 0x0000000a5d000000| PB 0x0000000a5d000000| Untracked 
| 123|0x0000000a5d400000, 0x0000000a5d400000, 0x0000000a5d800000|  0%| F|  |TAMS 0x0000000a5d400000| PB 0x0000000a5d400000| Untracked 
| 124|0x0000000a5d800000, 0x0000000a5d800000, 0x0000000a5dc00000|  0%| F|  |TAMS 0x0000000a5d800000| PB 0x0000000a5d800000| Untracked 
| 125|0x0000000a5dc00000, 0x0000000a5dc00000, 0x0000000a5e000000|  0%| F|  |TAMS 0x0000000a5dc00000| PB 0x0000000a5dc00000| Untracked 
| 126|0x0000000a5e000000, 0x0000000a5e000000, 0x0000000a5e400000|  0%| F|  |TAMS 0x0000000a5e000000| PB 0x0000000a5e000000| Untracked 
| 127|0x0000000a5e400000, 0x0000000a5e400000, 0x0000000a5e800000|  0%| F|  |TAMS 0x0000000a5e400000| PB 0x0000000a5e400000| Untracked 
| 128|0x0000000a5e800000, 0x0000000a5e800000, 0x0000000a5ec00000|  0%| F|  |TAMS 0x0000000a5e800000| PB 0x0000000a5e800000| Untracked 
| 129|0x0000000a5ec00000, 0x0000000a5ec00000, 0x0000000a5f000000|  0%| F|  |TAMS 0x0000000a5ec00000| PB 0x0000000a5ec00000| Untracked 
| 130|0x0000000a5f000000, 0x0000000a5f000000, 0x0000000a5f400000|  0%| F|  |TAMS 0x0000000a5f000000| PB 0x0000000a5f000000| Untracked 
| 131|0x0000000a5f400000, 0x0000000a5f400000, 0x0000000a5f800000|  0%| F|  |TAMS 0x0000000a5f400000| PB 0x0000000a5f400000| Untracked 
| 132|0x0000000a5f800000, 0x0000000a5f800000, 0x0000000a5fc00000|  0%| F|  |TAMS 0x0000000a5f800000| PB 0x0000000a5f800000| Untracked 
| 133|0x0000000a5fc00000, 0x0000000a5fc00000, 0x0000000a60000000|  0%| F|  |TAMS 0x0000000a5fc00000| PB 0x0000000a5fc00000| Untracked 
| 134|0x0000000a60000000, 0x0000000a60000000, 0x0000000a60400000|  0%| F|  |TAMS 0x0000000a60000000| PB 0x0000000a60000000| Untracked 
| 135|0x0000000a60400000, 0x0000000a60400000, 0x0000000a60800000|  0%| F|  |TAMS 0x0000000a60400000| PB 0x0000000a60400000| Untracked 
| 136|0x0000000a60800000, 0x0000000a60800000, 0x0000000a60c00000|  0%| F|  |TAMS 0x0000000a60800000| PB 0x0000000a60800000| Untracked 
| 137|0x0000000a60c00000, 0x0000000a60c00000, 0x0000000a61000000|  0%| F|  |TAMS 0x0000000a60c00000| PB 0x0000000a60c00000| Untracked 
| 138|0x0000000a61000000, 0x0000000a61000000, 0x0000000a61400000|  0%| F|  |TAMS 0x0000000a61000000| PB 0x0000000a61000000| Untracked 
| 139|0x0000000a61400000, 0x0000000a61400000, 0x0000000a61800000|  0%| F|  |TAMS 0x0000000a61400000| PB 0x0000000a61400000| Untracked 
| 140|0x0000000a61800000, 0x0000000a61800000, 0x0000000a61c00000|  0%| F|  |TAMS 0x0000000a61800000| PB 0x0000000a61800000| Untracked 
| 141|0x0000000a61c00000, 0x0000000a61c00000, 0x0000000a62000000|  0%| F|  |TAMS 0x0000000a61c00000| PB 0x0000000a61c00000| Untracked 
| 142|0x0000000a62000000, 0x0000000a62000000, 0x0000000a62400000|  0%| F|  |TAMS 0x0000000a62000000| PB 0x0000000a62000000| Untracked 
| 143|0x0000000a62400000, 0x0000000a62400000, 0x0000000a62800000|  0%| F|  |TAMS 0x0000000a62400000| PB 0x0000000a62400000| Untracked 
| 144|0x0000000a62800000, 0x0000000a62800000, 0x0000000a62c00000|  0%| F|  |TAMS 0x0000000a62800000| PB 0x0000000a62800000| Untracked 
| 145|0x0000000a62c00000, 0x0000000a62c00000, 0x0000000a63000000|  0%| F|  |TAMS 0x0000000a62c00000| PB 0x0000000a62c00000| Untracked 
| 146|0x0000000a63000000, 0x0000000a63000000, 0x0000000a63400000|  0%| F|  |TAMS 0x0000000a63000000| PB 0x0000000a63000000| Untracked 
| 147|0x0000000a63400000, 0x0000000a63400000, 0x0000000a63800000|  0%| F|  |TAMS 0x0000000a63400000| PB 0x0000000a63400000| Untracked 
| 148|0x0000000a63800000, 0x0000000a63800000, 0x0000000a63c00000|  0%| F|  |TAMS 0x0000000a63800000| PB 0x0000000a63800000| Untracked 
| 149|0x0000000a63c00000, 0x0000000a63c00000, 0x0000000a64000000|  0%| F|  |TAMS 0x0000000a63c00000| PB 0x0000000a63c00000| Untracked 
| 150|0x0000000a64000000, 0x0000000a64000000, 0x0000000a64400000|  0%| F|  |TAMS 0x0000000a64000000| PB 0x0000000a64000000| Untracked 
| 151|0x0000000a64400000, 0x0000000a64400000, 0x0000000a64800000|  0%| F|  |TAMS 0x0000000a64400000| PB 0x0000000a64400000| Untracked 
| 152|0x0000000a64800000, 0x0000000a64800000, 0x0000000a64c00000|  0%| F|  |TAMS 0x0000000a64800000| PB 0x0000000a64800000| Untracked 
| 153|0x0000000a64c00000, 0x0000000a64c00000, 0x0000000a65000000|  0%| F|  |TAMS 0x0000000a64c00000| PB 0x0000000a64c00000| Untracked 
| 154|0x0000000a65000000, 0x0000000a65000000, 0x0000000a65400000|  0%| F|  |TAMS 0x0000000a65000000| PB 0x0000000a65000000| Untracked 
| 155|0x0000000a65400000, 0x0000000a65400000, 0x0000000a65800000|  0%| F|  |TAMS 0x0000000a65400000| PB 0x0000000a65400000| Untracked 
| 156|0x0000000a65800000, 0x0000000a65800000, 0x0000000a65c00000|  0%| F|  |TAMS 0x0000000a65800000| PB 0x0000000a65800000| Untracked 
| 157|0x0000000a65c00000, 0x0000000a65c00000, 0x0000000a66000000|  0%| F|  |TAMS 0x0000000a65c00000| PB 0x0000000a65c00000| Untracked 
| 158|0x0000000a66000000, 0x0000000a66000000, 0x0000000a66400000|  0%| F|  |TAMS 0x0000000a66000000| PB 0x0000000a66000000| Untracked 
| 159|0x0000000a66400000, 0x0000000a66400000, 0x0000000a66800000|  0%| F|  |TAMS 0x0000000a66400000| PB 0x0000000a66400000| Untracked 
| 160|0x0000000a66800000, 0x0000000a66800000, 0x0000000a66c00000|  0%| F|  |TAMS 0x0000000a66800000| PB 0x0000000a66800000| Untracked 
| 161|0x0000000a66c00000, 0x0000000a66c00000, 0x0000000a67000000|  0%| F|  |TAMS 0x0000000a66c00000| PB 0x0000000a66c00000| Untracked 
| 162|0x0000000a67000000, 0x0000000a67000000, 0x0000000a67400000|  0%| F|  |TAMS 0x0000000a67000000| PB 0x0000000a67000000| Untracked 
| 163|0x0000000a67400000, 0x0000000a67400000, 0x0000000a67800000|  0%| F|  |TAMS 0x0000000a67400000| PB 0x0000000a67400000| Untracked 
| 164|0x0000000a67800000, 0x0000000a67800000, 0x0000000a67c00000|  0%| F|  |TAMS 0x0000000a67800000| PB 0x0000000a67800000| Untracked 
| 165|0x0000000a67c00000, 0x0000000a67c00000, 0x0000000a68000000|  0%| F|  |TAMS 0x0000000a67c00000| PB 0x0000000a67c00000| Untracked 
| 166|0x0000000a68000000, 0x0000000a68000000, 0x0000000a68400000|  0%| F|  |TAMS 0x0000000a68000000| PB 0x0000000a68000000| Untracked 
| 167|0x0000000a68400000, 0x0000000a68400000, 0x0000000a68800000|  0%| F|  |TAMS 0x0000000a68400000| PB 0x0000000a68400000| Untracked 
| 168|0x0000000a68800000, 0x0000000a68800000, 0x0000000a68c00000|  0%| F|  |TAMS 0x0000000a68800000| PB 0x0000000a68800000| Untracked 
| 169|0x0000000a68c00000, 0x0000000a68c00000, 0x0000000a69000000|  0%| F|  |TAMS 0x0000000a68c00000| PB 0x0000000a68c00000| Untracked 
| 170|0x0000000a69000000, 0x0000000a69000000, 0x0000000a69400000|  0%| F|  |TAMS 0x0000000a69000000| PB 0x0000000a69000000| Untracked 
| 171|0x0000000a69400000, 0x0000000a69400000, 0x0000000a69800000|  0%| F|  |TAMS 0x0000000a69400000| PB 0x0000000a69400000| Untracked 
| 172|0x0000000a69800000, 0x0000000a69800000, 0x0000000a69c00000|  0%| F|  |TAMS 0x0000000a69800000| PB 0x0000000a69800000| Untracked 
| 173|0x0000000a69c00000, 0x0000000a69c00000, 0x0000000a6a000000|  0%| F|  |TAMS 0x0000000a69c00000| PB 0x0000000a69c00000| Untracked 
| 174|0x0000000a6a000000, 0x0000000a6a000000, 0x0000000a6a400000|  0%| F|  |TAMS 0x0000000a6a000000| PB 0x0000000a6a000000| Untracked 
| 175|0x0000000a6a400000, 0x0000000a6a400000, 0x0000000a6a800000|  0%| F|  |TAMS 0x0000000a6a400000| PB 0x0000000a6a400000| Untracked 
| 176|0x0000000a6a800000, 0x0000000a6a800000, 0x0000000a6ac00000|  0%| F|  |TAMS 0x0000000a6a800000| PB 0x0000000a6a800000| Untracked 
| 177|0x0000000a6ac00000, 0x0000000a6ac94170, 0x0000000a6b000000| 14%| E|  |TAMS 0x0000000a6ac00000| PB 0x0000000a6ac00000| Complete 
| 178|0x0000000a6b000000, 0x0000000a6b400000, 0x0000000a6b400000|100%| E|CS|TAMS 0x0000000a6b000000| PB 0x0000000a6b000000| Complete 
| 179|0x0000000a6b400000, 0x0000000a6b800000, 0x0000000a6b800000|100%| E|CS|TAMS 0x0000000a6b400000| PB 0x0000000a6b400000| Complete 
| 180|0x0000000a6b800000, 0x0000000a6bc00000, 0x0000000a6bc00000|100%| E|CS|TAMS 0x0000000a6b800000| PB 0x0000000a6b800000| Complete 
| 181|0x0000000a6bc00000, 0x0000000a6c000000, 0x0000000a6c000000|100%| E|CS|TAMS 0x0000000a6bc00000| PB 0x0000000a6bc00000| Complete 
| 182|0x0000000a6c000000, 0x0000000a6c400000, 0x0000000a6c400000|100%| E|CS|TAMS 0x0000000a6c000000| PB 0x0000000a6c000000| Complete 
| 183|0x0000000a6c400000, 0x0000000a6c800000, 0x0000000a6c800000|100%| E|CS|TAMS 0x0000000a6c400000| PB 0x0000000a6c400000| Complete 
| 184|0x0000000a6c800000, 0x0000000a6cc00000, 0x0000000a6cc00000|100%| E|CS|TAMS 0x0000000a6c800000| PB 0x0000000a6c800000| Complete 
| 185|0x0000000a6cc00000, 0x0000000a6d000000, 0x0000000a6d000000|100%| E|CS|TAMS 0x0000000a6cc00000| PB 0x0000000a6cc00000| Complete 
| 186|0x0000000a6d000000, 0x0000000a6d400000, 0x0000000a6d400000|100%| E|CS|TAMS 0x0000000a6d000000| PB 0x0000000a6d000000| Complete 
| 187|0x0000000a6d400000, 0x0000000a6d800000, 0x0000000a6d800000|100%| E|CS|TAMS 0x0000000a6d400000| PB 0x0000000a6d400000| Complete 
| 188|0x0000000a6d800000, 0x0000000a6dc00000, 0x0000000a6dc00000|100%| E|CS|TAMS 0x0000000a6d800000| PB 0x0000000a6d800000| Complete 
| 189|0x0000000a6dc00000, 0x0000000a6e000000, 0x0000000a6e000000|100%| E|CS|TAMS 0x0000000a6dc00000| PB 0x0000000a6dc00000| Complete 
| 190|0x0000000a6e000000, 0x0000000a6e400000, 0x0000000a6e400000|100%| E|CS|TAMS 0x0000000a6e000000| PB 0x0000000a6e000000| Complete 
| 191|0x0000000a6e400000, 0x0000000a6e800000, 0x0000000a6e800000|100%| E|CS|TAMS 0x0000000a6e400000| PB 0x0000000a6e400000| Complete 
| 192|0x0000000a6e800000, 0x0000000a6ec00000, 0x0000000a6ec00000|100%| E|CS|TAMS 0x0000000a6e800000| PB 0x0000000a6e800000| Complete 
| 193|0x0000000a6ec00000, 0x0000000a6f000000, 0x0000000a6f000000|100%| E|CS|TAMS 0x0000000a6ec00000| PB 0x0000000a6ec00000| Complete 
| 194|0x0000000a6f000000, 0x0000000a6f400000, 0x0000000a6f400000|100%| E|CS|TAMS 0x0000000a6f000000| PB 0x0000000a6f000000| Complete 
| 195|0x0000000a6f400000, 0x0000000a6f800000, 0x0000000a6f800000|100%| E|CS|TAMS 0x0000000a6f400000| PB 0x0000000a6f400000| Complete 
| 196|0x0000000a6f800000, 0x0000000a6fc00000, 0x0000000a6fc00000|100%| E|CS|TAMS 0x0000000a6f800000| PB 0x0000000a6f800000| Complete 
| 197|0x0000000a6fc00000, 0x0000000a70000000, 0x0000000a70000000|100%| E|CS|TAMS 0x0000000a6fc00000| PB 0x0000000a6fc00000| Complete 
| 198|0x0000000a70000000, 0x0000000a70400000, 0x0000000a70400000|100%| E|CS|TAMS 0x0000000a70000000| PB 0x0000000a70000000| Complete 
| 199|0x0000000a70400000, 0x0000000a70800000, 0x0000000a70800000|100%| E|CS|TAMS 0x0000000a70400000| PB 0x0000000a70400000| Complete 
| 200|0x0000000a70800000, 0x0000000a70c00000, 0x0000000a70c00000|100%| E|CS|TAMS 0x0000000a70800000| PB 0x0000000a70800000| Complete 
| 201|0x0000000a70c00000, 0x0000000a71000000, 0x0000000a71000000|100%| E|CS|TAMS 0x0000000a70c00000| PB 0x0000000a70c00000| Complete 
| 202|0x0000000a71000000, 0x0000000a71400000, 0x0000000a71400000|100%| E|CS|TAMS 0x0000000a71000000| PB 0x0000000a71000000| Complete 
| 203|0x0000000a71400000, 0x0000000a71800000, 0x0000000a71800000|100%| E|CS|TAMS 0x0000000a71400000| PB 0x0000000a71400000| Complete 
| 204|0x0000000a71800000, 0x0000000a71c00000, 0x0000000a71c00000|100%| E|CS|TAMS 0x0000000a71800000| PB 0x0000000a71800000| Complete 
| 205|0x0000000a71c00000, 0x0000000a72000000, 0x0000000a72000000|100%| E|CS|TAMS 0x0000000a71c00000| PB 0x0000000a71c00000| Complete 
| 206|0x0000000a72000000, 0x0000000a72400000, 0x0000000a72400000|100%| E|CS|TAMS 0x0000000a72000000| PB 0x0000000a72000000| Complete 
| 207|0x0000000a72400000, 0x0000000a72800000, 0x0000000a72800000|100%| E|CS|TAMS 0x0000000a72400000| PB 0x0000000a72400000| Complete 
| 208|0x0000000a72800000, 0x0000000a72c00000, 0x0000000a72c00000|100%| E|CS|TAMS 0x0000000a72800000| PB 0x0000000a72800000| Complete 
| 209|0x0000000a72c00000, 0x0000000a73000000, 0x0000000a73000000|100%| E|CS|TAMS 0x0000000a72c00000| PB 0x0000000a72c00000| Complete 
| 210|0x0000000a73000000, 0x0000000a73400000, 0x0000000a73400000|100%| E|CS|TAMS 0x0000000a73000000| PB 0x0000000a73000000| Complete 
| 211|0x0000000a73400000, 0x0000000a73800000, 0x0000000a73800000|100%| E|CS|TAMS 0x0000000a73400000| PB 0x0000000a73400000| Complete 
| 212|0x0000000a73800000, 0x0000000a73c00000, 0x0000000a73c00000|100%| E|CS|TAMS 0x0000000a73800000| PB 0x0000000a73800000| Complete 
| 213|0x0000000a73c00000, 0x0000000a74000000, 0x0000000a74000000|100%| E|CS|TAMS 0x0000000a73c00000| PB 0x0000000a73c00000| Complete 
| 214|0x0000000a74000000, 0x0000000a74400000, 0x0000000a74400000|100%| E|CS|TAMS 0x0000000a74000000| PB 0x0000000a74000000| Complete 
| 215|0x0000000a74400000, 0x0000000a74800000, 0x0000000a74800000|100%| E|CS|TAMS 0x0000000a74400000| PB 0x0000000a74400000| Complete 
| 216|0x0000000a74800000, 0x0000000a74c00000, 0x0000000a74c00000|100%| E|CS|TAMS 0x0000000a74800000| PB 0x0000000a74800000| Complete 
| 217|0x0000000a74c00000, 0x0000000a75000000, 0x0000000a75000000|100%| E|CS|TAMS 0x0000000a74c00000| PB 0x0000000a74c00000| Complete 
| 218|0x0000000a75000000, 0x0000000a75400000, 0x0000000a75400000|100%| E|CS|TAMS 0x0000000a75000000| PB 0x0000000a75000000| Complete 
| 219|0x0000000a75400000, 0x0000000a75800000, 0x0000000a75800000|100%| E|CS|TAMS 0x0000000a75400000| PB 0x0000000a75400000| Complete 
| 220|0x0000000a75800000, 0x0000000a75c00000, 0x0000000a75c00000|100%| E|CS|TAMS 0x0000000a75800000| PB 0x0000000a75800000| Complete 
| 221|0x0000000a75c00000, 0x0000000a76000000, 0x0000000a76000000|100%| E|CS|TAMS 0x0000000a75c00000| PB 0x0000000a75c00000| Complete 
| 222|0x0000000a76000000, 0x0000000a76400000, 0x0000000a76400000|100%| E|CS|TAMS 0x0000000a76000000| PB 0x0000000a76000000| Complete 
| 223|0x0000000a76400000, 0x0000000a76800000, 0x0000000a76800000|100%| E|CS|TAMS 0x0000000a76400000| PB 0x0000000a76400000| Complete 
| 224|0x0000000a76800000, 0x0000000a76c00000, 0x0000000a76c00000|100%| E|CS|TAMS 0x0000000a76800000| PB 0x0000000a76800000| Complete 
| 225|0x0000000a76c00000, 0x0000000a77000000, 0x0000000a77000000|100%| E|CS|TAMS 0x0000000a76c00000| PB 0x0000000a76c00000| Complete 
| 226|0x0000000a77000000, 0x0000000a77400000, 0x0000000a77400000|100%| E|CS|TAMS 0x0000000a77000000| PB 0x0000000a77000000| Complete 
| 227|0x0000000a77400000, 0x0000000a77800000, 0x0000000a77800000|100%| E|CS|TAMS 0x0000000a77400000| PB 0x0000000a77400000| Complete 
| 228|0x0000000a77800000, 0x0000000a77c00000, 0x0000000a77c00000|100%| E|CS|TAMS 0x0000000a77800000| PB 0x0000000a77800000| Complete 
| 229|0x0000000a77c00000, 0x0000000a78000000, 0x0000000a78000000|100%| E|CS|TAMS 0x0000000a77c00000| PB 0x0000000a77c00000| Complete 
| 230|0x0000000a78000000, 0x0000000a78400000, 0x0000000a78400000|100%| E|CS|TAMS 0x0000000a78000000| PB 0x0000000a78000000| Complete 
| 231|0x0000000a78400000, 0x0000000a78800000, 0x0000000a78800000|100%| E|CS|TAMS 0x0000000a78400000| PB 0x0000000a78400000| Complete 
| 232|0x0000000a78800000, 0x0000000a78c00000, 0x0000000a78c00000|100%| E|CS|TAMS 0x0000000a78800000| PB 0x0000000a78800000| Complete 
| 233|0x0000000a78c00000, 0x0000000a79000000, 0x0000000a79000000|100%| E|CS|TAMS 0x0000000a78c00000| PB 0x0000000a78c00000| Complete 
| 234|0x0000000a79000000, 0x0000000a79400000, 0x0000000a79400000|100%| E|CS|TAMS 0x0000000a79000000| PB 0x0000000a79000000| Complete 
| 235|0x0000000a79400000, 0x0000000a79800000, 0x0000000a79800000|100%| E|CS|TAMS 0x0000000a79400000| PB 0x0000000a79400000| Complete 
| 236|0x0000000a79800000, 0x0000000a79c00000, 0x0000000a79c00000|100%| E|CS|TAMS 0x0000000a79800000| PB 0x0000000a79800000| Complete 
| 237|0x0000000a79c00000, 0x0000000a7a000000, 0x0000000a7a000000|100%| E|CS|TAMS 0x0000000a79c00000| PB 0x0000000a79c00000| Complete 
| 238|0x0000000a7a000000, 0x0000000a7a400000, 0x0000000a7a400000|100%| E|CS|TAMS 0x0000000a7a000000| PB 0x0000000a7a000000| Complete 
| 239|0x0000000a7a400000, 0x0000000a7a800000, 0x0000000a7a800000|100%| E|CS|TAMS 0x0000000a7a400000| PB 0x0000000a7a400000| Complete 
| 240|0x0000000a7a800000, 0x0000000a7ac00000, 0x0000000a7ac00000|100%| E|CS|TAMS 0x0000000a7a800000| PB 0x0000000a7a800000| Complete 
| 241|0x0000000a7ac00000, 0x0000000a7b000000, 0x0000000a7b000000|100%| E|CS|TAMS 0x0000000a7ac00000| PB 0x0000000a7ac00000| Complete 
| 242|0x0000000a7b000000, 0x0000000a7b400000, 0x0000000a7b400000|100%| E|CS|TAMS 0x0000000a7b000000| PB 0x0000000a7b000000| Complete 
| 243|0x0000000a7b400000, 0x0000000a7b800000, 0x0000000a7b800000|100%| E|CS|TAMS 0x0000000a7b400000| PB 0x0000000a7b400000| Complete 
| 244|0x0000000a7b800000, 0x0000000a7bc00000, 0x0000000a7bc00000|100%| E|CS|TAMS 0x0000000a7b800000| PB 0x0000000a7b800000| Complete 
| 245|0x0000000a7bc00000, 0x0000000a7c000000, 0x0000000a7c000000|100%| E|CS|TAMS 0x0000000a7bc00000| PB 0x0000000a7bc00000| Complete 
| 246|0x0000000a7c000000, 0x0000000a7c400000, 0x0000000a7c400000|100%| E|  |TAMS 0x0000000a7c000000| PB 0x0000000a7c000000| Complete 
| 247|0x0000000a7c400000, 0x0000000a7c800000, 0x0000000a7c800000|100%| E|CS|TAMS 0x0000000a7c400000| PB 0x0000000a7c400000| Complete 
| 248|0x0000000a7c800000, 0x0000000a7cc00000, 0x0000000a7cc00000|100%| E|CS|TAMS 0x0000000a7c800000| PB 0x0000000a7c800000| Complete 
| 249|0x0000000a7cc00000, 0x0000000a7cc19528, 0x0000000a7d000000|  2%| S|CS|TAMS 0x0000000a7cc00000| PB 0x0000000a7cc00000| Complete 
| 250|0x0000000a7d000000, 0x0000000a7d400000, 0x0000000a7d400000|100%| S|CS|TAMS 0x0000000a7d000000| PB 0x0000000a7d000000| Complete 
| 251|0x0000000a7d400000, 0x0000000a7d800000, 0x0000000a7d800000|100%| S|CS|TAMS 0x0000000a7d400000| PB 0x0000000a7d400000| Complete 
| 252|0x0000000a7d800000, 0x0000000a7dc00000, 0x0000000a7dc00000|100%| S|CS|TAMS 0x0000000a7d800000| PB 0x0000000a7d800000| Complete 
| 253|0x0000000a7dc00000, 0x0000000a7e000000, 0x0000000a7e000000|100%| S|CS|TAMS 0x0000000a7dc00000| PB 0x0000000a7dc00000| Complete 
| 254|0x0000000a7e000000, 0x0000000a7e400000, 0x0000000a7e400000|100%| S|CS|TAMS 0x0000000a7e000000| PB 0x0000000a7e000000| Complete 
| 255|0x0000000a7e400000, 0x0000000a7e800000, 0x0000000a7e800000|100%| S|CS|TAMS 0x0000000a7e400000| PB 0x0000000a7e400000| Complete 
| 256|0x0000000a7e800000, 0x0000000a7ec00000, 0x0000000a7ec00000|100%| S|CS|TAMS 0x0000000a7e800000| PB 0x0000000a7e800000| Complete 
| 257|0x0000000a7ec00000, 0x0000000a7f000000, 0x0000000a7f000000|100%| S|CS|TAMS 0x0000000a7ec00000| PB 0x0000000a7ec00000| Complete 
| 258|0x0000000a7f000000, 0x0000000a7f400000, 0x0000000a7f400000|100%| S|CS|TAMS 0x0000000a7f000000| PB 0x0000000a7f000000| Complete 
| 259|0x0000000a7f400000, 0x0000000a7f800000, 0x0000000a7f800000|100%| S|CS|TAMS 0x0000000a7f400000| PB 0x0000000a7f400000| Complete 
| 260|0x0000000a7f800000, 0x0000000a7fc00000, 0x0000000a7fc00000|100%| S|CS|TAMS 0x0000000a7f800000| PB 0x0000000a7f800000| Complete 
| 261|0x0000000a7fc00000, 0x0000000a80000000, 0x0000000a80000000|100%| S|CS|TAMS 0x0000000a7fc00000| PB 0x0000000a7fc00000| Complete 
| 262|0x0000000a80000000, 0x0000000a80400000, 0x0000000a80400000|100%| S|CS|TAMS 0x0000000a80000000| PB 0x0000000a80000000| Complete 
| 263|0x0000000a80400000, 0x0000000a80800000, 0x0000000a80800000|100%| S|CS|TAMS 0x0000000a80400000| PB 0x0000000a80400000| Complete 
| 264|0x0000000a80800000, 0x0000000a80c00000, 0x0000000a80c00000|100%| S|CS|TAMS 0x0000000a80800000| PB 0x0000000a80800000| Complete 
| 265|0x0000000a80c00000, 0x0000000a81000000, 0x0000000a81000000|100%| S|CS|TAMS 0x0000000a80c00000| PB 0x0000000a80c00000| Complete 
| 266|0x0000000a81000000, 0x0000000a81400000, 0x0000000a81400000|100%| S|CS|TAMS 0x0000000a81000000| PB 0x0000000a81000000| Complete 
| 267|0x0000000a81400000, 0x0000000a81800000, 0x0000000a81800000|100%| S|CS|TAMS 0x0000000a81400000| PB 0x0000000a81400000| Complete 
| 268|0x0000000a81800000, 0x0000000a81c00000, 0x0000000a81c00000|100%| S|CS|TAMS 0x0000000a81800000| PB 0x0000000a81800000| Complete 
| 269|0x0000000a81c00000, 0x0000000a82000000, 0x0000000a82000000|100%| S|CS|TAMS 0x0000000a81c00000| PB 0x0000000a81c00000| Complete 
| 270|0x0000000a82000000, 0x0000000a82400000, 0x0000000a82400000|100%| S|CS|TAMS 0x0000000a82000000| PB 0x0000000a82000000| Complete 
| 271|0x0000000a82400000, 0x0000000a82800000, 0x0000000a82800000|100%| S|CS|TAMS 0x0000000a82400000| PB 0x0000000a82400000| Complete 
| 272|0x0000000a82800000, 0x0000000a82c00000, 0x0000000a82c00000|100%| S|CS|TAMS 0x0000000a82800000| PB 0x0000000a82800000| Complete 
| 273|0x0000000a82c00000, 0x0000000a83000000, 0x0000000a83000000|100%| E|CS|TAMS 0x0000000a82c00000| PB 0x0000000a82c00000| Complete 
| 274|0x0000000a83000000, 0x0000000a83400000, 0x0000000a83400000|100%| E|CS|TAMS 0x0000000a83000000| PB 0x0000000a83000000| Complete 
| 275|0x0000000a83400000, 0x0000000a83800000, 0x0000000a83800000|100%| E|CS|TAMS 0x0000000a83400000| PB 0x0000000a83400000| Complete 
| 276|0x0000000a83800000, 0x0000000a83c00000, 0x0000000a83c00000|100%| E|CS|TAMS 0x0000000a83800000| PB 0x0000000a83800000| Complete 
| 277|0x0000000a83c00000, 0x0000000a84000000, 0x0000000a84000000|100%| E|CS|TAMS 0x0000000a83c00000| PB 0x0000000a83c00000| Complete 
| 278|0x0000000a84000000, 0x0000000a84400000, 0x0000000a84400000|100%| E|CS|TAMS 0x0000000a84000000| PB 0x0000000a84000000| Complete 
| 279|0x0000000a84400000, 0x0000000a84800000, 0x0000000a84800000|100%| E|CS|TAMS 0x0000000a84400000| PB 0x0000000a84400000| Complete 
| 280|0x0000000a84800000, 0x0000000a84c00000, 0x0000000a84c00000|100%| E|CS|TAMS 0x0000000a84800000| PB 0x0000000a84800000| Complete 
| 281|0x0000000a84c00000, 0x0000000a85000000, 0x0000000a85000000|100%| E|CS|TAMS 0x0000000a84c00000| PB 0x0000000a84c00000| Complete 
| 282|0x0000000a85000000, 0x0000000a85400000, 0x0000000a85400000|100%| E|CS|TAMS 0x0000000a85000000| PB 0x0000000a85000000| Complete 
| 283|0x0000000a85400000, 0x0000000a85800000, 0x0000000a85800000|100%| E|CS|TAMS 0x0000000a85400000| PB 0x0000000a85400000| Complete 
| 284|0x0000000a85800000, 0x0000000a85c00000, 0x0000000a85c00000|100%| E|CS|TAMS 0x0000000a85800000| PB 0x0000000a85800000| Complete 
| 285|0x0000000a85c00000, 0x0000000a86000000, 0x0000000a86000000|100%| E|CS|TAMS 0x0000000a85c00000| PB 0x0000000a85c00000| Complete 
| 286|0x0000000a86000000, 0x0000000a86400000, 0x0000000a86400000|100%| E|CS|TAMS 0x0000000a86000000| PB 0x0000000a86000000| Complete 
| 287|0x0000000a86400000, 0x0000000a86800000, 0x0000000a86800000|100%| E|CS|TAMS 0x0000000a86400000| PB 0x0000000a86400000| Complete 
| 288|0x0000000a86800000, 0x0000000a86c00000, 0x0000000a86c00000|100%| E|CS|TAMS 0x0000000a86800000| PB 0x0000000a86800000| Complete 
| 289|0x0000000a86c00000, 0x0000000a87000000, 0x0000000a87000000|100%| E|CS|TAMS 0x0000000a86c00000| PB 0x0000000a86c00000| Complete 
| 290|0x0000000a87000000, 0x0000000a87400000, 0x0000000a87400000|100%| E|CS|TAMS 0x0000000a87000000| PB 0x0000000a87000000| Complete 
| 291|0x0000000a87400000, 0x0000000a87800000, 0x0000000a87800000|100%| E|CS|TAMS 0x0000000a87400000| PB 0x0000000a87400000| Complete 
| 292|0x0000000a87800000, 0x0000000a87c00000, 0x0000000a87c00000|100%| E|CS|TAMS 0x0000000a87800000| PB 0x0000000a87800000| Complete 
| 293|0x0000000a87c00000, 0x0000000a88000000, 0x0000000a88000000|100%| E|CS|TAMS 0x0000000a87c00000| PB 0x0000000a87c00000| Complete 
| 294|0x0000000a88000000, 0x0000000a88400000, 0x0000000a88400000|100%| E|CS|TAMS 0x0000000a88000000| PB 0x0000000a88000000| Complete 
| 295|0x0000000a88400000, 0x0000000a88800000, 0x0000000a88800000|100%| E|CS|TAMS 0x0000000a88400000| PB 0x0000000a88400000| Complete 
| 296|0x0000000a88800000, 0x0000000a88c00000, 0x0000000a88c00000|100%| E|CS|TAMS 0x0000000a88800000| PB 0x0000000a88800000| Complete 
| 297|0x0000000a88c00000, 0x0000000a89000000, 0x0000000a89000000|100%| E|CS|TAMS 0x0000000a88c00000| PB 0x0000000a88c00000| Complete 
| 298|0x0000000a89000000, 0x0000000a89400000, 0x0000000a89400000|100%| E|CS|TAMS 0x0000000a89000000| PB 0x0000000a89000000| Complete 
| 299|0x0000000a89400000, 0x0000000a89800000, 0x0000000a89800000|100%| E|CS|TAMS 0x0000000a89400000| PB 0x0000000a89400000| Complete 
| 300|0x0000000a89800000, 0x0000000a89c00000, 0x0000000a89c00000|100%| E|CS|TAMS 0x0000000a89800000| PB 0x0000000a89800000| Complete 
| 301|0x0000000a89c00000, 0x0000000a8a000000, 0x0000000a8a000000|100%| E|CS|TAMS 0x0000000a89c00000| PB 0x0000000a89c00000| Complete 
| 302|0x0000000a8a000000, 0x0000000a8a400000, 0x0000000a8a400000|100%| E|CS|TAMS 0x0000000a8a000000| PB 0x0000000a8a000000| Complete 
| 303|0x0000000a8a400000, 0x0000000a8a800000, 0x0000000a8a800000|100%| E|CS|TAMS 0x0000000a8a400000| PB 0x0000000a8a400000| Complete 
| 304|0x0000000a8a800000, 0x0000000a8ac00000, 0x0000000a8ac00000|100%| E|CS|TAMS 0x0000000a8a800000| PB 0x0000000a8a800000| Complete 
| 305|0x0000000a8ac00000, 0x0000000a8b000000, 0x0000000a8b000000|100%| E|CS|TAMS 0x0000000a8ac00000| PB 0x0000000a8ac00000| Complete 
| 306|0x0000000a8b000000, 0x0000000a8b400000, 0x0000000a8b400000|100%| E|CS|TAMS 0x0000000a8b000000| PB 0x0000000a8b000000| Complete 
| 307|0x0000000a8b400000, 0x0000000a8b800000, 0x0000000a8b800000|100%| E|CS|TAMS 0x0000000a8b400000| PB 0x0000000a8b400000| Complete 
| 308|0x0000000a8b800000, 0x0000000a8bc00000, 0x0000000a8bc00000|100%| E|CS|TAMS 0x0000000a8b800000| PB 0x0000000a8b800000| Complete 
| 309|0x0000000a8bc00000, 0x0000000a8c000000, 0x0000000a8c000000|100%| E|CS|TAMS 0x0000000a8bc00000| PB 0x0000000a8bc00000| Complete 
| 310|0x0000000a8c000000, 0x0000000a8c400000, 0x0000000a8c400000|100%| E|CS|TAMS 0x0000000a8c000000| PB 0x0000000a8c000000| Complete 
| 311|0x0000000a8c400000, 0x0000000a8c800000, 0x0000000a8c800000|100%| E|CS|TAMS 0x0000000a8c400000| PB 0x0000000a8c400000| Complete 
| 312|0x0000000a8c800000, 0x0000000a8cc00000, 0x0000000a8cc00000|100%| E|CS|TAMS 0x0000000a8c800000| PB 0x0000000a8c800000| Complete 
| 313|0x0000000a8cc00000, 0x0000000a8d000000, 0x0000000a8d000000|100%| E|CS|TAMS 0x0000000a8cc00000| PB 0x0000000a8cc00000| Complete 
| 314|0x0000000a8d000000, 0x0000000a8d400000, 0x0000000a8d400000|100%| E|CS|TAMS 0x0000000a8d000000| PB 0x0000000a8d000000| Complete 
| 315|0x0000000a8d400000, 0x0000000a8d800000, 0x0000000a8d800000|100%| E|CS|TAMS 0x0000000a8d400000| PB 0x0000000a8d400000| Complete 
| 316|0x0000000a8d800000, 0x0000000a8dc00000, 0x0000000a8dc00000|100%| E|CS|TAMS 0x0000000a8d800000| PB 0x0000000a8d800000| Complete 
| 317|0x0000000a8dc00000, 0x0000000a8e000000, 0x0000000a8e000000|100%| E|CS|TAMS 0x0000000a8dc00000| PB 0x0000000a8dc00000| Complete 
| 318|0x0000000a8e000000, 0x0000000a8e400000, 0x0000000a8e400000|100%| E|CS|TAMS 0x0000000a8e000000| PB 0x0000000a8e000000| Complete 
| 319|0x0000000a8e400000, 0x0000000a8e800000, 0x0000000a8e800000|100%| E|CS|TAMS 0x0000000a8e400000| PB 0x0000000a8e400000| Complete 
| 320|0x0000000a8e800000, 0x0000000a8ec00000, 0x0000000a8ec00000|100%| E|CS|TAMS 0x0000000a8e800000| PB 0x0000000a8e800000| Complete 
| 321|0x0000000a8ec00000, 0x0000000a8f000000, 0x0000000a8f000000|100%| E|CS|TAMS 0x0000000a8ec00000| PB 0x0000000a8ec00000| Complete 
| 322|0x0000000a8f000000, 0x0000000a8f400000, 0x0000000a8f400000|100%| E|CS|TAMS 0x0000000a8f000000| PB 0x0000000a8f000000| Complete 
| 323|0x0000000a8f400000, 0x0000000a8f800000, 0x0000000a8f800000|100%| E|CS|TAMS 0x0000000a8f400000| PB 0x0000000a8f400000| Complete 
| 324|0x0000000a8f800000, 0x0000000a8fc00000, 0x0000000a8fc00000|100%| E|CS|TAMS 0x0000000a8f800000| PB 0x0000000a8f800000| Complete 
| 325|0x0000000a8fc00000, 0x0000000a90000000, 0x0000000a90000000|100%| E|CS|TAMS 0x0000000a8fc00000| PB 0x0000000a8fc00000| Complete 
| 326|0x0000000a90000000, 0x0000000a90400000, 0x0000000a90400000|100%| E|CS|TAMS 0x0000000a90000000| PB 0x0000000a90000000| Complete 
| 327|0x0000000a90400000, 0x0000000a90800000, 0x0000000a90800000|100%| E|CS|TAMS 0x0000000a90400000| PB 0x0000000a90400000| Complete 
| 328|0x0000000a90800000, 0x0000000a90c00000, 0x0000000a90c00000|100%| E|CS|TAMS 0x0000000a90800000| PB 0x0000000a90800000| Complete 
| 329|0x0000000a90c00000, 0x0000000a91000000, 0x0000000a91000000|100%| E|CS|TAMS 0x0000000a90c00000| PB 0x0000000a90c00000| Complete 
| 330|0x0000000a91000000, 0x0000000a91400000, 0x0000000a91400000|100%| E|CS|TAMS 0x0000000a91000000| PB 0x0000000a91000000| Complete 
| 331|0x0000000a91400000, 0x0000000a91800000, 0x0000000a91800000|100%| E|CS|TAMS 0x0000000a91400000| PB 0x0000000a91400000| Complete 
| 332|0x0000000a91800000, 0x0000000a91c00000, 0x0000000a91c00000|100%| E|CS|TAMS 0x0000000a91800000| PB 0x0000000a91800000| Complete 
| 333|0x0000000a91c00000, 0x0000000a92000000, 0x0000000a92000000|100%| E|CS|TAMS 0x0000000a91c00000| PB 0x0000000a91c00000| Complete 
| 334|0x0000000a92000000, 0x0000000a92400000, 0x0000000a92400000|100%| E|CS|TAMS 0x0000000a92000000| PB 0x0000000a92000000| Complete 
| 335|0x0000000a92400000, 0x0000000a92800000, 0x0000000a92800000|100%| E|CS|TAMS 0x0000000a92400000| PB 0x0000000a92400000| Complete 
| 336|0x0000000a92800000, 0x0000000a92c00000, 0x0000000a92c00000|100%| E|CS|TAMS 0x0000000a92800000| PB 0x0000000a92800000| Complete 
| 337|0x0000000a92c00000, 0x0000000a93000000, 0x0000000a93000000|100%| E|CS|TAMS 0x0000000a92c00000| PB 0x0000000a92c00000| Complete 
| 338|0x0000000a93000000, 0x0000000a93400000, 0x0000000a93400000|100%| E|CS|TAMS 0x0000000a93000000| PB 0x0000000a93000000| Complete 
| 339|0x0000000a93400000, 0x0000000a93800000, 0x0000000a93800000|100%| E|CS|TAMS 0x0000000a93400000| PB 0x0000000a93400000| Complete 
| 340|0x0000000a93800000, 0x0000000a93c00000, 0x0000000a93c00000|100%| E|CS|TAMS 0x0000000a93800000| PB 0x0000000a93800000| Complete 
| 341|0x0000000a93c00000, 0x0000000a94000000, 0x0000000a94000000|100%| E|CS|TAMS 0x0000000a93c00000| PB 0x0000000a93c00000| Complete 
| 342|0x0000000a94000000, 0x0000000a94400000, 0x0000000a94400000|100%| E|CS|TAMS 0x0000000a94000000| PB 0x0000000a94000000| Complete 
| 343|0x0000000a94400000, 0x0000000a94800000, 0x0000000a94800000|100%| E|CS|TAMS 0x0000000a94400000| PB 0x0000000a94400000| Complete 
| 344|0x0000000a94800000, 0x0000000a94c00000, 0x0000000a94c00000|100%| E|CS|TAMS 0x0000000a94800000| PB 0x0000000a94800000| Complete 
| 345|0x0000000a94c00000, 0x0000000a95000000, 0x0000000a95000000|100%| E|CS|TAMS 0x0000000a94c00000| PB 0x0000000a94c00000| Complete 
| 346|0x0000000a95000000, 0x0000000a95400000, 0x0000000a95400000|100%| E|CS|TAMS 0x0000000a95000000| PB 0x0000000a95000000| Complete 
| 347|0x0000000a95400000, 0x0000000a95800000, 0x0000000a95800000|100%| E|CS|TAMS 0x0000000a95400000| PB 0x0000000a95400000| Complete 
| 348|0x0000000a95800000, 0x0000000a95c00000, 0x0000000a95c00000|100%| E|CS|TAMS 0x0000000a95800000| PB 0x0000000a95800000| Complete 
| 349|0x0000000a95c00000, 0x0000000a96000000, 0x0000000a96000000|100%| E|CS|TAMS 0x0000000a95c00000| PB 0x0000000a95c00000| Complete 
| 350|0x0000000a96000000, 0x0000000a96400000, 0x0000000a96400000|100%| E|CS|TAMS 0x0000000a96000000| PB 0x0000000a96000000| Complete 
| 351|0x0000000a96400000, 0x0000000a96800000, 0x0000000a96800000|100%| E|CS|TAMS 0x0000000a96400000| PB 0x0000000a96400000| Complete 
| 352|0x0000000a96800000, 0x0000000a96c00000, 0x0000000a96c00000|100%| E|CS|TAMS 0x0000000a96800000| PB 0x0000000a96800000| Complete 
| 353|0x0000000a96c00000, 0x0000000a97000000, 0x0000000a97000000|100%| E|CS|TAMS 0x0000000a96c00000| PB 0x0000000a96c00000| Complete 
| 354|0x0000000a97000000, 0x0000000a97400000, 0x0000000a97400000|100%| E|CS|TAMS 0x0000000a97000000| PB 0x0000000a97000000| Complete 
| 355|0x0000000a97400000, 0x0000000a97800000, 0x0000000a97800000|100%| E|CS|TAMS 0x0000000a97400000| PB 0x0000000a97400000| Complete 
| 356|0x0000000a97800000, 0x0000000a97c00000, 0x0000000a97c00000|100%| E|CS|TAMS 0x0000000a97800000| PB 0x0000000a97800000| Complete 
| 357|0x0000000a97c00000, 0x0000000a98000000, 0x0000000a98000000|100%| E|CS|TAMS 0x0000000a97c00000| PB 0x0000000a97c00000| Complete 
| 358|0x0000000a98000000, 0x0000000a98400000, 0x0000000a98400000|100%| E|CS|TAMS 0x0000000a98000000| PB 0x0000000a98000000| Complete 
| 359|0x0000000a98400000, 0x0000000a98800000, 0x0000000a98800000|100%| E|CS|TAMS 0x0000000a98400000| PB 0x0000000a98400000| Complete 
| 360|0x0000000a98800000, 0x0000000a98c00000, 0x0000000a98c00000|100%| E|CS|TAMS 0x0000000a98800000| PB 0x0000000a98800000| Complete 
| 361|0x0000000a98c00000, 0x0000000a99000000, 0x0000000a99000000|100%| E|CS|TAMS 0x0000000a98c00000| PB 0x0000000a98c00000| Complete 
| 362|0x0000000a99000000, 0x0000000a99400000, 0x0000000a99400000|100%| E|CS|TAMS 0x0000000a99000000| PB 0x0000000a99000000| Complete 
| 363|0x0000000a99400000, 0x0000000a99800000, 0x0000000a99800000|100%| E|CS|TAMS 0x0000000a99400000| PB 0x0000000a99400000| Complete 
| 364|0x0000000a99800000, 0x0000000a99c00000, 0x0000000a99c00000|100%| E|CS|TAMS 0x0000000a99800000| PB 0x0000000a99800000| Complete 
| 365|0x0000000a99c00000, 0x0000000a9a000000, 0x0000000a9a000000|100%| E|CS|TAMS 0x0000000a99c00000| PB 0x0000000a99c00000| Complete 
| 366|0x0000000a9a000000, 0x0000000a9a400000, 0x0000000a9a400000|100%| E|CS|TAMS 0x0000000a9a000000| PB 0x0000000a9a000000| Complete 
| 367|0x0000000a9a400000, 0x0000000a9a800000, 0x0000000a9a800000|100%| E|CS|TAMS 0x0000000a9a400000| PB 0x0000000a9a400000| Complete 
| 368|0x0000000a9a800000, 0x0000000a9ac00000, 0x0000000a9ac00000|100%| E|CS|TAMS 0x0000000a9a800000| PB 0x0000000a9a800000| Complete 
| 369|0x0000000a9ac00000, 0x0000000a9b000000, 0x0000000a9b000000|100%| E|CS|TAMS 0x0000000a9ac00000| PB 0x0000000a9ac00000| Complete 
| 370|0x0000000a9b000000, 0x0000000a9b400000, 0x0000000a9b400000|100%| E|CS|TAMS 0x0000000a9b000000| PB 0x0000000a9b000000| Complete 
| 371|0x0000000a9b400000, 0x0000000a9b800000, 0x0000000a9b800000|100%| E|CS|TAMS 0x0000000a9b400000| PB 0x0000000a9b400000| Complete 
| 372|0x0000000a9b800000, 0x0000000a9bc00000, 0x0000000a9bc00000|100%| E|CS|TAMS 0x0000000a9b800000| PB 0x0000000a9b800000| Complete 
| 401|0x0000000aa2c00000, 0x0000000aa3000000, 0x0000000aa3000000|100%| E|CS|TAMS 0x0000000aa2c00000| PB 0x0000000aa2c00000| Complete 
|1526|0x0000000bbc000000, 0x0000000bbc400000, 0x0000000bbc400000|100%| E|CS|TAMS 0x0000000bbc000000| PB 0x0000000bbc000000| Complete 
|1527|0x0000000bbc400000, 0x0000000bbc800000, 0x0000000bbc800000|100%| E|CS|TAMS 0x0000000bbc400000| PB 0x0000000bbc400000| Complete 
|1528|0x0000000bbc800000, 0x0000000bbcc00000, 0x0000000bbcc00000|100%| O|  |TAMS 0x0000000bbc800000| PB 0x0000000bbc800000| Untracked 
|1529|0x0000000bbcc00000, 0x0000000bbd000000, 0x0000000bbd000000|100%| O|  |TAMS 0x0000000bbcc00000| PB 0x0000000bbcc00000| Untracked 
|1530|0x0000000bbd000000, 0x0000000bbd400000, 0x0000000bbd400000|100%| O|  |TAMS 0x0000000bbd000000| PB 0x0000000bbd000000| Untracked 
|1531|0x0000000bbd400000, 0x0000000bbd800000, 0x0000000bbd800000|100%| O|  |TAMS 0x0000000bbd400000| PB 0x0000000bbd400000| Untracked 
|1532|0x0000000bbd800000, 0x0000000bbdc00000, 0x0000000bbdc00000|100%| O|  |TAMS 0x0000000bbd800000| PB 0x0000000bbd800000| Untracked 
|1533|0x0000000bbdc00000, 0x0000000bbe000000, 0x0000000bbe000000|100%| O|  |TAMS 0x0000000bbdc00000| PB 0x0000000bbdc00000| Untracked 
|1534|0x0000000bbe000000, 0x0000000bbe400000, 0x0000000bbe400000|100%| O|  |TAMS 0x0000000bbe000000| PB 0x0000000bbe000000| Untracked 
|1535|0x0000000bbe400000, 0x0000000bbe800000, 0x0000000bbe800000|100%| E|CS|TAMS 0x0000000bbe400000| PB 0x0000000bbe400000| Complete 

Card table byte_map: [0x0000000120860000,0x0000000121460000] _byte_map_base: 0x000000011b66c000

Marking Bits: (CMBitMap*) 0x0000000102b52250
 Bits: [0x0000000121460000, 0x0000000127460000)

Polling page: 0x0000000102504000

Metaspace:

Usage:
  Non-class:    116.39 MB used.
      Class:     18.21 MB used.
       Both:    134.60 MB used.

Virtual space:
  Non-class space:      128.00 MB reserved,     117.00 MB ( 91%) committed,  2 nodes.
      Class space:      832.00 MB reserved,      18.69 MB (  2%) committed,  1 nodes.
             Both:      960.00 MB reserved,     135.69 MB ( 14%) committed. 

Chunk freelists:
   Non-Class:  11.05 MB
       Class:  13.30 MB
        Both:  24.34 MB

MaxMetaspaceSize: 1.00 GB
CompressedClassSpaceSize: 832.00 MB
Initial GC threshold: 21.00 MB
Current GC threshold: 201.88 MB
CDS: on
 - commit_granule_bytes: 65536.
 - commit_granule_words: 8192.
 - virtual_space_node_default_size: 8388608.
 - enlarge_chunks_in_place: 1.
 - use_allocation_guard: 0.


Internal statistics:

num_allocs_failed_limit: 48.
num_arena_births: 1200.
num_arena_deaths: 96.
num_vsnodes_births: 3.
num_vsnodes_deaths: 0.
num_space_committed: 2168.
num_space_uncommitted: 0.
num_chunks_returned_to_freelist: 180.
num_chunks_taken_from_freelist: 6945.
num_chunk_merges: 92.
num_chunk_splits: 4633.
num_chunks_enlarged: 2952.
num_inconsistent_stats: 0.

CodeHeap 'non-profiled nmethods': size=120032Kb used=16484Kb max_used=16484Kb free=103548Kb
 bounds [0x0000000119328000, 0x000000011a348000, 0x0000000120860000]
CodeHeap 'profiled nmethods': size=120016Kb used=40235Kb max_used=40235Kb free=79780Kb
 bounds [0x0000000111860000, 0x0000000113fb0000, 0x0000000118d94000]
CodeHeap 'non-nmethods': size=5712Kb used=1884Kb max_used=1977Kb free=3828Kb
 bounds [0x0000000118d94000, 0x0000000119004000, 0x0000000119328000]
 total_blobs=22676 nmethods=21639 adapters=943
 compilation: enabled
              stopped_count=0, restarted_count=0
 full_count=0

Compilation events (20 events):
Event: 97.704 Thread 0x0000000102b65120 23881       3       org.apache.kafka.clients.admin.internals.AdminMetadataManager$AdminMetadataUpdater::handleServerDisconnect (22 bytes)
Event: 97.705 Thread 0x0000000102b65120 nmethod 23881 0x0000000113fa7110 code [0x0000000113fa73c0, 0x0000000113fa7df8]
Event: 97.734 Thread 0x0000000102b64920 23882       4       scala.collection.convert.DecorateAsScala$$Lambda/0x0000008801554000::apply (12 bytes)
Event: 97.737 Thread 0x0000000102b64920 nmethod 23882 0x000000011a33e810 code [0x000000011a33e9c0, 0x000000011a33ec18]
Event: 100.227 Thread 0x0000000102b64920 23883       4       org.apache.kafka.clients.admin.KafkaAdminClient::calcTimeoutMsRemainingAsInt (40 bytes)
Event: 100.228 Thread 0x0000000102b64920 nmethod 23883 0x000000011a33ee10 code [0x000000011a33ef80, 0x000000011a33f040]
Event: 101.436 Thread 0x0000000102b64920 23884       4       java.util.HashMap::removeNode (291 bytes)
Event: 101.445 Thread 0x0000000102b64920 nmethod 23884 0x000000011a33f110 code [0x000000011a33f340, 0x000000011a340000]
Event: 103.697 Thread 0x0000000102b65120 23885       3       org.apache.kafka.clients.producer.internals.Sender::awaitNodeReady (38 bytes)
Event: 103.697 Thread 0x0000000102b65120 nmethod 23885 0x0000000113fa8190 code [0x0000000113fa8380, 0x0000000113fa8640]
Event: 103.697 Thread 0x0000000102b65120 23886       3       org.apache.kafka.clients.producer.internals.Sender::maybeFindCoordinatorAndRetry (49 bytes)
Event: 103.698 Thread 0x0000000102b65120 nmethod 23886 0x0000000113fa8790 code [0x0000000113fa8ac0, 0x0000000113fa9bd0]
Event: 103.698 Thread 0x0000000102b65120 23887   !   3       org.apache.kafka.common.utils.Utils::sleep (15 bytes)
Event: 103.698 Thread 0x0000000102b65120 nmethod 23887 0x0000000113faa210 code [0x0000000113faa3c0, 0x0000000113faa650]
Event: 104.164 Thread 0x0000000102b64920 23888       4       java.util.HashMap::values (25 bytes)
Event: 104.165 Thread 0x0000000102b64920 nmethod 23888 0x000000011a340490 code [0x000000011a340640, 0x000000011a340860]
Event: 104.355 Thread 0x0000000102b65120 23889       3       org.apache.kafka.common.utils.SystemTime::sleep (5 bytes)
Event: 104.355 Thread 0x0000000102b65120 nmethod 23889 0x0000000113faa790 code [0x0000000113faa980, 0x0000000113faacb0]
Event: 107.247 Thread 0x0000000102b64920 23890       4       java.io.IOException::<init> (6 bytes)
Event: 107.249 Thread 0x0000000102b64920 nmethod 23890 0x000000011a340910 code [0x000000011a340ac0, 0x000000011a340f40]

GC Heap History (20 events):
Event: 1.951 GC heap before
{Heap before GC invocations=27 (full 0):
 garbage-first heap   total 393216K, used 293670K [0x0000000a3e800000, 0x0000000bbe800000)
  region size 4096K, 27 young (110592K), 1 survivors (4096K)
 Metaspace       used 75243K, committed 75904K, reserved 983040K
  class space    used 10405K, committed 10688K, reserved 851968K
}
Event: 1.954 GC heap after
{Heap after GC invocations=28 (full 0):
 garbage-first heap   total 393216K, used 204269K [0x0000000a3e800000, 0x0000000bbe800000)
  region size 4096K, 4 young (16384K), 4 survivors (16384K)
 Metaspace       used 75243K, committed 75904K, reserved 983040K
  class space    used 10405K, committed 10688K, reserved 851968K
}
Event: 1.970 GC heap before
{Heap before GC invocations=28 (full 0):
 garbage-first heap   total 393216K, used 310765K [0x0000000a3e800000, 0x0000000bbe800000)
  region size 4096K, 30 young (122880K), 4 survivors (16384K)
 Metaspace       used 75247K, committed 75904K, reserved 983040K
  class space    used 10405K, committed 10688K, reserved 851968K
}
Event: 1.973 GC heap after
{Heap after GC invocations=29 (full 0):
 garbage-first heap   total 393216K, used 218902K [0x0000000a3e800000, 0x0000000bbe800000)
  region size 4096K, 4 young (16384K), 4 survivors (16384K)
 Metaspace       used 75247K, committed 75904K, reserved 983040K
  class space    used 10405K, committed 10688K, reserved 851968K
}
Event: 1.987 GC heap before
{Heap before GC invocations=30 (full 0):
 garbage-first heap   total 393216K, used 321302K [0x0000000a3e800000, 0x0000000bbe800000)
  region size 4096K, 29 young (118784K), 4 survivors (16384K)
 Metaspace       used 75254K, committed 75904K, reserved 983040K
  class space    used 10405K, committed 10688K, reserved 851968K
}
Event: 1.990 GC heap after
{Heap after GC invocations=31 (full 0):
 garbage-first heap   total 393216K, used 231877K [0x0000000a3e800000, 0x0000000bbe800000)
  region size 4096K, 4 young (16384K), 4 survivors (16384K)
 Metaspace       used 75254K, committed 75904K, reserved 983040K
  class space    used 10405K, committed 10688K, reserved 851968K
}
Event: 2.003 GC heap before
{Heap before GC invocations=31 (full 0):
 garbage-first heap   total 393216K, used 330181K [0x0000000a3e800000, 0x0000000bbe800000)
  region size 4096K, 28 young (114688K), 4 survivors (16384K)
 Metaspace       used 75256K, committed 75904K, reserved 983040K
  class space    used 10405K, committed 10688K, reserved 851968K
}
Event: 2.009 GC heap after
{Heap after GC invocations=32 (full 0):
 garbage-first heap   total 843776K, used 227060K [0x0000000a3e800000, 0x0000000bbe800000)
  region size 4096K, 4 young (16384K), 4 survivors (16384K)
 Metaspace       used 75256K, committed 75904K, reserved 983040K
  class space    used 10405K, committed 10688K, reserved 851968K
}
Event: 2.513 GC heap before
{Heap before GC invocations=32 (full 0):
 garbage-first heap   total 843776K, used 612084K [0x0000000a3e800000, 0x0000000bbe800000)
  region size 4096K, 99 young (405504K), 4 survivors (16384K)
 Metaspace       used 75928K, committed 76608K, reserved 983040K
  class space    used 10457K, committed 10752K, reserved 851968K
}
Event: 2.531 GC heap after
{Heap after GC invocations=33 (full 0):
 garbage-first heap   total 843776K, used 336776K [0x0000000a3e800000, 0x0000000bbe800000)
  region size 4096K, 13 young (53248K), 13 survivors (53248K)
 Metaspace       used 75928K, committed 76608K, reserved 983040K
  class space    used 10457K, committed 10752K, reserved 851968K
}
Event: 2.757 GC heap before
{Heap before GC invocations=33 (full 0):
 garbage-first heap   total 843776K, used 553864K [0x0000000a3e800000, 0x0000000bbe800000)
  region size 4096K, 66 young (270336K), 13 survivors (53248K)
 Metaspace       used 76063K, committed 76736K, reserved 983040K
  class space    used 10462K, committed 10752K, reserved 851968K
}
Event: 2.769 GC heap after
{Heap after GC invocations=34 (full 0):
 garbage-first heap   total 843776K, used 373229K [0x0000000a3e800000, 0x0000000bbe800000)
  region size 4096K, 8 young (32768K), 8 survivors (32768K)
 Metaspace       used 76063K, committed 76736K, reserved 983040K
  class space    used 10462K, committed 10752K, reserved 851968K
}
Event: 2.905 GC heap before
{Heap before GC invocations=34 (full 0):
 garbage-first heap   total 843776K, used 590317K [0x0000000a3e800000, 0x0000000bbe800000)
  region size 4096K, 61 young (249856K), 8 survivors (32768K)
 Metaspace       used 76311K, committed 76928K, reserved 983040K
  class space    used 10536K, committed 10816K, reserved 851968K
}
Event: 2.911 GC heap after
{Heap after GC invocations=35 (full 0):
 garbage-first heap   total 843776K, used 386803K [0x0000000a3e800000, 0x0000000bbe800000)
  region size 4096K, 4 young (16384K), 4 survivors (16384K)
 Metaspace       used 76311K, committed 76928K, reserved 983040K
  class space    used 10536K, committed 10816K, reserved 851968K
}
Event: 3.041 GC heap before
{Heap before GC invocations=35 (full 0):
 garbage-first heap   total 843776K, used 648947K [0x0000000a3e800000, 0x0000000bbe800000)
  region size 4096K, 68 young (278528K), 4 survivors (16384K)
 Metaspace       used 76311K, committed 76928K, reserved 983040K
  class space    used 10536K, committed 10816K, reserved 851968K
}
Event: 3.043 GC heap after
{Heap after GC invocations=36 (full 0):
 garbage-first heap   total 1687552K, used 389858K [0x0000000a3e800000, 0x0000000bbe800000)
  region size 4096K, 5 young (20480K), 5 survivors (20480K)
 Metaspace       used 76311K, committed 76928K, reserved 983040K
  class space    used 10536K, committed 10816K, reserved 851968K
}
Event: 8.525 GC heap before
{Heap before GC invocations=36 (full 0):
 garbage-first heap   total 1687552K, used 1360610K [0x0000000a3e800000, 0x0000000bbe800000)
  region size 4096K, 238 young (974848K), 5 survivors (20480K)
 Metaspace       used 113905K, committed 114880K, reserved 983040K
  class space    used 15832K, committed 16256K, reserved 851968K
}
Event: 8.533 GC heap after
{Heap after GC invocations=37 (full 0):
 garbage-first heap   total 1687552K, used 426320K [0x0000000a3e800000, 0x0000000bbe800000)
  region size 4096K, 14 young (57344K), 14 survivors (57344K)
 Metaspace       used 113905K, committed 114880K, reserved 983040K
  class space    used 15832K, committed 16256K, reserved 851968K
}
Event: 21.195 GC heap before
{Heap before GC invocations=37 (full 0):
 garbage-first heap   total 1687552K, used 999760K [0x0000000a3e800000, 0x0000000bbe800000)
  region size 4096K, 146 young (598016K), 14 survivors (57344K)
 Metaspace       used 122902K, committed 123968K, reserved 983040K
  class space    used 17138K, committed 17600K, reserved 851968K
}
Event: 21.203 GC heap after
{Heap after GC invocations=38 (full 0):
 garbage-first heap   total 1687552K, used 464895K [0x0000000a3e800000, 0x0000000bbe800000)
  region size 4096K, 24 young (98304K), 24 survivors (98304K)
 Metaspace       used 122902K, committed 123968K, reserved 983040K
  class space    used 17138K, committed 17600K, reserved 851968K
}

Dll operation events (20 events):
Event: 0.200 Loaded shared library /Users/sergiy/.sdkman/candidates/java/21.0.7-tem/lib/libmanagement.dylib
Event: 0.201 Loaded shared library /Users/sergiy/.sdkman/candidates/java/21.0.7-tem/lib/libmanagement_ext.dylib
Event: 0.387 Loaded shared library /private/var/folders/7r/gdqqn_1d37s964k2rztctfv00000gn/T/.sbt-861440211/ipcsocket/libsbtipcsocket2648928962999480570.dylib
Event: 0.391 Loaded shared library /Users/sergiy/.sdkman/candidates/java/21.0.7-tem/lib/libextnet.dylib
Event: 0.611 Loading shared library /Users/sergiy/.sdkman/candidates/java/21.0.7-tem/lib/libswoval-files0.dylib failed, dlopen(/Users/sergiy/.sdkman/candidates/java/21.0.7-tem/lib/libswoval-files0.dylib, 0x0001): tried: '/Users/sergiy/.sdkman/candidates/java/21.0.7-te
Event: 0.611 Loading shared library /Users/sergiy/.sdkman/candidates/java/21.0.7-tem/lib/libswoval-files0.jnilib failed, dlopen(/Users/sergiy/.sdkman/candidates/java/21.0.7-tem/lib/libswoval-files0.jnilib, 0x0001): tried: '/Users/sergiy/.sdkman/candidates/java/21.0.7-
Event: 0.611 Loading shared library /Users/sergiy/Library/Java/Extensions/libswoval-files0.dylib failed, dlopen(/Users/sergiy/Library/Java/Extensions/libswoval-files0.dylib, 0x0001): tried: '/Users/sergiy/Library/Java/Extensions/libswoval-files0.dylib' (no such file),
Event: 0.611 Loading shared library /Users/sergiy/Library/Java/Extensions/libswoval-files0.jnilib failed, dlopen(/Users/sergiy/Library/Java/Extensions/libswoval-files0.jnilib, 0x0001): tried: '/Users/sergiy/Library/Java/Extensions/libswoval-files0.jnilib' (no such fil
Event: 0.611 Loading shared library /Library/Java/Extensions/libswoval-files0.dylib failed, dlopen(/Library/Java/Extensions/libswoval-files0.dylib, 0x0001): tried: '/Library/Java/Extensions/libswoval-files0.dylib' (no such file), '/System/Volumes/Preboot/Cryptexes/OS/
Event: 0.611 Loading shared library /Library/Java/Extensions/libswoval-files0.jnilib failed, dlopen(/Library/Java/Extensions/libswoval-files0.jnilib, 0x0001): tried: '/Library/Java/Extensions/libswoval-files0.jnilib' (no such file), '/System/Volumes/Preboot/Cryptexes/
Event: 0.611 Loading shared library /Network/Library/Java/Extensions/libswoval-files0.dylib failed, dlopen(/Network/Library/Java/Extensions/libswoval-files0.dylib, 0x0001): tried: '/Network/Library/Java/Extensions/libswoval-files0.dylib' (no such file), '/System/Volum
Event: 0.611 Loading shared library /Network/Library/Java/Extensions/libswoval-files0.jnilib failed, dlopen(/Network/Library/Java/Extensions/libswoval-files0.jnilib, 0x0001): tried: '/Network/Library/Java/Extensions/libswoval-files0.jnilib' (no such file), '/System/Vo
Event: 0.611 Loading shared library /System/Library/Java/Extensions/libswoval-files0.dylib failed, dlopen(/System/Library/Java/Extensions/libswoval-files0.dylib, 0x0001): tried: '/System/Library/Java/Extensions/libswoval-files0.dylib' (no such file), '/System/Volumes/
Event: 0.612 Loading shared library /System/Library/Java/Extensions/libswoval-files0.jnilib failed, dlopen(/System/Library/Java/Extensions/libswoval-files0.jnilib, 0x0001): tried: '/System/Library/Java/Extensions/libswoval-files0.jnilib' (no such file), '/System/Volum
Event: 0.612 Loading shared library /usr/lib/java/libswoval-files0.dylib failed, dlopen(/usr/lib/java/libswoval-files0.dylib, 0x0001): tried: '/usr/lib/java/libswoval-files0.dylib' (no such file), '/System/Volumes/Preboot/Cryptexes/OS/usr/lib/java/libswoval-files0.dyl
Event: 0.612 Loading shared library /usr/lib/java/libswoval-files0.jnilib failed, dlopen(/usr/lib/java/libswoval-files0.jnilib, 0x0001): tried: '/usr/lib/java/libswoval-files0.jnilib' (no such file), '/System/Volumes/Preboot/Cryptexes/OS/usr/lib/java/libswoval-files0.
Event: 0.612 Loading shared library /Users/sergiy/work/my/okay-wt-ops-monitoring/libswoval-files0.dylib failed, dlopen(/Users/sergiy/work/my/okay-wt-ops-monitoring/libswoval-files0.dylib, 0x0001): tried: '/Users/sergiy/work/my/okay-wt-ops-monitoring/libswoval-files0.d
Event: 0.612 Loading shared library /Users/sergiy/work/my/okay-wt-ops-monitoring/libswoval-files0.jnilib failed, dlopen(/Users/sergiy/work/my/okay-wt-ops-monitoring/libswoval-files0.jnilib, 0x0001): tried: '/Users/sergiy/work/my/okay-wt-ops-monitoring/libswoval-files0
Event: 0.775 Loaded shared library /private/var/folders/7r/gdqqn_1d37s964k2rztctfv00000gn/T/.sbt8baa7cf6/swoval/swoval-jni/10010758317901540017-libswoval-files0.dylib
Event: 8.230 Loaded shared library /Users/sergiy/.sdkman/candidates/java/21.0.7-tem/lib/libverify.dylib

Deoptimization events (20 events):
Event: 93.566 Thread 0x0000000740ae8000 Uncommon trap: trap_request=0xffffffc6 fr.pc=0x000000011a1cdc80 relative=0x0000000000003c40
Event: 93.566 Thread 0x0000000740ae8000 Uncommon trap: reason=bimorphic_or_optimized_type_check action=maybe_recompile pc=0x000000011a1cdc80 method=scala.xml.Utility$.ser$1(Lscala/collection/immutable/List;Lscala/collection/immutable/List;Lscala/collection/immutable/List;Lscala/collection/immut
Event: 93.566 Thread 0x0000000740ae8000 DEOPT PACKING pc=0x000000011a1cdc80 sp=0x000000030c9257a0
Event: 93.566 Thread 0x0000000740ae8000 DEOPT UNPACKING pc=0x0000000118dd701c sp=0x000000030c925660 mode 2
Event: 93.566 Thread 0x0000000740ae8e00 Uncommon trap: trap_request=0xffffffde fr.pc=0x000000011a2a3e54 relative=0x00000000000003d4
Event: 93.566 Thread 0x0000000740ae8e00 Uncommon trap: reason=class_check action=maybe_recompile pc=0x000000011a2a3e54 method=java.util.concurrent.locks.ReentrantLock$Sync.lock()V @ 1 c2
Event: 93.566 Thread 0x0000000740ae8e00 DEOPT PACKING pc=0x000000011a2a3e54 sp=0x000000032fc6bd60
Event: 93.566 Thread 0x0000000740ae8e00 DEOPT UNPACKING pc=0x0000000118dd701c sp=0x000000032fc6bc90 mode 2
Event: 93.566 Thread 0x000000074165ea00 Uncommon trap: trap_request=0xffffffde fr.pc=0x000000011a2a3e54 relative=0x00000000000003d4
Event: 93.566 Thread 0x000000074165ea00 Uncommon trap: reason=class_check action=maybe_recompile pc=0x000000011a2a3e54 method=java.util.concurrent.locks.ReentrantLock$Sync.lock()V @ 1 c2
Event: 93.566 Thread 0x000000074165ea00 DEOPT PACKING pc=0x000000011a2a3e54 sp=0x000000030709fd70
Event: 93.566 Thread 0x000000074165ea00 DEOPT UNPACKING pc=0x0000000118dd701c sp=0x000000030709fca0 mode 2
Event: 93.566 Thread 0x0000000102b4a350 DEOPT PACKING pc=0x0000000119fe2e8c sp=0x000000016e1afa70
Event: 93.566 Thread 0x0000000102b4a350 DEOPT UNPACKING pc=0x0000000118dd6e7c sp=0x000000016e1af560 mode 0
Event: 93.566 Thread 0x0000000102b4a350 DEOPT PACKING pc=0x0000000119e02438 sp=0x000000016e1afaf0
Event: 93.566 Thread 0x0000000102b4a350 DEOPT UNPACKING pc=0x0000000118dd6e7c sp=0x000000016e1af7a0 mode 0
Event: 93.568 Thread 0x0000000740ae8e00 DEOPT PACKING pc=0x00000001138714b4 sp=0x000000032fc6c4a0
Event: 93.568 Thread 0x0000000740ae8e00 DEOPT UNPACKING pc=0x0000000118dd6e7c sp=0x000000032fc6c180 mode 3
Event: 93.568 Thread 0x000000074165ea00 DEOPT PACKING pc=0x00000001138714b4 sp=0x00000003070a04a0
Event: 93.568 Thread 0x000000074165ea00 DEOPT UNPACKING pc=0x0000000118dd6e7c sp=0x00000003070a0180 mode 3

Classes loaded (20 events):
Event: 33.503 Loading class sun/nio/ch/SocketAdaptor
Event: 33.503 Loading class sun/nio/ch/SocketAdaptor done
Event: 33.504 Loading class javax/net/ssl/SSLPeerUnverifiedException
Event: 33.504 Loading class javax/net/ssl/SSLPeerUnverifiedException done
Event: 33.519 Loading class java/lang/ThreadLocal$SuppliedThreadLocal
Event: 33.519 Loading class java/lang/ThreadLocal$SuppliedThreadLocal done
Event: 33.541 Loading class java/util/concurrent/locks/ReentrantLock$FairSync
Event: 33.541 Loading class java/util/concurrent/locks/ReentrantLock$FairSync done
Event: 33.556 Loading class java/util/concurrent/CompletableFuture$BiRelay
Event: 33.556 Loading class java/util/concurrent/CompletableFuture$BiCompletion
Event: 33.556 Loading class java/util/concurrent/CompletableFuture$BiCompletion done
Event: 33.556 Loading class java/util/concurrent/CompletableFuture$BiRelay done
Event: 33.556 Loading class java/util/concurrent/CompletableFuture$CoCompletion
Event: 33.556 Loading class java/util/concurrent/CompletableFuture$CoCompletion done
Event: 33.606 Loading class java/util/JumboEnumSet
Event: 33.606 Loading class java/util/JumboEnumSet done
Event: 93.565 Loading class java/lang/Throwable$WrappedPrintWriter
Event: 93.565 Loading class java/lang/Throwable$PrintStreamOrWriter
Event: 93.565 Loading class java/lang/Throwable$PrintStreamOrWriter done
Event: 93.565 Loading class java/lang/Throwable$WrappedPrintWriter done

Classes unloaded (20 events):
Event: 1.370 Thread 0x000000073ecc5800 Unloading class 0x0000008801741c00 'java/lang/invoke/LambdaForm$MH+0x0000008801741c00'
Event: 1.370 Thread 0x000000073ecc5800 Unloading class 0x0000008801741400 'java/lang/invoke/LambdaForm$DMH+0x0000008801741400'
Event: 1.370 Thread 0x000000073ecc5800 Unloading class 0x0000008801741000 'java/lang/invoke/LambdaForm$DMH+0x0000008801741000'
Event: 1.370 Thread 0x000000073ecc5800 Unloading class 0x0000008801740c00 'java/lang/invoke/LambdaForm$DMH+0x0000008801740c00'
Event: 1.370 Thread 0x000000073ecc5800 Unloading class 0x0000008801743000 'java/lang/invoke/LambdaForm$DMH+0x0000008801743000'
Event: 1.370 Thread 0x000000073ecc5800 Unloading class 0x0000008801740000 'java/lang/invoke/LambdaForm$DMH+0x0000008801740000'
Event: 1.370 Thread 0x000000073ecc5800 Unloading class 0x000000880173dc00 'java/lang/invoke/LambdaForm$DMH+0x000000880173dc00'
Event: 1.370 Thread 0x000000073ecc5800 Unloading class 0x0000008801740400 'java/lang/invoke/LambdaForm$DMH+0x0000008801740400'
Event: 1.370 Thread 0x000000073ecc5800 Unloading class 0x000000880173d800 'java/lang/invoke/LambdaForm$DMH+0x000000880173d800'
Event: 1.370 Thread 0x000000073ecc5800 Unloading class 0x000000880173d000 'java/lang/invoke/LambdaForm$DMH+0x000000880173d000'
Event: 1.370 Thread 0x000000073ecc5800 Unloading class 0x000000880173d400 'java/lang/invoke/LambdaForm$DMH+0x000000880173d400'
Event: 1.370 Thread 0x000000073ecc5800 Unloading class 0x000000880173cc00 'java/lang/invoke/LambdaForm$DMH+0x000000880173cc00'
Event: 1.370 Thread 0x000000073ecc5800 Unloading class 0x000000880173c800 'java/lang/invoke/LambdaForm$DMH+0x000000880173c800'
Event: 1.370 Thread 0x000000073ecc5800 Unloading class 0x000000880173c400 'java/lang/invoke/LambdaForm$DMH+0x000000880173c400'
Event: 1.735 Thread 0x000000073ecc5800 Unloading class 0x0000008801a06000 '$ac9b6dca86f1047890fe$'
Event: 1.735 Thread 0x000000073ecc5800 Unloading class 0x0000008801a05800 '$96a33084db7266465bed$'
Event: 1.735 Thread 0x000000073ecc5800 Unloading class 0x0000008801a05000 '$367140e5bbc896a98d55$'
Event: 1.735 Thread 0x000000073ecc5800 Unloading class 0x0000008801a04800 '$d6cae2499e87713636d3$'
Event: 1.735 Thread 0x000000073ecc5800 Unloading class 0x0000008801a04000 '$e540b7dfb2ffd20a29ed$'
Event: 1.735 Thread 0x000000073ecc5800 Unloading class 0x00000088019f4000 '$a332ff3f2ea4b0f6b397$'

Classes redefined (0 events):
No events

Internal exceptions (20 events):
Event: 104.164 Thread 0x0000000741178000 Exception <a 'java/net/ConnectException'{0x0000000a6b513978}> (0x0000000a6b513978) 
thrown [src/hotspot/share/prims/jni.cpp, line 520]
Event: 104.354 Thread 0x000000074118c700 Exception <a 'java/net/ConnectException'{0x0000000a6b34ab38}> (0x0000000a6b34ab38) 
thrown [src/hotspot/share/prims/jni.cpp, line 520]
Event: 104.369 Thread 0x0000000741179500 Exception <a 'java/net/ConnectException'{0x0000000a6b5a0c68}> (0x0000000a6b5a0c68) 
thrown [src/hotspot/share/prims/jni.cpp, line 520]
Event: 104.747 Thread 0x000000074117b100 Exception <a 'java/net/ConnectException'{0x0000000a6ac1fe18}> (0x0000000a6ac1fe18) 
thrown [src/hotspot/share/prims/jni.cpp, line 520]
Event: 105.175 Thread 0x0000000741178000 Exception <a 'java/net/ConnectException'{0x0000000a6b5169c8}> (0x0000000a6b5169c8) 
thrown [src/hotspot/share/prims/jni.cpp, line 520]
Event: 105.276 Thread 0x0000000741179500 Exception <a 'java/net/ConnectException'{0x0000000a6b5a39f8}> (0x0000000a6b5a39f8) 
thrown [src/hotspot/share/prims/jni.cpp, line 520]
Event: 105.376 Thread 0x000000074118c700 Exception <a 'java/net/ConnectException'{0x0000000a6b351e98}> (0x0000000a6b351e98) 
thrown [src/hotspot/share/prims/jni.cpp, line 520]
Event: 105.642 Thread 0x000000074117b100 Exception <a 'java/net/ConnectException'{0x0000000a6ac26238}> (0x0000000a6ac26238) 
thrown [src/hotspot/share/prims/jni.cpp, line 520]
Event: 106.185 Thread 0x0000000741178000 Exception <a 'java/net/ConnectException'{0x0000000a6b519a18}> (0x0000000a6b519a18) 
thrown [src/hotspot/share/prims/jni.cpp, line 520]
Event: 106.286 Thread 0x0000000741179500 Exception <a 'java/net/ConnectException'{0x0000000a6b5a6a30}> (0x0000000a6b5a6a30) 
thrown [src/hotspot/share/prims/jni.cpp, line 520]
Event: 106.378 Thread 0x000000074118c700 Exception <a 'java/net/ConnectException'{0x0000000a6b359058}> (0x0000000a6b359058) 
thrown [src/hotspot/share/prims/jni.cpp, line 520]
Event: 106.512 Thread 0x000000074117b100 Exception <a 'java/net/ConnectException'{0x0000000a6ac2c198}> (0x0000000a6ac2c198) 
thrown [src/hotspot/share/prims/jni.cpp, line 520]
Event: 107.194 Thread 0x0000000741178000 Exception <a 'java/net/ConnectException'{0x0000000a6b51ca68}> (0x0000000a6b51ca68) 
thrown [src/hotspot/share/prims/jni.cpp, line 520]
Event: 107.247 Thread 0x000000074118c700 Exception <a 'java/net/ConnectException'{0x0000000a6b35f478}> (0x0000000a6b35f478) 
thrown [src/hotspot/share/prims/jni.cpp, line 520]
Event: 107.295 Thread 0x0000000741179500 Exception <a 'java/net/ConnectException'{0x0000000a6b5a9a68}> (0x0000000a6b5a9a68) 
thrown [src/hotspot/share/prims/jni.cpp, line 520]
Event: 107.352 Thread 0x000000074117b100 Exception <a 'java/net/ConnectException'{0x0000000a6ac32568}> (0x0000000a6ac32568) 
thrown [src/hotspot/share/prims/jni.cpp, line 520]
Event: 108.102 Thread 0x0000000741178000 Exception <a 'java/net/ConnectException'{0x0000000a6b51f810}> (0x0000000a6b51f810) 
thrown [src/hotspot/share/prims/jni.cpp, line 520]
Event: 108.221 Thread 0x000000074118c700 Exception <a 'java/net/ConnectException'{0x0000000a6ac4a3a0}> (0x0000000a6ac4a3a0) 
thrown [src/hotspot/share/prims/jni.cpp, line 520]
Event: 108.307 Thread 0x0000000741179500 Exception <a 'java/net/ConnectException'{0x0000000a6b5acaa0}> (0x0000000a6b5acaa0) 
thrown [src/hotspot/share/prims/jni.cpp, line 520]
Event: 108.375 Thread 0x000000074117b100 Exception <a 'java/net/ConnectException'{0x0000000a6ac39408}> (0x0000000a6ac39408) 
thrown [src/hotspot/share/prims/jni.cpp, line 520]

ZGC Phase Switch (0 events):
No events

VM Operations (20 events):
Event: 78.195 Executing VM operation: Cleanup
Event: 78.195 Executing VM operation: Cleanup done
Event: 79.196 Executing VM operation: Cleanup
Event: 79.196 Executing VM operation: Cleanup done
Event: 80.200 Executing VM operation: Cleanup
Event: 80.200 Executing VM operation: Cleanup done
Event: 85.215 Executing VM operation: Cleanup
Event: 85.215 Executing VM operation: Cleanup done
Event: 90.229 Executing VM operation: Cleanup
Event: 90.229 Executing VM operation: Cleanup done
Event: 93.236 Executing VM operation: Cleanup
Event: 93.236 Executing VM operation: Cleanup done
Event: 94.237 Executing VM operation: Cleanup
Event: 94.237 Executing VM operation: Cleanup done
Event: 96.243 Executing VM operation: Cleanup
Event: 96.243 Executing VM operation: Cleanup done
Event: 104.268 Executing VM operation: Cleanup
Event: 104.268 Executing VM operation: Cleanup done
Event: 105.273 Executing VM operation: Cleanup
Event: 105.273 Executing VM operation: Cleanup done

Memory protections (20 events):
Event: 93.290 Protecting memory [0x00000003080c4000,0x00000003080d0000] with protection modes 3
Event: 93.290 Protecting memory [0x000000030a0f4000,0x000000030a100000] with protection modes 3
Event: 93.290 Protecting memory [0x00000003088d0000,0x00000003088dc000] with protection modes 3
Event: 93.290 Protecting memory [0x000000030f16c000,0x000000030f178000] with protection modes 3
Event: 93.292 Protecting memory [0x000000030507c000,0x0000000305088000] with protection modes 3
Event: 93.309 Protecting memory [0x00000003070ac000,0x00000003070b8000] with protection modes 3
Event: 93.309 Protecting memory [0x0000000302840000,0x000000030284c000] with protection modes 3
Event: 93.309 Protecting memory [0x00000003090dc000,0x00000003090e8000] with protection modes 3
Event: 93.408 Protecting memory [0x00000001792e8000,0x00000001792f4000] with protection modes 3
Event: 93.408 Protecting memory [0x000000017e360000,0x000000017e36c000] with protection modes 3
Event: 93.457 Protecting memory [0x00000003078b8000,0x00000003078c4000] with protection modes 3
Event: 93.560 Protecting memory [0x000000033bd98000,0x000000033bda4000] with protection modes 3
Event: 93.560 Protecting memory [0x000000033b58c000,0x000000033b598000] with protection modes 3
Event: 93.567 Protecting memory [0x0000000172d94000,0x0000000172da0000] with protection modes 0
Event: 93.567 Protecting memory [0x0000000177878000,0x0000000177884000] with protection modes 0
Event: 93.568 Protecting memory [0x0000000339d68000,0x0000000339d74000] with protection modes 3
Event: 93.568 Protecting memory [0x000000033955c000,0x0000000339568000] with protection modes 3
Event: 94.976 Protecting memory [0x0000000177878000,0x0000000177884000] with protection modes 3
Event: 94.976 Protecting memory [0x0000000172d94000,0x0000000172da0000] with protection modes 3
Event: 98.535 Protecting memory [0x000000031eae0000,0x000000031eaec000] with protection modes 3

Nmethod flushes (20 events):
Event: 21.282 Thread 0x000000073ecc5800 flushing  nmethod 0x0000000111f15c90
Event: 21.282 Thread 0x000000073ecc5800 flushing  nmethod 0x0000000111f18d90
Event: 21.282 Thread 0x000000073ecc5800 flushing  nmethod 0x0000000111f19290
Event: 21.282 Thread 0x000000073ecc5800 flushing  nmethod 0x0000000111f1a890
Event: 21.282 Thread 0x000000073ecc5800 flushing  nmethod 0x0000000111f77d10
Event: 21.282 Thread 0x000000073ecc5800 flushing  nmethod 0x0000000111f7a810
Event: 21.282 Thread 0x000000073ecc5800 flushing  nmethod 0x0000000112771390
Event: 21.282 Thread 0x000000073ecc5800 flushing  nmethod 0x0000000112772990
Event: 21.282 Thread 0x000000073ecc5800 flushing  nmethod 0x0000000111f50010
Event: 21.282 Thread 0x000000073ecc5800 flushing  nmethod 0x0000000111f50590
Event: 21.282 Thread 0x000000073ecc5800 flushing  nmethod 0x000000011202db10
Event: 21.282 Thread 0x000000073ecc5800 flushing  nmethod 0x000000011202e210
Event: 21.282 Thread 0x000000073ecc5800 flushing  nmethod 0x000000011202e990
Event: 21.282 Thread 0x000000073ecc5800 flushing  nmethod 0x000000011202ed90
Event: 21.282 Thread 0x000000073ecc5800 flushing  nmethod 0x000000011202f190
Event: 21.282 Thread 0x000000073ecc5800 flushing  nmethod 0x000000011202f790
Event: 21.282 Thread 0x000000073ecc5800 flushing  nmethod 0x000000011202fb90
Event: 21.282 Thread 0x000000073ecc5800 flushing  nmethod 0x0000000112030f90
Event: 21.282 Thread 0x000000073ecc5800 flushing  nmethod 0x000000011222c090
Event: 21.282 Thread 0x000000073ecc5800 flushing  nmethod 0x000000011237e490

Events (20 events):
Event: 93.290 Thread 0x0000000741438000 Thread exited: 0x0000000741438000
Event: 93.290 Thread 0x00000007401e3800 Thread exited: 0x00000007401e3800
Event: 93.290 Thread 0x000000073fc1f800 Thread exited: 0x000000073fc1f800
Event: 93.290 Thread 0x0000000740c17100 Thread exited: 0x0000000740c17100
Event: 93.292 Thread 0x000000074165c000 Thread exited: 0x000000074165c000
Event: 93.309 Thread 0x000000074165ce00 Thread exited: 0x000000074165ce00
Event: 93.309 Thread 0x0000000740f29c00 Thread exited: 0x0000000740f29c00
Event: 93.309 Thread 0x000000074165f100 Thread exited: 0x000000074165f100
Event: 93.408 Thread 0x000000073fc1c000 Thread exited: 0x000000073fc1c000
Event: 93.408 Thread 0x000000073f3ab800 Thread exited: 0x000000073f3ab800
Event: 93.457 Thread 0x000000074165f800 Thread exited: 0x000000074165f800
Event: 93.560 Thread 0x000000074118c000 Thread exited: 0x000000074118c000
Event: 93.560 Thread 0x000000074117b800 Thread exited: 0x000000074117b800
Event: 93.567 Thread 0x0000000102b65120 Thread added: 0x0000000736164000
Event: 93.567 Thread 0x0000000102b65120 Thread added: 0x0000000736165800
Event: 93.568 Thread 0x0000000741178e00 Thread exited: 0x0000000741178e00
Event: 93.568 Thread 0x0000000741178700 Thread exited: 0x0000000741178700
Event: 94.976 Thread 0x0000000736165800 Thread exited: 0x0000000736165800
Event: 94.976 Thread 0x0000000736164000 Thread exited: 0x0000000736164000
Event: 98.535 Thread 0x000000074105f100 Thread exited: 0x000000074105f100


Dynamic libraries:
0x000000010251c000 	/Users/sergiy/.sdkman/candidates/java/21.0.7-tem/lib/libjli.dylib
0x00000001ababd000 	/System/Library/Frameworks/Cocoa.framework/Versions/A/Cocoa
0x00000001907a3000 	/System/Library/Frameworks/AppKit.framework/Versions/C/AppKit
0x0000000193de2000 	/System/Library/Frameworks/CoreData.framework/Versions/A/CoreData
0x000000018db9e000 	/System/Library/Frameworks/Foundation.framework/Versions/C/Foundation
0x000000019c140000 	/usr/lib/libSystem.B.dylib
0x0000000191ec6000 	/System/Library/PrivateFrameworks/UIFoundation.framework/Versions/A/UIFoundation
0x0000000244bdc000 	/System/Library/PrivateFrameworks/CollectionViewCore.framework/Versions/A/CollectionViewCore
0x00000001993e7000 	/System/Library/PrivateFrameworks/XCTTargetBootstrap.framework/Versions/A/XCTTargetBootstrap
0x0000000257434000 	/System/Library/PrivateFrameworks/GenerativeModels.framework/Versions/A/GenerativeModels
0x000000019ead4000 	/System/Library/PrivateFrameworks/InternationalSupport.framework/Versions/A/InternationalSupport
0x000000019ee30000 	/System/Library/PrivateFrameworks/UserActivity.framework/Versions/A/UserActivity
0x0000000194477000 	/System/Library/PrivateFrameworks/BaseBoard.framework/Versions/A/BaseBoard
0x000000024e64a000 	/System/Library/PrivateFrameworks/FrontBoard.framework/Versions/A/FrontBoard
0x00000001a6800000 	/System/Library/PrivateFrameworks/FrontBoardServices.framework/Versions/A/FrontBoardServices
0x000000028f3fc000 	/usr/lib/libRosetta.dylib
0x0000000282720000 	/System/Library/PrivateFrameworks/UIIntelligenceSupport.framework/Versions/A/UIIntelligenceSupport
0x0000000238f73000 	/System/Library/Frameworks/SwiftUICore.framework/Versions/A/SwiftUICore
0x00000002892b4000 	/System/Library/PrivateFrameworks/WritingTools.framework/Versions/A/WritingTools
0x00000002880af000 	/System/Library/PrivateFrameworks/WindowManagement.framework/Versions/A/WindowManagement
0x000000018d80d000 	/System/Library/Frameworks/SystemConfiguration.framework/Versions/A/SystemConfiguration
0x000000019dd3f000 	/usr/lib/libspindump.dylib
0x000000019207f000 	/System/Library/Frameworks/UniformTypeIdentifiers.framework/Versions/A/UniformTypeIdentifiers
0x000000019b397000 	/usr/lib/libbsm.0.dylib
0x0000000196b79000 	/usr/lib/libapp_launch_measurement.dylib
0x0000000195e82000 	/System/Library/PrivateFrameworks/CoreAnalytics.framework/Versions/A/CoreAnalytics
0x0000000196b7d000 	/System/Library/PrivateFrameworks/CoreAutoLayout.framework/Versions/A/CoreAutoLayout
0x0000000198960000 	/System/Library/Frameworks/Metal.framework/Versions/A/Metal
0x0000000199d23000 	/usr/lib/liblangid.dylib
0x00000001993ed000 	/System/Library/PrivateFrameworks/CoreSVG.framework/Versions/A/CoreSVG
0x0000000192ad9000 	/System/Library/PrivateFrameworks/SkyLight.framework/Versions/A/SkyLight
0x000000024e37f000 	/System/Library/PrivateFrameworks/FocusEngine.framework/Versions/A/FocusEngine
0x0000000193090000 	/System/Library/Frameworks/CoreGraphics.framework/Versions/A/CoreGraphics
0x000000024bd8b000 	/System/Library/PrivateFrameworks/DesignLibrary.framework/Versions/A/DesignLibrary
0x00000001a4a8c000 	/System/Library/Frameworks/Accelerate.framework/Versions/A/Accelerate
0x000000019db35000 	/System/Library/PrivateFrameworks/IconServices.framework/Versions/A/IconServices
0x0000000198938000 	/System/Library/Frameworks/IOSurface.framework/Versions/A/IOSurface
0x0000000195eb2000 	/usr/lib/libDiagnosticMessagesClient.dylib
0x000000019c08a000 	/usr/lib/libz.1.dylib
0x00000001a8eda000 	/System/Library/Frameworks/ApplicationServices.framework/Versions/A/ApplicationServices
0x00000001993d2000 	/System/Library/PrivateFrameworks/DFRFoundation.framework/Versions/A/DFRFoundation
0x000000018fff2000 	/usr/lib/libicucore.A.dylib
0x00000001a005b000 	/System/Library/Frameworks/AudioToolbox.framework/Versions/A/AudioToolbox
0x000000019edde000 	/System/Library/PrivateFrameworks/DataDetectorsCore.framework/Versions/A/DataDetectorsCore
0x0000000283669000 	/System/Library/PrivateFrameworks/UpdateCycle.framework/Versions/A/UpdateCycle
0x00000001bd41d000 	/System/Library/PrivateFrameworks/TextInput.framework/Versions/A/TextInput
0x0000000192a1d000 	/usr/lib/libMobileGestalt.dylib
0x00000001990d6000 	/System/Library/Frameworks/Carbon.framework/Versions/A/Frameworks/HIToolbox.framework/Versions/A/HIToolbox
0x00000001963dc000 	/System/Library/Frameworks/QuartzCore.framework/Versions/A/QuartzCore
0x000000018fbd3000 	/System/Library/Frameworks/Security.framework/Versions/A/Security
0x00000001a43fb000 	/System/Library/Frameworks/Carbon.framework/Versions/A/Frameworks/SpeechRecognition.framework/Versions/A/SpeechRecognition
0x0000000196844000 	/System/Library/PrivateFrameworks/CoreUI.framework/Versions/A/CoreUI
0x000000018f43d000 	/System/Library/Frameworks/CoreAudio.framework/Versions/A/CoreAudio
0x0000000195fad000 	/System/Library/Frameworks/DiskArbitration.framework/Versions/A/DiskArbitration
0x000000019e2dd000 	/System/Library/PrivateFrameworks/MultitouchSupport.framework/Versions/A/MultitouchSupport
0x0000000192a1b000 	/usr/lib/libenergytrace.dylib
0x00000001b0764000 	/System/Library/PrivateFrameworks/RenderBox.framework/Versions/A/RenderBox
0x000000019064a000 	/System/Library/Frameworks/IOKit.framework/Versions/A/IOKit
0x00000001a480d000 	/System/Library/Frameworks/CoreServices.framework/Versions/A/CoreServices
0x0000000196b00000 	/System/Library/PrivateFrameworks/PerformanceAnalysis.framework/Versions/A/PerformanceAnalysis
0x0000000231860000 	/System/Library/Frameworks/OpenGL.framework/Versions/A/OpenGL
0x0000000196bc6000 	/usr/lib/libxml2.2.dylib
0x000000019b278000 	/System/Library/PrivateFrameworks/MobileKeyBag.framework/Versions/A/MobileKeyBag
0x000000018be8c000 	/usr/lib/libobjc.A.dylib
0x000000018c201000 	/usr/lib/libc++.1.dylib
0x00000001a478b000 	/System/Library/Frameworks/Accessibility.framework/Versions/A/Accessibility
0x00000001937e6000 	/System/Library/Frameworks/ColorSync.framework/Versions/A/ColorSync
0x000000018c331000 	/System/Library/Frameworks/CoreFoundation.framework/Versions/A/CoreFoundation
0x000000019976b000 	/System/Library/Frameworks/CoreImage.framework/Versions/A/CoreImage
0x000000018f214000 	/System/Library/Frameworks/CoreText.framework/Versions/A/CoreText
0x0000000233260000 	/System/Library/Frameworks/CoreTransferable.framework/Versions/A/CoreTransferable
0x000000023377b000 	/System/Library/Frameworks/DataDetection.framework/Versions/A/DataDetection
0x0000000233792000 	/System/Library/Frameworks/DeveloperToolsSupport.framework/Versions/A/DeveloperToolsSupport
0x000000019942b000 	/System/Library/Frameworks/ImageIO.framework/Versions/A/ImageIO
0x0000000239ed0000 	/System/Library/Frameworks/Symbols.framework/Versions/A/Symbols
0x00000001c2798000 	/System/Library/PrivateFrameworks/AttributeGraph.framework/Versions/A/AttributeGraph
0x00000001a68da000 	/System/Library/PrivateFrameworks/BoardServices.framework/Versions/A/BoardServices
0x00000001e79d6000 	/System/Library/PrivateFrameworks/FeatureFlags.framework/Versions/A/FeatureFlags
0x00000002578df000 	/System/Library/PrivateFrameworks/Gestures.framework/Versions/A/Gestures
0x000000019c144000 	/System/Library/PrivateFrameworks/SoftLinking.framework/Versions/A/SoftLinking
0x00000001d1479000 	/usr/lib/swift/libswiftAccelerate.dylib
0x00000001c75ee000 	/usr/lib/swift/libswiftCompression.dylib
0x000000019f9b0000 	/usr/lib/swift/libswiftCore.dylib
0x00000001b963b000 	/usr/lib/swift/libswiftCoreFoundation.dylib
0x00000001b969b000 	/usr/lib/swift/libswiftCoreImage.dylib
0x00000001a6579000 	/usr/lib/swift/libswiftDispatch.dylib
0x00000001b969c000 	/usr/lib/swift/libswiftIOKit.dylib
0x00000001c75e0000 	/usr/lib/swift/libswiftMetal.dylib
0x00000001d6da7000 	/usr/lib/swift/libswiftOSLog.dylib
0x00000001a9551000 	/usr/lib/swift/libswiftObjectiveC.dylib
0x0000000290b75000 	/usr/lib/swift/libswiftObservation.dylib
0x00000001cc9d5000 	/usr/lib/swift/libswiftQuartzCore.dylib
0x0000000290c37000 	/usr/lib/swift/libswiftSpatial.dylib
0x0000000290cb1000 	/usr/lib/swift/libswiftSynchronization.dylib
0x00000001d1469000 	/usr/lib/swift/libswiftUniformTypeIdentifiers.dylib
0x00000001b964e000 	/usr/lib/swift/libswiftXPC.dylib
0x0000000290cf7000 	/usr/lib/swift/libswift_Builtin_float.dylib
0x0000000290cf8000 	/usr/lib/swift/libswift_Concurrency.dylib
0x00000001a9555000 	/usr/lib/swift/libswiftos.dylib
0x00000001bd18f000 	/usr/lib/swift/libswiftsimd.dylib
0x000000019c368000 	/usr/lib/libcompression.dylib
0x000000019ea3d000 	/System/Library/PrivateFrameworks/TextureIO.framework/Versions/A/TextureIO
0x000000019398e000 	/System/Library/Frameworks/ApplicationServices.framework/Versions/A/Frameworks/HIServices.framework/Versions/A/HIServices
0x000000019d7bf000 	/usr/lib/libate.dylib
0x000000019c13a000 	/usr/lib/system/libcache.dylib
0x000000019c0f5000 	/usr/lib/system/libcommonCrypto.dylib
0x000000019c120000 	/usr/lib/system/libcompiler_rt.dylib
0x000000019c115000 	/usr/lib/system/libcopyfile.dylib
0x000000018c035000 	/usr/lib/system/libcorecrypto.dylib
0x000000018c135000 	/usr/lib/system/libdispatch.dylib
0x000000018bedf000 	/usr/lib/system/libdyld.dylib
0x000000019c130000 	/usr/lib/system/libkeymgr.dylib
0x000000019c0d8000 	/usr/lib/system/libmacho.dylib
0x000000019b36f000 	/usr/lib/system/libquarantine.dylib
0x000000019c12d000 	/usr/lib/system/libremovefile.dylib
0x0000000192a9d000 	/usr/lib/system/libsystem_asl.dylib
0x000000018bfbb000 	/usr/lib/system/libsystem_blocks.dylib
0x000000018c180000 	/usr/lib/system/libsystem_c.dylib
0x000000019c124000 	/usr/lib/system/libsystem_collections.dylib
0x0000000199d10000 	/usr/lib/system/libsystem_configuration.dylib
0x00000001988ff000 	/usr/lib/system/libsystem_containermanager.dylib
0x000000019bb0e000 	/usr/lib/system/libsystem_coreservices.dylib
0x00000001902c8000 	/usr/lib/system/libsystem_darwin.dylib
0x0000000291019000 	/usr/lib/system/libsystem_darwindirectory.dylib
0x000000019c131000 	/usr/lib/system/libsystem_dnssd.dylib
0x000000029101d000 	/usr/lib/system/libsystem_eligibility.dylib
0x000000018c17d000 	/usr/lib/system/libsystem_featureflags.dylib
0x000000018c301000 	/usr/lib/system/libsystem_info.dylib
0x000000019c099000 	/usr/lib/system/libsystem_m.dylib
0x000000018c0e4000 	/usr/lib/system/libsystem_malloc.dylib
0x0000000192a00000 	/usr/lib/system/libsystem_networkextension.dylib
0x0000000190733000 	/usr/lib/system/libsystem_notify.dylib
0x0000000199d15000 	/usr/lib/system/libsystem_sandbox.dylib
0x0000000291027000 	/usr/lib/system/libsystem_sanitizers.dylib
0x000000019c129000 	/usr/lib/system/libsystem_secinit.dylib
0x000000018c2ad000 	/usr/lib/system/libsystem_kernel.dylib
0x000000018c2f8000 	/usr/lib/system/libsystem_platform.dylib
0x000000018c2eb000 	/usr/lib/system/libsystem_pthread.dylib
0x000000019465b000 	/usr/lib/system/libsystem_symptoms.dylib
0x000000018c014000 	/usr/lib/system/libsystem_trace.dylib
0x000000029102f000 	/usr/lib/system/libsystem_trial.dylib
0x000000019c103000 	/usr/lib/system/libunwind.dylib
0x000000018bfbf000 	/usr/lib/system/libxpc.dylib
0x000000018c292000 	/usr/lib/libc++abi.dylib
0x0000000290882000 	/usr/lib/libswiftPrespecialized.dylib
0x000000019c142000 	/usr/lib/libfakelink.dylib
0x000000019264a000 	/System/Library/Frameworks/CFNetwork.framework/Versions/A/CFNetwork
0x000000019c195000 	/usr/lib/libarchive.2.dylib
0x00000001a24a7000 	/System/Library/Frameworks/Combine.framework/Versions/A/Combine
0x0000000244c01000 	/System/Library/PrivateFrameworks/CollectionsInternal.framework/Versions/A/CollectionsInternal
0x0000000270b00000 	/System/Library/PrivateFrameworks/ReflectionInternal.framework/Versions/A/ReflectionInternal
0x0000000271a53000 	/System/Library/PrivateFrameworks/RuntimeInternal.framework/Versions/A/RuntimeInternal
0x00000001b64d1000 	/usr/lib/swift/libswiftDarwin.dylib
0x0000000290cc5000 	/usr/lib/swift/libswiftSystem.dylib
0x0000000290d84000 	/usr/lib/swift/libswift_DarwinFoundation1.dylib
0x0000000290e28000 	/usr/lib/swift/libswift_StringProcessing.dylib
0x00000001905ca000 	/System/Library/PrivateFrameworks/CoreServicesInternal.framework/Versions/A/CoreServicesInternal
0x000000019c10d000 	/usr/lib/liboah.dylib
0x00000001a8985000 	/System/Library/PrivateFrameworks/DiskImages.framework/Versions/A/DiskImages
0x00000001b5f76000 	/System/Library/Frameworks/NetFS.framework/Versions/A/NetFS
0x0000000196b42000 	/System/Library/Frameworks/CoreServices.framework/Versions/A/Frameworks/FSEvents.framework/Versions/A/FSEvents
0x00000001902d2000 	/System/Library/Frameworks/CoreServices.framework/Versions/A/Frameworks/CarbonCore.framework/Versions/A/CarbonCore
0x0000000195f21000 	/System/Library/Frameworks/CoreServices.framework/Versions/A/Frameworks/Metadata.framework/Versions/A/Metadata
0x000000019bb15000 	/System/Library/Frameworks/CoreServices.framework/Versions/A/Frameworks/OSServices.framework/Versions/A/OSServices
0x000000019c28d000 	/System/Library/Frameworks/CoreServices.framework/Versions/A/Frameworks/SearchKit.framework/Versions/A/SearchKit
0x00000001945d5000 	/System/Library/Frameworks/CoreServices.framework/Versions/A/Frameworks/AE.framework/Versions/A/AE
0x000000018c890000 	/System/Library/Frameworks/CoreServices.framework/Versions/A/Frameworks/LaunchServices.framework/Versions/A/LaunchServices
0x000000019d613000 	/System/Library/Frameworks/CoreServices.framework/Versions/A/Frameworks/DictionaryServices.framework/Versions/A/DictionaryServices
0x0000000196b4f000 	/System/Library/Frameworks/CoreServices.framework/Versions/A/Frameworks/SharedFileList.framework/Versions/A/SharedFileList
0x000000019c320000 	/usr/lib/libapple_nghttp2.dylib
0x00000001941ec000 	/usr/lib/libsqlite3.dylib
0x00000001943d5000 	/System/Library/Frameworks/Accounts.framework/Versions/A/Accounts
0x00000001a8bc7000 	/System/Library/PrivateFrameworks/AppSupport.framework/Versions/A/AppSupport
0x00000001b83ff000 	/System/Library/Frameworks/AVFoundation.framework/Versions/A/AVFoundation
0x00000001a06e2000 	/System/Library/Frameworks/GSS.framework/Versions/A/GSS
0x0000000194569000 	/System/Library/PrivateFrameworks/RunningBoardServices.framework/Versions/A/RunningBoardServices
0x00000001a94d9000 	/System/Library/PrivateFrameworks/StreamingZip.framework/Versions/A/StreamingZip
0x0000000194664000 	/System/Library/Frameworks/Network.framework/Versions/A/Network
0x000000019c0dc000 	/usr/lib/system/libkxld.dylib
0x00000002401e1000 	/System/Library/PrivateFrameworks/AppleKeyStore.framework/Versions/A/AppleKeyStore
0x000000028f0fe000 	/usr/lib/libCoreEntitlements.dylib
0x00000002651e3000 	/System/Library/PrivateFrameworks/MessageSecurity.framework/Versions/A/MessageSecurity
0x00000001941d0000 	/System/Library/PrivateFrameworks/ProtocolBuffer.framework/Versions/A/ProtocolBuffer
0x00000001a5988000 	/System/Library/PrivateFrameworks/SymptomDiagnosticReporter.framework/Versions/A/SymptomDiagnosticReporter
0x000000019d858000 	/System/Library/PrivateFrameworks/CrashReporterSupport.framework/Versions/A/CrashReporterSupport
0x000000019baf5000 	/System/Library/PrivateFrameworks/AppleFSCompression.framework/Versions/A/AppleFSCompression
0x000000019b37f000 	/usr/lib/libcoretls.dylib
0x000000019d689000 	/usr/lib/libcoretls_cfhelpers.dylib
0x000000019c362000 	/usr/lib/libpam.2.dylib
0x000000019d6ff000 	/usr/lib/libxar.1.dylib
0x000000019d68b000 	/System/Library/PrivateFrameworks/APFS.framework/Versions/A/APFS
0x000000027d180000 	/System/Library/PrivateFrameworks/SwiftASN1Internal.framework/Versions/A/SwiftASN1Internal
0x000000019d70e000 	/usr/lib/libutil.dylib
0x0000000199d1e000 	/System/Library/PrivateFrameworks/AppleSystemInfo.framework/Versions/A/AppleSystemInfo
0x000000019b046000 	/System/Library/PrivateFrameworks/IOMobileFramebuffer.framework/Versions/A/IOMobileFramebuffer
0x00000001a82e5000 	/System/Library/PrivateFrameworks/CoreWiFi.framework/Versions/A/CoreWiFi
0x00000001b94fd000 	/System/Library/PrivateFrameworks/LoggingSupport.framework/Versions/A/LoggingSupport
0x00000001a0745000 	/System/Library/PrivateFrameworks/MobileAsset.framework/Versions/A/MobileAsset
0x00000001a5998000 	/System/Library/PrivateFrameworks/PowerLog.framework/Versions/A/PowerLog
0x00000001a6e5a000 	/System/Library/PrivateFrameworks/Rapport.framework/Versions/A/Rapport
0x0000000238e06000 	/System/Library/Frameworks/SwiftData.framework/Versions/A/SwiftData
0x0000000196d6f000 	/System/Library/PrivateFrameworks/UserManagement.framework/Versions/A/UserManagement
0x0000000192571000 	/usr/lib/libboringssl.dylib
0x0000000194649000 	/usr/lib/libdns_services.dylib
0x00000001b8533000 	/usr/lib/libquic.dylib
0x000000019f941000 	/usr/lib/libusrtcp.dylib
0x000000024109a000 	/System/Library/PrivateFrameworks/AtomicsInternal.framework/Versions/A/AtomicsInternal
0x00000001df80c000 	/System/Library/PrivateFrameworks/InternalSwiftProtobuf.framework/Versions/A/InternalSwiftProtobuf
0x0000000290b4c000 	/usr/lib/swift/libswiftDistributed.dylib
0x0000000199d1c000 	/System/Library/PrivateFrameworks/AggregateDictionary.framework/Versions/A/AggregateDictionary
0x00000002418c8000 	/System/Library/PrivateFrameworks/BiomeLibrary.framework/Versions/A/BiomeLibrary
0x00000001c864b000 	/System/Library/PrivateFrameworks/BiomeStreams.framework/Versions/A/BiomeStreams
0x00000001c46b0000 	/System/Library/PrivateFrameworks/BiomeFoundation.framework/Versions/A/BiomeFoundation
0x00000001ce8cf000 	/System/Library/PrivateFrameworks/BiomePubSub.framework/Versions/A/BiomePubSub
0x00000001aa4bc000 	/System/Library/PrivateFrameworks/ProactiveSupport.framework/Versions/A/ProactiveSupport
0x000000023ae5f000 	/System/Library/Frameworks/_LocationEssentials.framework/Versions/A/_LocationEssentials
0x000000019d66a000 	/usr/lib/liblzma.5.dylib
0x00000001a8edb000 	/System/Library/PrivateFrameworks/InternationalTextSearch.framework/Versions/A/InternationalTextSearch
0x00000001c0b8b000 	/System/Library/PrivateFrameworks/SoftwareUpdateCoreSupport.framework/Versions/A/SoftwareUpdateCoreSupport
0x00000001c90e9000 	/System/Library/PrivateFrameworks/SoftwareUpdateCoreConnect.framework/Versions/A/SoftwareUpdateCoreConnect
0x00000001a8a7f000 	/System/Library/PrivateFrameworks/RemoteServiceDiscovery.framework/Versions/A/RemoteServiceDiscovery
0x00000001c0763000 	/System/Library/PrivateFrameworks/MSUDataAccessor.framework/Versions/A/MSUDataAccessor
0x00000001bb6cb000 	/usr/lib/libbootpolicy.dylib
0x00000001a8a96000 	/System/Library/PrivateFrameworks/RemoteXPC.framework/Versions/A/RemoteXPC
0x00000001c851f000 	/usr/lib/libFDR.dylib
0x00000001ce4d1000 	/usr/lib/libamsupport.dylib
0x000000028f3f4000 	/usr/lib/libReverseProxyDevice.dylib
0x000000023fa51000 	/System/Library/PrivateFrameworks/AppleDeviceQuerySupport.framework/Versions/A/AppleDeviceQuerySupport
0x00000001d1693000 	/usr/lib/libpartition2_dynamic.dylib
0x000000019c2fc000 	/System/Library/PrivateFrameworks/AppleSauce.framework/Versions/A/AppleSauce
0x000000028efa9000 	/usr/lib/libAppleArchive.dylib
0x000000019bb01000 	/usr/lib/libbz2.1.0.dylib
0x0000000195fb7000 	/System/Library/Frameworks/Accelerate.framework/Versions/A/Frameworks/vImage.framework/Versions/A/vImage
0x00000001a47e8000 	/System/Library/Frameworks/Accelerate.framework/Versions/A/Frameworks/vecLib.framework/Versions/A/vecLib
0x000000019d745000 	/System/Library/Frameworks/Accelerate.framework/Versions/A/Frameworks/vecLib.framework/Versions/A/libvMisc.dylib
0x000000018cd94000 	/System/Library/Frameworks/Accelerate.framework/Versions/A/Frameworks/vecLib.framework/Versions/A/libBLAS.dylib
0x0000000196cad000 	/System/Library/Frameworks/CoreVideo.framework/Versions/A/CoreVideo
0x00000001a02f9000 	/System/Library/Frameworks/ApplicationServices.framework/Versions/A/Frameworks/ATS.framework/Versions/A/ATS
0x000000019e9ca000 	/System/Library/Frameworks/ApplicationServices.framework/Versions/A/Frameworks/PrintCore.framework/Versions/A/PrintCore
0x00000001a06ab000 	/System/Library/Frameworks/ApplicationServices.framework/Versions/A/Frameworks/QD.framework/Versions/A/QD
0x00000001a06a6000 	/System/Library/Frameworks/ApplicationServices.framework/Versions/A/Frameworks/ColorSyncLegacy.framework/Versions/A/ColorSyncLegacy
0x00000001a02cb000 	/System/Library/Frameworks/ApplicationServices.framework/Versions/A/Frameworks/SpeechSynthesis.framework/Versions/A/SpeechSynthesis
0x0000000198e06000 	/System/Library/PrivateFrameworks/FontServices.framework/libFontParser.dylib
0x00000001a87a7000 	/System/Library/PrivateFrameworks/BackBoardServices.framework/Versions/A/BackBoardServices
0x00000002417cd000 	/System/Library/PrivateFrameworks/BackBoardHIDEventFoundation.framework/Versions/A/BackBoardHIDEventFoundation
0x000000018ed30000 	/System/Library/Frameworks/CoreDisplay.framework/Versions/A/CoreDisplay
0x000000019e323000 	/System/Library/Frameworks/VideoToolbox.framework/Versions/A/VideoToolbox
0x000000019c360000 	/System/Library/Frameworks/MetalPerformanceShaders.framework/Versions/A/MetalPerformanceShaders
0x000000026fa0a000 	/System/Library/PrivateFrameworks/ProDisplayLibrary.framework/Versions/A/ProDisplayLibrary
0x00000001ac5d8000 	/System/Library/PrivateFrameworks/IOSurfaceAccelerator.framework/Versions/A/IOSurfaceAccelerator
0x0000000198955000 	/System/Library/PrivateFrameworks/IOAccelerator.framework/Versions/A/IOAccelerator
0x0000000198c64000 	/System/Library/Frameworks/CoreMedia.framework/Versions/A/CoreMedia
0x0000000192ab5000 	/System/Library/PrivateFrameworks/TCC.framework/Versions/A/TCC
0x000000019e2db000 	/System/Library/PrivateFrameworks/WatchdogClient.framework/Versions/A/WatchdogClient
0x00000001b961b000 	/usr/lib/swift/libswiftCoreAudio.dylib
0x00000001d55f4000 	/usr/lib/swift/libswiftCoreMedia.dylib
0x0000000290cdf000 	/usr/lib/swift/libswiftVideoToolbox.dylib
0x00000001ce930000 	/System/Library/PrivateFrameworks/BiomeStorage.framework/Versions/A/BiomeStorage
0x000000025df27000 	/System/Library/PrivateFrameworks/IntelligencePlatformLibrary.framework/Versions/A/IntelligencePlatformLibrary
0x000000026e7ce000 	/System/Library/PrivateFrameworks/PoirotSchematizer.framework/Versions/A/PoirotSchematizer
0x000000024217b000 	/System/Library/PrivateFrameworks/BiomeSync.framework/Versions/A/BiomeSync
0x00000002418ae000 	/System/Library/PrivateFrameworks/BiomeDSL.framework/Versions/A/BiomeDSL
0x000000026e83c000 	/System/Library/PrivateFrameworks/PoirotUDFs.framework/Versions/A/PoirotUDFs
0x0000000290d87000 	/usr/lib/swift/libswift_DarwinFoundation2.dylib
0x0000000290d88000 	/usr/lib/swift/libswift_DarwinFoundation3.dylib
0x00000001a6e4f000 	/System/Library/PrivateFrameworks/CoreTime.framework/Versions/A/CoreTime
0x000000019c17a000 	/usr/lib/libiconv.2.dylib
0x000000019c0d7000 	/usr/lib/libcharset.1.dylib
0x000000026e791000 	/System/Library/PrivateFrameworks/PoirotSQLite.framework/Versions/A/PoirotSQLite
0x0000000290d89000 	/usr/lib/swift/libswift_RegexParser.dylib
0x00000002437b1000 	/System/Library/PrivateFrameworks/CascadeSets.framework/Versions/A/CascadeSets
0x00000001a08bc000 	/System/Library/PrivateFrameworks/CorePhoneNumbers.framework/Versions/A/CorePhoneNumbers
0x000000019e0d5000 	/System/Library/PrivateFrameworks/AppleJPEG.framework/Versions/A/AppleJPEG
0x000000019daaf000 	/usr/lib/libexpat.1.dylib
0x000000019e8a0000 	/System/Library/Frameworks/ImageIO.framework/Versions/A/Resources/libPng.dylib
0x000000019e8cb000 	/System/Library/Frameworks/ImageIO.framework/Versions/A/Resources/libTIFF.dylib
0x000000019e9b3000 	/System/Library/Frameworks/ImageIO.framework/Versions/A/Resources/libGIF.dylib
0x000000019e11a000 	/System/Library/Frameworks/ImageIO.framework/Versions/A/Resources/libJP2.dylib
0x000000019e95a000 	/System/Library/Frameworks/ImageIO.framework/Versions/A/Resources/libJPEG.dylib
0x000000019e951000 	/System/Library/Frameworks/ImageIO.framework/Versions/A/Resources/libRadiance.dylib
0x0000000253bde000 	/System/Library/PrivateFrameworks/GPUCompiler.framework/Versions/32023/Libraries/libllvm-flatbuffers.dylib
0x000000024e63d000 	/System/Library/PrivateFrameworks/FramePacing.framework/Versions/A/FramePacing
0x0000000231852000 	/System/Library/Frameworks/OpenGL.framework/Versions/A/Libraries/libCoreFSCache.dylib
0x000000024f76b000 	/System/Library/PrivateFrameworks/GPUCompiler.framework/Versions/32023/Libraries/libGPUCompilerUtils.dylib
0x00000001a69a7000 	/System/Library/PrivateFrameworks/GraphicsServices.framework/Versions/A/GraphicsServices
0x00000002318b1000 	/System/Library/Frameworks/OpenGL.framework/Versions/A/Libraries/libGLU.dylib
0x0000000231874000 	/System/Library/Frameworks/OpenGL.framework/Versions/A/Libraries/libGFXShared.dylib
0x0000000231a41000 	/System/Library/Frameworks/OpenGL.framework/Versions/A/Libraries/libGL.dylib
0x000000023187d000 	/System/Library/Frameworks/OpenGL.framework/Versions/A/Libraries/libGLImage.dylib
0x0000000231871000 	/System/Library/Frameworks/OpenGL.framework/Versions/A/Libraries/libCVMSPluginSupport.dylib
0x000000023185a000 	/System/Library/Frameworks/OpenGL.framework/Versions/A/Libraries/libCoreVMClient.dylib
0x000000019e94c000 	/System/Library/PrivateFrameworks/GPUWrangler.framework/Versions/A/GPUWrangler
0x000000019e92c000 	/System/Library/PrivateFrameworks/IOPresentment.framework/Versions/A/IOPresentment
0x000000019e954000 	/System/Library/PrivateFrameworks/DSExternalDisplay.framework/Versions/A/DSExternalDisplay
0x0000000284d43000 	/System/Library/PrivateFrameworks/VideoToolboxParavirtualizationSupport.framework/Versions/A/VideoToolboxParavirtualizationSupport
0x000000019da66000 	/System/Library/PrivateFrameworks/AppleVA.framework/Versions/A/AppleVA
0x00000002338dc000 	/System/Library/Frameworks/ExtensionFoundation.framework/Versions/A/ExtensionFoundation
0x000000019e9b9000 	/System/Library/PrivateFrameworks/CMCaptureCore.framework/Versions/A/CMCaptureCore
0x000000019dd32000 	/System/Library/PrivateFrameworks/AppServerSupport.framework/Versions/A/AppServerSupport
0x00000001a06b4000 	/System/Library/PrivateFrameworks/perfdata.framework/Versions/A/perfdata
0x000000018ee51000 	/System/Library/PrivateFrameworks/AudioToolboxCore.framework/Versions/A/AudioToolboxCore
0x0000000198c3a000 	/System/Library/PrivateFrameworks/caulk.framework/Versions/A/caulk
0x00000001a02b1000 	/usr/lib/libAudioStatistics.dylib
0x00000001b8628000 	/System/Library/PrivateFrameworks/SystemPolicy.framework/Versions/A/SystemPolicy
0x00000001a0559000 	/usr/lib/libSMC.dylib
0x00000001bff77000 	/usr/lib/swift/libswiftCoreMIDI.dylib
0x00000001ab8ca000 	/System/Library/Frameworks/CoreMIDI.framework/Versions/A/CoreMIDI
0x000000019e87a000 	/usr/lib/libAudioToolboxUtility.dylib
0x00000001a06c2000 	/usr/lib/libperfcheck.dylib
0x0000000241169000 	/System/Library/PrivateFrameworks/AudioAnalytics.framework/Versions/A/AudioAnalytics
0x00000001df4fa000 	/System/Library/Frameworks/OSLog.framework/Versions/A/OSLog
0x000000026a244000 	/System/Library/PrivateFrameworks/OSEligibility.framework/Versions/A/OSEligibility
0x0000000234cc0000 	/System/Library/Frameworks/LightweightCodeRequirements.framework/Versions/A/LightweightCodeRequirements
0x000000019d9af000 	/System/Library/PrivateFrameworks/PlugInKit.framework/Versions/A/PlugInKit
0x000000019b290000 	/System/Library/PrivateFrameworks/AssertionServices.framework/Versions/A/AssertionServices
0x000000019dad4000 	/System/Library/PrivateFrameworks/IconFoundation.framework/Versions/A/IconFoundation
0x000000025aab5000 	/System/Library/PrivateFrameworks/IconRendering.framework/Versions/A/IconRendering
0x0000000271c1f000 	/System/Library/PrivateFrameworks/SFSymbols.framework/Versions/A/SFSymbols
0x000000019dce2000 	/System/Library/PrivateFrameworks/GraphVisualizer.framework/Versions/A/GraphVisualizer
0x000000024e548000 	/System/Library/PrivateFrameworks/FontServices.framework/Versions/A/FontServices
0x000000019dcf2000 	/System/Library/PrivateFrameworks/OTSVG.framework/Versions/A/OTSVG
0x00000001967f2000 	/System/Library/Frameworks/ApplicationServices.framework/Versions/A/Frameworks/ATS.framework/Versions/A/Resources/libFontRegistry.dylib
0x000000028febc000 	/usr/lib/libhvf.dylib
0x000000026aed0000 	/System/Library/PrivateFrameworks/ParsingInternal.framework/Versions/A/ParsingInternal
0x000000024e54c000 	/System/Library/PrivateFrameworks/FontServices.framework/libXTFontStaticRegistryData.dylib
0x0000000199c56000 	/System/Library/Frameworks/MetalPerformanceShaders.framework/Versions/A/Frameworks/MPSCore.framework/Versions/A/MPSCore
0x000000019ba60000 	/System/Library/Frameworks/MetalPerformanceShaders.framework/Versions/A/Frameworks/MPSImage.framework/Versions/A/MPSImage
0x000000019b41f000 	/System/Library/Frameworks/MetalPerformanceShaders.framework/Versions/A/Frameworks/MPSNeuralNetwork.framework/Versions/A/MPSNeuralNetwork
0x000000019b85e000 	/System/Library/Frameworks/MetalPerformanceShaders.framework/Versions/A/Frameworks/MPSMatrix.framework/Versions/A/MPSMatrix
0x000000019b676000 	/System/Library/Frameworks/MetalPerformanceShaders.framework/Versions/A/Frameworks/MPSRayIntersector.framework/Versions/A/MPSRayIntersector
0x000000019b890000 	/System/Library/Frameworks/MetalPerformanceShaders.framework/Versions/A/Frameworks/MPSNDArray.framework/Versions/A/MPSNDArray
0x0000000235b45000 	/System/Library/Frameworks/MetalPerformanceShaders.framework/Versions/A/Frameworks/MPSFunctions.framework/Versions/A/MPSFunctions
0x0000000235b26000 	/System/Library/Frameworks/MetalPerformanceShaders.framework/Versions/A/Frameworks/MPSBenchmarkLoop.framework/Versions/A/MPSBenchmarkLoop
0x0000000235b59000 	/System/Library/Frameworks/MetalPerformanceShaders.framework/Versions/A/Frameworks/MPSHost.framework/Versions/A/MPSHost
0x000000018cbab000 	/System/Library/PrivateFrameworks/MetalTools.framework/Versions/A/MetalTools
0x00000001be8b4000 	/System/Library/PrivateFrameworks/IOAccelMemoryInfo.framework/Versions/A/IOAccelMemoryInfo
0x00000001ccdc8000 	/System/Library/PrivateFrameworks/kperf.framework/Versions/A/kperf
0x00000001b9617000 	/System/Library/PrivateFrameworks/GPURawCounter.framework/Versions/A/GPURawCounter
0x00000001aa647000 	/System/Library/PrivateFrameworks/ASEProcessing.framework/Versions/A/ASEProcessing
0x00000001daead000 	/System/Library/PrivateFrameworks/Symbolication.framework/Versions/A/Symbolication
0x000000026e37d000 	/System/Library/PrivateFrameworks/PhotosensitivityProcessing.framework/Versions/A/PhotosensitivityProcessing
0x0000000271ca5000 	/System/Library/PrivateFrameworks/SILManager.framework/Versions/A/SILManager
0x00000001a6cf2000 	/System/Library/PrivateFrameworks/CoreSymbolication.framework/Versions/A/CoreSymbolication
0x00000001b958c000 	/System/Library/PrivateFrameworks/MallocStackLogging.framework/Versions/A/MallocStackLogging
0x00000001a6cd0000 	/System/Library/PrivateFrameworks/DebugSymbols.framework/Versions/A/DebugSymbols
0x00000001cb53b000 	/System/Library/PrivateFrameworks/OSAnalytics.framework/Versions/A/OSAnalytics
0x000000024c2aa000 	/System/Library/PrivateFrameworks/DeviceRecovery.framework/Versions/A/DeviceRecovery
0x00000002805d3000 	/System/Library/PrivateFrameworks/Tightbeam.framework/Versions/A/Tightbeam
0x00000001d1c00000 	/System/Library/PrivateFrameworks/AFKUser.framework/Versions/A/AFKUser
0x000000019bece000 	/System/Library/Frameworks/UserNotifications.framework/Versions/A/UserNotifications
0x00000001bf049000 	/System/Library/PrivateFrameworks/SiriInstrumentation.framework/Versions/A/SiriInstrumentation
0x0000000274100000 	/System/Library/PrivateFrameworks/SiriAnalytics.framework/Versions/A/SiriAnalytics
0x00000001bc7b1000 	/System/Library/PrivateFrameworks/FeedbackLogger.framework/Versions/A/FeedbackLogger
0x00000001d7040000 	/usr/lib/swift/libswiftAVFoundation.dylib
0x0000000282dfb000 	/System/Library/PrivateFrameworks/UnifiedAssetFramework.framework/Versions/A/UnifiedAssetFramework
0x00000001a0230000 	/System/Library/PrivateFrameworks/AudioSession.framework/Versions/A/AudioSession
0x000000019dbf3000 	/System/Library/PrivateFrameworks/MediaExperience.framework/Versions/A/MediaExperience
0x00000001a0005000 	/System/Library/PrivateFrameworks/AudioSession.framework/libSessionUtility.dylib
0x00000001a587d000 	/System/Library/Frameworks/CoreBluetooth.framework/Versions/A/CoreBluetooth
0x000000019b103000 	/System/Library/PrivateFrameworks/CoreUtils.framework/Versions/A/CoreUtils
0x00000001b1497000 	/System/Library/PrivateFrameworks/HID.framework/Versions/A/HID
0x000000024b1c3000 	/System/Library/PrivateFrameworks/CoreUtilsExtras.framework/Versions/A/CoreUtilsExtras
0x000000025aa0a000 	/System/Library/PrivateFrameworks/IO80211.framework/Versions/A/IO80211
0x00000001a21f3000 	/System/Library/Frameworks/IOBluetooth.framework/Versions/A/IOBluetooth
0x0000000290b94000 	/usr/lib/swift/libswiftRegexBuilder.dylib
0x000000019d84f000 	/usr/lib/libIOReport.dylib
0x00000001e7a5a000 	/System/Library/PrivateFrameworks/WiFiPeerToPeer.framework/Versions/A/WiFiPeerToPeer
0x000000019b29f000 	/System/Library/Frameworks/SecurityFoundation.framework/Versions/A/SecurityFoundation
0x0000000243865000 	/System/Library/PrivateFrameworks/Centauri.framework/Versions/A/Centauri
0x000000018d58f000 	/System/Library/PrivateFrameworks/Lexicon.framework/Versions/A/Lexicon
0x000000029030c000 	/usr/lib/libmrc.dylib
0x000000025aa75000 	/System/Library/PrivateFrameworks/IPConfiguration.framework/Versions/A/IPConfiguration
0x00000001db684000 	/System/Library/PrivateFrameworks/Netrb.framework/Versions/A/Netrb
0x000000019b408000 	/usr/lib/libgermantok.dylib
0x0000000199e45000 	/System/Library/PrivateFrameworks/LinguisticData.framework/Versions/A/LinguisticData
0x00000001a5a86000 	/System/Library/PrivateFrameworks/MediaKit.framework/Versions/A/MediaKit
0x00000001a59d4000 	/System/Library/Frameworks/DiscRecording.framework/Versions/A/DiscRecording
0x000000019daca000 	/usr/lib/libheimdal-asn1.dylib
0x00000001a94af000 	/System/Library/Frameworks/AudioUnit.framework/Versions/A/AudioUnit
0x0000000196b0a000 	/System/Library/Frameworks/OpenDirectory.framework/Versions/A/OpenDirectory
0x0000000196b18000 	/System/Library/Frameworks/OpenDirectory.framework/Versions/A/Frameworks/CFOpenDirectory.framework/Versions/A/CFOpenDirectory
0x00000001a259b000 	/System/Library/PrivateFrameworks/GeoServices.framework/Versions/A/GeoServices
0x000000019ffcb000 	/System/Library/PrivateFrameworks/LocationSupport.framework/Versions/A/LocationSupport
0x0000000257731000 	/System/Library/PrivateFrameworks/GeoServicesCore.framework/Versions/A/GeoServicesCore
0x00000001b239b000 	/System/Library/PrivateFrameworks/PhoneNumbers.framework/Versions/A/PhoneNumbers
0x000000025feb9000 	/System/Library/PrivateFrameworks/LocationLogEncryption.framework/Versions/A/LocationLogEncryption
0x0000000231dcd000 	/System/Library/Frameworks/AVFAudio.framework/Versions/A/AVFAudio
0x0000000231f11000 	/System/Library/Frameworks/AVRouting.framework/Versions/A/AVRouting
0x00000001b24b3000 	/usr/lib/libAccessibility.dylib
0x000000025e8a3000 	/System/Library/PrivateFrameworks/IsolatedCoreAudioClient.framework/Versions/A/IsolatedCoreAudioClient
0x0000000246ffb000 	/System/Library/PrivateFrameworks/CoreAudioOrchestration.framework/Versions/A/CoreAudioOrchestration
0x000000019eea1000 	/System/Library/Frameworks/MediaToolbox.framework/Versions/A/MediaToolbox
0x00000001a5bac000 	/System/Library/PrivateFrameworks/CoreAVCHD.framework/Versions/A/CoreAVCHD
0x00000001a4adb000 	/System/Library/Frameworks/MediaAccessibility.framework/Versions/A/MediaAccessibility
0x00000001a5ba8000 	/System/Library/PrivateFrameworks/Mangrove.framework/Versions/A/Mangrove
0x0000000242ea1000 	/System/Library/PrivateFrameworks/CMPhoto.framework/Versions/A/CMPhoto
0x00000001a6375000 	/System/Library/Frameworks/CoreTelephony.framework/Versions/A/CoreTelephony
0x00000001a5b9b000 	/System/Library/PrivateFrameworks/CoreAUC.framework/Versions/A/CoreAUC
0x0000000240012000 	/System/Library/PrivateFrameworks/AppleJPEGXL.framework/Versions/A/AppleJPEGXL
0x00000001a08cc000 	/usr/lib/libTelephonyUtilDynamic.dylib
0x00000001e25ec000 	/System/Library/Frameworks/CryptoKit.framework/Versions/A/CryptoKit
0x00000001a94aa000 	/System/Library/PrivateFrameworks/CryptoKitCBridging.framework/Versions/A/CryptoKitCBridging
0x00000001a69b9000 	/System/Library/Frameworks/CryptoTokenKit.framework/Versions/A/CryptoTokenKit
0x000000024bd1b000 	/System/Library/PrivateFrameworks/Dendrite.framework/Versions/A/Dendrite
0x00000001b91bf000 	/System/Library/Frameworks/NaturalLanguage.framework/Versions/A/NaturalLanguage
0x00000001e79e2000 	/usr/lib/swift/libswiftNaturalLanguage.dylib
0x0000000240b88000 	/System/Library/PrivateFrameworks/AppleMobileFileIntegrity.framework/Versions/A/AppleMobileFileIntegrity
0x000000028f46b000 	/usr/lib/libTLE.dylib
0x00000001b95be000 	/usr/lib/libmis.dylib
0x00000001f10e9000 	/System/Library/PrivateFrameworks/ConfigProfileHelper.framework/Versions/A/ConfigProfileHelper
0x00000001a9639000 	/System/Library/PrivateFrameworks/Espresso.framework/Versions/A/Espresso
0x0000000197299000 	/System/Library/Frameworks/CoreML.framework/Versions/A/CoreML
0x00000001e589f000 	/usr/lib/libedit.3.dylib
0x000000022ebdc000 	/System/Library/PrivateFrameworks/ANECompiler.framework/Versions/A/ANECompiler
0x00000001ab70e000 	/System/Library/PrivateFrameworks/AppleNeuralEngine.framework/Versions/A/AppleNeuralEngine
0x000000025ffd7000 	/System/Library/PrivateFrameworks/MIL.framework/Versions/A/MIL
0x0000000235b5f000 	/System/Library/Frameworks/MetalPerformanceShadersGraph.framework/Versions/A/MetalPerformanceShadersGraph
0x0000000260746000 	/System/Library/PrivateFrameworks/MLCompilerServices.framework/Versions/A/MLCompilerServices
0x00000001aa48b000 	/System/Library/PrivateFrameworks/ANEServices.framework/Versions/A/ANEServices
0x00000001be877000 	/usr/lib/libncurses.5.4.dylib
0x0000000190746000 	/usr/lib/libsandbox.1.dylib
0x000000019d9f0000 	/usr/lib/libMatch.1.dylib
0x0000000269fc6000 	/System/Library/PrivateFrameworks/ODIE.framework/Versions/A/ODIE
0x00000002633d3000 	/System/Library/PrivateFrameworks/MLModelAsset.framework/Versions/A/MLModelAsset
0x00000002606ec000 	/System/Library/PrivateFrameworks/MLCompilerRuntime.framework/Versions/A/MLCompilerRuntime
0x000000019b6cb000 	/System/Library/Frameworks/MLCompute.framework/Versions/A/MLCompute
0x000000026066e000 	/System/Library/PrivateFrameworks/MLAssetIO.framework/Versions/A/MLAssetIO
0x0000000290b66000 	/usr/lib/swift/libswiftMLCompute.dylib
0x00000001a6590000 	/System/Library/PrivateFrameworks/AVFCore.framework/Versions/A/AVFCore
0x00000001afdb5000 	/System/Library/PrivateFrameworks/AVFCapture.framework/Versions/A/AVFCapture
0x0000000242c98000 	/System/Library/PrivateFrameworks/CMImaging.framework/Versions/A/CMImaging
0x00000001afff7000 	/System/Library/PrivateFrameworks/Quagga.framework/Versions/A/Quagga
0x00000001b0128000 	/System/Library/PrivateFrameworks/CMCapture.framework/Versions/A/CMCapture
0x00000001a0456000 	/System/Library/Frameworks/CoreMediaIO.framework/Versions/A/CoreMediaIO
0x0000000242bd3000 	/System/Library/PrivateFrameworks/CMCaptureDevice.framework/Versions/A/CMCaptureDevice
0x000000019de2b000 	/System/Library/PrivateFrameworks/CoreBrightness.framework/Versions/A/CoreBrightness
0x0000000243d5c000 	/System/Library/PrivateFrameworks/CinematicFraming.framework/Versions/A/CinematicFraming
0x00000002664ae000 	/System/Library/PrivateFrameworks/ModelManagerServices.framework/Versions/A/ModelManagerServices
0x00000001d40aa000 	/System/Library/PrivateFrameworks/CPMS.framework/Versions/A/CPMS
0x000000027dcfb000 	/System/Library/PrivateFrameworks/SystemStatus.framework/Versions/A/SystemStatus
0x00000001b7ffd000 	/System/Library/Frameworks/CoreMotion.framework/Versions/A/CoreMotion
0x00000001c85ca000 	/System/Library/PrivateFrameworks/TimeSync.framework/Versions/A/TimeSync
0x000000024c6e1000 	/System/Library/PrivateFrameworks/DistributedSensing.framework/Versions/A/DistributedSensing
0x00000001c39bf000 	/System/Library/PrivateFrameworks/MobileBluetooth.framework/Versions/A/MobileBluetooth
0x00000001ca288000 	/System/Library/PrivateFrameworks/IOKitten.framework/Versions/A/IOKitten
0x000000023fe8c000 	/System/Library/PrivateFrameworks/AppleIntelligenceReporting.framework/Versions/A/AppleIntelligenceReporting
0x000000019b012000 	/System/Library/PrivateFrameworks/CoreEmoji.framework/Versions/A/CoreEmoji
0x000000018d8a1000 	/usr/lib/libCRFSuite.dylib
0x000000018eb81000 	/System/Library/PrivateFrameworks/LanguageModeling.framework/Versions/A/LanguageModeling
0x0000000199d25000 	/System/Library/PrivateFrameworks/CoreNLP.framework/Versions/A/CoreNLP
0x0000000193af7000 	/System/Library/PrivateFrameworks/Montreal.framework/Versions/A/Montreal
0x000000019c182000 	/usr/lib/libcmph.dylib
0x000000019b3a9000 	/usr/lib/libmecab.dylib
0x000000019c2f3000 	/usr/lib/libThaiTokenizer.dylib
0x0000000257516000 	/System/Library/PrivateFrameworks/GenerativeModelsFoundation.framework/Versions/A/GenerativeModelsFoundation
0x0000000280ad8000 	/System/Library/PrivateFrameworks/TokenGeneration.framework/Versions/A/TokenGeneration
0x00000002572ea000 	/System/Library/PrivateFrameworks/GenerativeFunctions.framework/Versions/A/GenerativeFunctions
0x0000000257338000 	/System/Library/PrivateFrameworks/GenerativeFunctionsFoundation.framework/Versions/A/GenerativeFunctionsFoundation
0x0000000266174000 	/System/Library/PrivateFrameworks/ModelCatalog.framework/Versions/A/ModelCatalog
0x000000027331a000 	/System/Library/PrivateFrameworks/SensitiveContentAnalysisML.framework/Versions/A/SensitiveContentAnalysisML
0x00000002573ce000 	/System/Library/PrivateFrameworks/GenerativeFunctionsInstrumentation.framework/Versions/A/GenerativeFunctionsInstrumentation
0x0000000270192000 	/System/Library/PrivateFrameworks/PromptKit.framework/Versions/A/PromptKit
0x000000026fba9000 	/System/Library/PrivateFrameworks/ProactiveDaemonSupport.framework/Versions/A/ProactiveDaemonSupport
0x0000000280d10000 	/System/Library/PrivateFrameworks/TokenGenerationCore.framework/Versions/A/TokenGenerationCore
0x00000001ba08a000 	/System/Library/PrivateFrameworks/Trial.framework/Versions/A/Trial
0x00000001ba00b000 	/System/Library/PrivateFrameworks/TrialProto.framework/Versions/A/TrialProto
0x000000023fab8000 	/System/Library/PrivateFrameworks/AppleFlatBuffers.framework/Versions/A/AppleFlatBuffers
0x00000002735ea000 	/System/Library/PrivateFrameworks/SentencePieceInternal.framework/Versions/A/SentencePieceInternal
0x00000001a4b35000 	/System/Library/Frameworks/Vision.framework/Versions/A/Vision
0x000000024aea5000 	/System/Library/PrivateFrameworks/CoreSceneUnderstanding.framework/Versions/A/CoreSceneUnderstanding
0x0000000285950000 	/System/Library/PrivateFrameworks/VisionCore.framework/Versions/A/VisionCore
0x00000001c294d000 	/System/Library/Frameworks/Vision.framework/libfaceCore.dylib
0x00000001c3467000 	/System/Library/PrivateFrameworks/Futhark.framework/Versions/A/Futhark
0x00000001c73a7000 	/System/Library/PrivateFrameworks/InertiaCam.framework/Versions/A/InertiaCam
0x00000001c31f4000 	/System/Library/PrivateFrameworks/TextRecognition.framework/Versions/A/TextRecognition
0x000000019d88d000 	/System/Library/PrivateFrameworks/CVNLP.framework/Versions/A/CVNLP
0x00000001df9e3000 	/System/Library/PrivateFrameworks/HIDDisplay.framework/Versions/A/HIDDisplay
0x000000019e985000 	/System/Library/Frameworks/ApplicationServices.framework/Versions/A/Frameworks/ATSUI.framework/Versions/A/ATSUI
0x00000001a063a000 	/usr/lib/libcups.2.dylib
0x00000001a06d0000 	/System/Library/Frameworks/Kerberos.framework/Versions/A/Kerberos
0x00000001a0341000 	/usr/lib/libresolv.9.dylib
0x000000019dd46000 	/System/Library/PrivateFrameworks/Heimdal.framework/Versions/A/Heimdal
0x00000001a94ae000 	/System/Library/Frameworks/Kerberos.framework/Versions/A/Libraries/libHeimdalProxy.dylib
0x00000001a0734000 	/System/Library/PrivateFrameworks/CommonAuth.framework/Versions/A/CommonAuth
0x00000001b23a7000 	/System/Library/PrivateFrameworks/AXCoreUtilities.framework/Versions/A/AXCoreUtilities
0x000000028ef6c000 	/usr/lib/libAXSafeCategoryBundle.dylib
0x0000000239eea000 	/System/Library/Frameworks/TabularData.framework/Versions/A/TabularData
0x0000000240d38000 	/System/Library/PrivateFrameworks/ArgumentParserInternal.framework/Versions/A/ArgumentParserInternal
0x000000019aed4000 	/System/Library/Frameworks/Accelerate.framework/Versions/A/Frameworks/vecLib.framework/Versions/A/libvDSP.dylib
0x000000019c442000 	/System/Library/Frameworks/Accelerate.framework/Versions/A/Frameworks/vecLib.framework/Versions/A/libLAPACK.dylib
0x000000019b40b000 	/System/Library/Frameworks/Accelerate.framework/Versions/A/Frameworks/vecLib.framework/Versions/A/libLinearAlgebra.dylib
0x000000019c339000 	/System/Library/Frameworks/Accelerate.framework/Versions/A/Frameworks/vecLib.framework/Versions/A/libSparseBLAS.dylib
0x000000019c43d000 	/System/Library/Frameworks/Accelerate.framework/Versions/A/Frameworks/vecLib.framework/Versions/A/libQuadrature.dylib
0x0000000199e4c000 	/System/Library/Frameworks/Accelerate.framework/Versions/A/Frameworks/vecLib.framework/Versions/A/libBNNS.dylib
0x000000018d69f000 	/System/Library/Frameworks/Accelerate.framework/Versions/A/Frameworks/vecLib.framework/Versions/A/libSparse.dylib
0x00000001a0699000 	/System/Library/PrivateFrameworks/NetAuth.framework/Versions/A/NetAuth
0x0000000196d2e000 	/System/Library/PrivateFrameworks/login.framework/Versions/A/Frameworks/loginsupport.framework/Versions/A/loginsupport
0x000000019b373000 	/usr/lib/libCheckFix.dylib
0x0000000195eb4000 	/System/Library/PrivateFrameworks/MetadataUtilities.framework/Versions/A/MetadataUtilities
0x000000025b4fc000 	/System/Library/PrivateFrameworks/InstalledContentLibrary.framework/Versions/A/InstalledContentLibrary
0x000000019060a000 	/System/Library/PrivateFrameworks/CoreServicesStore.framework/Versions/A/CoreServicesStore
0x00000001ccedf000 	/System/Library/PrivateFrameworks/MobileSystemServices.framework/Versions/A/MobileSystemServices
0x000000019d712000 	/usr/lib/libxslt.1.dylib
0x000000019b332000 	/System/Library/PrivateFrameworks/BackgroundTaskManagement.framework/Versions/A/BackgroundTaskManagement
0x00000001a8b40000 	/usr/lib/libcurl.4.dylib
0x000000028fc70000 	/usr/lib/libcrypto.46.dylib
0x000000029080f000 	/usr/lib/libssl.48.dylib
0x00000001a881a000 	/System/Library/Frameworks/LDAP.framework/Versions/A/LDAP
0x00000001a8856000 	/System/Library/PrivateFrameworks/TrustEvaluationAgent.framework/Versions/A/TrustEvaluationAgent
0x00000001a035e000 	/usr/lib/libsasl2.2.dylib
0x00000001b64d0000 	/usr/lib/swift/libswiftCoreGraphics.dylib
0x00000001a51cf000 	/usr/lib/swift/libswiftFoundation.dylib
0x00000001f0a8d000 	/usr/lib/swift/libswiftSwiftOnoneSupport.dylib
0x0000000290ebd000 	/usr/lib/swift/libswiftsys_time.dylib
0x00000001db6c2000 	/System/Library/PrivateFrameworks/CoreMaterial.framework/Versions/A/CoreMaterial
0x000000028f468000 	/usr/lib/libSpatial.dylib
0x000000028ee89000 	/System/Library/SubFrameworks/UIUtilities.framework/Versions/A/UIUtilities
0x0000000108088000 	/Users/sergiy/.sdkman/candidates/java/21.0.7-tem/lib/server/libjvm.dylib
0x0000000102544000 	/Users/sergiy/.sdkman/candidates/java/21.0.7-tem/lib/libjimage.dylib
0x00000001025c8000 	/Users/sergiy/.sdkman/candidates/java/21.0.7-tem/lib/libjava.dylib
0x0000000107d04000 	/Users/sergiy/.sdkman/candidates/java/21.0.7-tem/lib/libnio.dylib
0x0000000107d24000 	/Users/sergiy/.sdkman/candidates/java/21.0.7-tem/lib/libnet.dylib
0x0000000107d68000 	/Users/sergiy/.sdkman/candidates/java/21.0.7-tem/lib/libzip.dylib
0x0000000102804000 	/Users/sergiy/.sdkman/candidates/java/21.0.7-tem/lib/libmanagement.dylib
0x0000000107d40000 	/Users/sergiy/.sdkman/candidates/java/21.0.7-tem/lib/libmanagement_ext.dylib
0x00000001025bc000 	/private/var/folders/7r/gdqqn_1d37s964k2rztctfv00000gn/T/.sbt-861440211/ipcsocket/libsbtipcsocket2648928962999480570.dylib
0x0000000107d54000 	/Users/sergiy/.sdkman/candidates/java/21.0.7-tem/lib/libextnet.dylib
0x0000000102688000 	/private/var/folders/7r/gdqqn_1d37s964k2rztctfv00000gn/T/.sbt8baa7cf6/swoval/swoval-jni/10010758317901540017-libswoval-files0.dylib
0x00000001b7ffc000 	/System/Library/Frameworks/Carbon.framework/Versions/A/Carbon
0x00000001ae1be000 	/System/Library/Frameworks/Carbon.framework/Versions/A/Frameworks/CommonPanels.framework/Versions/A/CommonPanels
0x00000001a8b2b000 	/System/Library/Frameworks/Carbon.framework/Versions/A/Frameworks/Help.framework/Versions/A/Help
0x00000001ae1c2000 	/System/Library/Frameworks/Carbon.framework/Versions/A/Frameworks/ImageCapture.framework/Versions/A/ImageCapture
0x00000001ae19d000 	/System/Library/Frameworks/Carbon.framework/Versions/A/Frameworks/OpenScripting.framework/Versions/A/OpenScripting
0x00000001ae1bd000 	/System/Library/Frameworks/Carbon.framework/Versions/A/Frameworks/Ink.framework/Versions/A/Ink
0x00000001ae1ba000 	/System/Library/Frameworks/Carbon.framework/Versions/A/Frameworks/SecurityHI.framework/Versions/A/SecurityHI
0x000000028f2dc000 	/usr/lib/libInterpreterSecurity.dylib
0x00000001cec5c000 	/System/Library/PrivateFrameworks/XprotectFramework.framework/Versions/A/XprotectFramework
0x00000001b17b8000 	/System/Library/PrivateFrameworks/yara.framework/Versions/A/yara
0x000000028f259000 	/usr/lib/libEndpointSecuritySystem.dylib
0x0000000107e3c000 	/Users/sergiy/.sdkman/candidates/java/21.0.7-tem/lib/libverify.dylib


VM Arguments:
jvm_args: -Xmx6g -Xss8m -XX:MaxMetaspaceSize=1g -Dsbt.script=/Users/sergiy/Library/Caches/Coursier/arc/https/github.com/sbt/sbt/releases/download/v2.0.1/sbt-2.0.1.zip/sbt/bin/sbt -Dscala.ext.dirs=/Users/sergiy/.sbt/1.0/java9-rt-ext-eclipse_adoptium_21_0_7 
java_command: /Users/sergiy/Library/Caches/Coursier/arc/https/github.com/sbt/sbt/releases/download/v2.0.1/sbt-2.0.1.zip/sbt/bin/sbt-launch.jar okayHttpJVM/test okayJS/test okayJVM/test okayJava/test okayJdbc/test okayJetty/test okayKafka/test okayKyo/test okayLangchain4j/test
java_class_path (initial): /Users/sergiy/Library/Caches/Coursier/arc/https/github.com/sbt/sbt/releases/download/v2.0.1/sbt-2.0.1.zip/sbt/bin/sbt-launch.jar
Launcher Type: SUN_STANDARD

[Global flags]
     intx CICompilerCount                          = 4                                         {product} {ergonomic}
   size_t CompressedClassSpaceSize                 = 872415232                                 {product} {ergonomic}
     uint ConcGCThreads                            = 3                                         {product} {ergonomic}
     uint G1ConcRefinementThreads                  = 11                                        {product} {ergonomic}
   size_t G1HeapRegionSize                         = 4194304                                   {product} {ergonomic}
    uintx GCDrainStackTargetSize                   = 64                                        {product} {ergonomic}
   size_t InitialHeapSize                          = 603979776                                 {product} {ergonomic}
   size_t MarkStackSize                            = 4194304                                   {product} {ergonomic}
   size_t MaxHeapSize                              = 6442450944                                {product} {command line}
   size_t MaxMetaspaceSize                         = 1073741824                                {product} {command line}
   size_t MaxNewSize                               = 3862953984                                {product} {ergonomic}
   size_t MinHeapDeltaBytes                        = 4194304                                   {product} {ergonomic}
   size_t MinHeapSize                              = 8388608                                   {product} {ergonomic}
    uintx NonNMethodCodeHeapSize                   = 5839564                                {pd product} {ergonomic}
    uintx NonProfiledCodeHeapSize                  = 122909338                              {pd product} {ergonomic}
    uintx ProfiledCodeHeapSize                     = 122909338                              {pd product} {ergonomic}
    uintx ReservedCodeCacheSize                    = 251658240                              {pd product} {ergonomic}
     bool SegmentedCodeCache                       = true                                      {product} {ergonomic}
   size_t SoftMaxHeapSize                          = 6442450944                             {manageable} {ergonomic}
     intx ThreadStackSize                          = 8192                                   {pd product} {command line}
     bool UseCompressedOops                        = true                           {product lp64_product} {ergonomic}
     bool UseG1GC                                  = true                                      {product} {ergonomic}
     bool UseNUMA                                  = false                                     {product} {ergonomic}
     bool UseNUMAInterleaving                      = false                                     {product} {ergonomic}

Logging:
Log output configuration:
 #0: stdout all=warning uptime,level,tags foldmultilines=false
 #1: stderr all=off uptime,level,tags foldmultilines=false

Environment Variables:
JAVA_HOME=/Users/sergiy/.sdkman/candidates/java/current
PATH=/Users/sergiy/.opencode/bin:/Users/sergiy/.local/bin:/Users/sergiy/.sdkman/candidates/java/current/bin:/Users/sergiy/.cabal/bin:/Users/sergiy/.ghcup/bin:/opt/homebrew/bin:/opt/homebrew/sbin:/usr/local/bin:/System/Cryptexes/App/usr/bin:/usr/bin:/bin:/usr/sbin:/sbin:/var/run/com.apple.security.cryptexd/codex.system/bootstrap/usr/local/bin:/var/run/com.apple.security.cryptexd/codex.system/bootstrap/usr/bin:/var/run/com.apple.security.cryptexd/codex.system/bootstrap/usr/appleinternal/bin:/pkg/env/global/bin:/Library/Apple/usr/bin:/nix/var/nix/profiles/default/bin:/Users/sergiy/.cargo/bin:/Applications/Ghostty.app/Contents/MacOS:/Users/sergiy/Library/Application Support/Coursier/bin:/Applications/Visual Studio Code.app/Contents/Resources/app/bin:/Users/sergiy/.local/bin/:/Users/sergiy/.lmstudio/bin:/Users/sergiy/.claude/plugins/cache/claude-code-plugins/feature-dev/1.0.0/bin:/Users/sergiy/.claude/plugins/cache/claude-plugins-official/rust-analyzer-lsp/1.0.0/bin:/Users/sergiy/.claude/plugins/cache/claude-plugins-official/frontend-design/e18ff5086423/bin
SHELL=/bin/zsh
LANG=en_US.UTF-8
TERM=xterm-ghostty
TMPDIR=/var/folders/7r/gdqqn_1d37s964k2rztctfv00000gn/T/

Active Locale:
LC_ALL=en_US.UTF-8
LC_COLLATE=en_US.UTF-8
LC_CTYPE=en_US.UTF-8
LC_MESSAGES=en_US.UTF-8
LC_MONETARY=en_US.UTF-8
LC_NUMERIC=en_US.UTF-8
LC_TIME=en_US.UTF-8

Signal Handlers:
   SIGSEGV: crash_handler in libjvm.dylib, mask=11100110000111110111111111111111, flags=SA_ONSTACK|SA_RESTART|SA_SIGINFO, unblocked
    SIGBUS: crash_handler in libjvm.dylib, mask=11100110000111110111111111111111, flags=SA_RESTART|SA_SIGINFO, unblocked
    SIGFPE: crash_handler in libjvm.dylib, mask=11100110000111110111111111111111, flags=SA_RESTART|SA_SIGINFO, unblocked
   SIGPIPE: javaSignalHandler in libjvm.dylib, mask=11100110000111110111111111111111, flags=SA_RESTART|SA_SIGINFO, blocked
   SIGXFSZ: javaSignalHandler in libjvm.dylib, mask=11100110000111110111111111111111, flags=SA_RESTART|SA_SIGINFO, blocked
    SIGILL: crash_handler in libjvm.dylib, mask=11100110000111110111111111111111, flags=SA_RESTART|SA_SIGINFO, unblocked
   SIGUSR2: SR_handler in libjvm.dylib, mask=00000000000000000000000000000000, flags=SA_RESTART|SA_SIGINFO, blocked
    SIGHUP: UserHandler in libjvm.dylib, mask=11100110000111110111111111111111, flags=SA_RESTART|SA_SIGINFO, blocked
    SIGINT: UserHandler in libjvm.dylib, mask=11100110000111110111111111111111, flags=SA_RESTART|SA_SIGINFO, blocked
   SIGTERM: UserHandler in libjvm.dylib, mask=11100110000111110111111111111111, flags=SA_RESTART|SA_SIGINFO, blocked
   SIGQUIT: UserHandler in libjvm.dylib, mask=11100110000111110111111111111111, flags=SA_RESTART|SA_SIGINFO, blocked
   SIGTRAP: crash_handler in libjvm.dylib, mask=11100110000111110111111111111111, flags=SA_RESTART|SA_SIGINFO, unblocked


Periodic native trim disabled

---------------  S Y S T E M  ---------------

OS:
uname: Darwin 25.5.0 Darwin Kernel Version 25.5.0: Tue Jun  9 22:28:34 PDT 2026; root:xnu-12377.121.10~1/RELEASE_ARM64_T6041 arm64
OS uptime: 36 days 10:54 hours
rlimit (soft/hard): STACK 8176k/65520k , CORE 0k/infinity , NPROC 6000/9000 , NOFILE 1048576/infinity , AS infinity/infinity , CPU infinity/infinity , DATA infinity/infinity , FSIZE infinity/infinity , MEMLOCK infinity/infinity , RSS infinity/infinity
load average: 4.54 7.01 7.87

CPU: total 14 (initial active 14) 0x61:0x0:0x17d5b93a:0, fp, asimd, aes, pmull, sha1, sha256, crc32, lse, sha3, sha512
machdep.cpu.brand_string:Apple M4 Max
hw.cachelinesize:128
hw.l1icachesize:131072
hw.l1dcachesize:65536
hw.l2cachesize:4194304

Memory: 16k page, physical 37748736k(11974192k free), swap 3145728k(1672768k free)

vm_info: OpenJDK 64-Bit Server VM (21.0.7+6-LTS) for bsd-aarch64 JRE (21.0.7+6-LTS), built on 2025-04-15T00:00:00Z by "admin" with clang Apple LLVM 15.0.0 (clang-1500.1.0.2.5)

END.
